CREATE DATABASE  IF NOT EXISTS `appropriation_isp` /*!40100 DEFAULT CHARACTER SET latin1 */;
USE `appropriation_isp`;
-- MySQL dump 10.13  Distrib 5.6.17, for Win64 (x86_64)
--
-- Host: localhost    Database: appropriation_isp
-- ------------------------------------------------------
-- Server version	5.6.17

/*!40101 SET @OLD_CHARACTER_SET_CLIENT=@@CHARACTER_SET_CLIENT */;
/*!40101 SET @OLD_CHARACTER_SET_RESULTS=@@CHARACTER_SET_RESULTS */;
/*!40101 SET @OLD_COLLATION_CONNECTION=@@COLLATION_CONNECTION */;
/*!40101 SET NAMES utf8 */;
/*!40103 SET @OLD_TIME_ZONE=@@TIME_ZONE */;
/*!40103 SET TIME_ZONE='+00:00' */;
/*!40014 SET @OLD_UNIQUE_CHECKS=@@UNIQUE_CHECKS, UNIQUE_CHECKS=0 */;
/*!40014 SET @OLD_FOREIGN_KEY_CHECKS=@@FOREIGN_KEY_CHECKS, FOREIGN_KEY_CHECKS=0 */;
/*!40101 SET @OLD_SQL_MODE=@@SQL_MODE, SQL_MODE='NO_AUTO_VALUE_ON_ZERO' */;
/*!40111 SET @OLD_SQL_NOTES=@@SQL_NOTES, SQL_NOTES=0 */;

--
-- Table structure for table `acc_types`
--

DROP TABLE IF EXISTS `acc_types`;
/*!40101 SET @saved_cs_client     = @@character_set_client */;
/*!40101 SET character_set_client = utf8 */;
CREATE TABLE `acc_types` (
  `id` int(11) NOT NULL AUTO_INCREMENT,
  `name` varchar(90) NOT NULL,
  `state` int(11) NOT NULL,
  `user_id` int(11) NOT NULL,
  `creation_date` datetime NOT NULL,
  `modification_date` timestamp NOT NULL DEFAULT CURRENT_TIMESTAMP ON UPDATE CURRENT_TIMESTAMP,
  PRIMARY KEY (`id`),
  UNIQUE KEY `name` (`name`),
  KEY `user_id` (`user_id`),
  CONSTRAINT `acc_types_ibfk_1` FOREIGN KEY (`user_id`) REFERENCES `users` (`id_user`) ON UPDATE CASCADE
) ENGINE=InnoDB AUTO_INCREMENT=13 DEFAULT CHARSET=latin1;
/*!40101 SET character_set_client = @saved_cs_client */;

--
-- Dumping data for table `acc_types`
--

LOCK TABLES `acc_types` WRITE;
/*!40000 ALTER TABLE `acc_types` DISABLE KEYS */;
INSERT INTO `acc_types` VALUES (0,'No asignado',1,12,'2015-05-07 00:00:00','2015-05-22 15:27:45'),(2,'Aula Abierta',1,0,'0000-00-00 00:00:00','2015-05-25 13:11:17'),(3,'Curso, taller o charla',0,0,'0000-00-00 00:00:00','2015-05-22 15:30:29'),(4,'Gestor TIC',1,0,'0000-00-00 00:00:00','2015-05-25 13:11:11'),(5,'Estudiantes del Pascual Bravo',0,0,'0000-00-00 00:00:00','2015-05-22 15:30:29'),(6,'Certificación',0,0,'0000-00-00 00:00:00','2015-05-25 13:11:42'),(7,'Intervención sitio',0,0,'0000-00-00 00:00:00','2015-05-22 15:30:29'),(8,'Kit de inclusion digital',1,0,'0000-00-00 00:00:00','2015-05-25 13:11:30'),(9,'Laboratorios comunitarios',0,0,'0000-00-00 00:00:00','2015-05-22 15:30:29'),(10,'Otros',0,0,'0000-00-00 00:00:00','2015-05-22 15:30:29'),(11,'Practicantes',1,0,'0000-00-00 00:00:00','2015-05-25 13:11:54'),(12,'Sensibilización',0,0,'0000-00-00 00:00:00','2015-05-22 15:30:29');
/*!40000 ALTER TABLE `acc_types` ENABLE KEYS */;
UNLOCK TABLES;

--
-- Table structure for table `accompaniments`
--

DROP TABLE IF EXISTS `accompaniments`;
/*!40101 SET @saved_cs_client     = @@character_set_client */;
/*!40101 SET character_set_client = utf8 */;
CREATE TABLE `accompaniments` (
  `id_accompaniment` int(11) NOT NULL AUTO_INCREMENT,
  `accompaniment_date` date NOT NULL,
  `accompaniment_title` varchar(50) NOT NULL,
  `accompaniment_description` text NOT NULL,
  `participant_number` int(11) NOT NULL,
  `accompaniment_adjunct` varchar(256) NOT NULL,
  `accompaniment_adjunct1` varchar(256) NOT NULL,
  `accompaniment_adjunct2` varchar(256) NOT NULL,
  `dir` varchar(80) NOT NULL,
  `accompaniment_type_id` int(11) NOT NULL,
  `site_id` int(11) NOT NULL,
  `user_id` int(11) NOT NULL,
  `creation_date` datetime NOT NULL,
  `modification_date` timestamp NOT NULL DEFAULT '0000-00-00 00:00:00' ON UPDATE CURRENT_TIMESTAMP,
  PRIMARY KEY (`id_accompaniment`),
  KEY `site_id` (`site_id`),
  KEY `user_id` (`user_id`),
  KEY `accompaniment_type_id` (`accompaniment_type_id`),
  CONSTRAINT `accompaniments_ibfk_3` FOREIGN KEY (`accompaniment_type_id`) REFERENCES `acc_types` (`id`) ON UPDATE CASCADE,
  CONSTRAINT `accompaniments_ibfk_4` FOREIGN KEY (`user_id`) REFERENCES `users` (`id_user`) ON UPDATE CASCADE,
  CONSTRAINT `accompaniments_ibfk_5` FOREIGN KEY (`site_id`) REFERENCES `sites` (`id_site`) ON UPDATE CASCADE
) ENGINE=InnoDB AUTO_INCREMENT=606 DEFAULT CHARSET=latin1;
/*!40101 SET character_set_client = @saved_cs_client */;

--
-- Dumping data for table `accompaniments`
--

LOCK TABLES `accompaniments` WRITE;
/*!40000 ALTER TABLE `accompaniments` DISABLE KEYS */;
INSERT INTO `accompaniments` VALUES (60,'2014-01-30','','Visita de seguimiento al Centro de Servicios ',3,'CS_Robledo.jpg','','','uploads/accompaniment/accompaniment_adjunct',7,273,0,'0000-00-00 00:00:00','2015-05-22 15:30:29'),(61,'2014-02-27','','Se realizó una intervención en ',4,'','','','',11,439,0,'0000-00-00 00:00:00','2015-05-22 15:30:29'),(62,'2014-02-27','','Toma de sitio registro de un usuario. Se inda',1,'','','','',7,290,0,'0000-00-00 00:00:00','2015-05-22 15:30:29'),(63,'2014-02-19','','Toma al punto de navegación Espacio Público',3,'','','','',7,427,0,'0000-00-00 00:00:00','2015-05-22 15:30:29'),(64,'2014-03-19','','Intervención al punto de navegación Espacio',2,'','','','',7,427,0,'0000-00-00 00:00:00','2015-05-22 15:30:29'),(65,'2014-02-20','','Se realizó una intervención en el sitio en ',22,'','','','',7,335,0,'0000-00-00 00:00:00','2015-05-22 15:30:29'),(66,'2014-02-04','','Se pasó al sitio a recoger los registros de ',3,'','','','',10,290,0,'0000-00-00 00:00:00','2015-05-22 15:30:29'),(67,'2014-02-04','','Se pasó a recoger los registros de usuario d',1,'','','','',10,349,0,'0000-00-00 00:00:00','2015-05-22 15:30:29'),(68,'2014-02-13','','Se realizo intervención en el sitio, lamenta',0,'','','','',7,334,0,'0000-00-00 00:00:00','2015-05-22 15:30:29'),(69,'2014-02-04','','Se pasó al punto de navegación a recoger lo',0,'','','','',10,334,0,'0000-00-00 00:00:00','2015-05-22 15:30:29'),(70,'2014-07-16','','Charla sobre Gobierno en Línea para jóvenes',33,'','','','',3,229,0,'0000-00-00 00:00:00','2015-05-22 15:30:29'),(71,'2014-02-03','','Reunión con Idaly Úsuga, estudiante benefic',1,'','','','',4,169,0,'0000-00-00 00:00:00','2015-05-22 15:30:29'),(72,'2014-06-04','','Seguimiento y recolección de los indicadores',1,'','','','',7,439,0,'0000-00-00 00:00:00','2015-05-22 15:30:29'),(73,'2014-01-28','','Visita a la Casa de Gobierno San Cristóbal p',3,'Casa_Gobierno_San_Cristobal_1.JPG','Punto_de_Navegacion_San_Cristobal_1.JPG','P1040941.JPG','uploads/accompaniment/accompaniment_adjunct',7,269,0,'0000-00-00 00:00:00','2015-05-22 15:30:29'),(74,'2014-02-13','','Se realizó una intervención en el punto de ',3,'','','','',7,362,0,'0000-00-00 00:00:00','2015-05-22 15:30:29'),(75,'2014-02-06','','Se realizó una intervención en el punto de ',0,'','','','',7,336,0,'0000-00-00 00:00:00','2015-05-22 15:30:29'),(76,'2014-02-11','','Reunión con estudiantes beneficiarios de PP ',3,'','','','',4,169,0,'0000-00-00 00:00:00','2015-05-22 15:30:29'),(77,'2014-02-11','','Encuentro con la Mesa Ambiental, la Asociaci',25,'Mesa_Ambiental_Asociacion_de_recuperadores_ED','','','uploads/accompaniment/accompaniment_adjunct',10,272,0,'0000-00-00 00:00:00','2015-05-22 15:30:29'),(78,'2014-02-12','','Se realizó intervención en el punto de nave',0,'','','','',11,333,0,'0000-00-00 00:00:00','2015-05-22 15:30:29'),(79,'2014-02-13','','Se realizó una intervención en el punto de ',0,'','','','',7,332,0,'0000-00-00 00:00:00','2015-05-22 15:30:29'),(80,'2014-04-04','','Se pasó a recoger los registros de usuarios.',1,'','','','',10,334,0,'0000-00-00 00:00:00','2015-05-22 15:30:29'),(81,'2014-04-04','','Se pasó al sitio a devolver las planillas de',1,'','','','',10,334,0,'0000-00-00 00:00:00','2015-05-22 15:30:29'),(82,'2014-04-01','','Recolección de indicadores del sitio, por ot',5,'','','','',10,362,0,'0000-00-00 00:00:00','2015-05-22 15:30:29'),(83,'2014-04-01','','Se pasó al punto de navegación a recoger lo',4,'','','','',10,439,0,'0000-00-00 00:00:00','2015-05-22 15:30:29'),(84,'2014-04-01','','Recolección de indicadores del punto de nave',1,'','','','',10,438,0,'0000-00-00 00:00:00','2015-05-22 15:30:29'),(85,'2014-06-06','Acompañamiento a taller','Entrega de constancias pendientes a los participantes de taller',2,'','','','',3,335,0,'0000-00-00 00:00:00','2015-05-29 15:26:14'),(86,'2014-04-02','','Se realizó seguimiento a la estudiante de pp',1,'','','','',4,438,0,'0000-00-00 00:00:00','2015-05-22 15:30:29'),(87,'2014-03-25','','Seguimiento al nuevo sitio Arví. Se han teni',3,'','','','',10,317,0,'0000-00-00 00:00:00','2015-05-22 15:30:29'),(88,'2014-06-03','','No se pudo realizar la charla, por limitacion',1,'','','','',3,137,0,'0000-00-00 00:00:00','2015-05-22 15:30:29'),(89,'2014-04-03','','Intervención en sitio en la cual se atendier',6,'','','','',7,335,0,'0000-00-00 00:00:00','2015-05-22 15:30:29'),(90,'2014-06-04','','Se realizó seguimiento y acompañamiento al ',2,'','','','',11,194,0,'0000-00-00 00:00:00','2015-05-22 15:30:29'),(91,'2014-04-02','','Recolección de indicadores (faltan registros',1,'','','','',10,332,0,'0000-00-00 00:00:00','2015-05-22 15:30:29'),(92,'2014-06-04','','Se realizó seguimiento con la funcionaria pa',1,'','','','',10,349,0,'0000-00-00 00:00:00','2015-05-22 15:30:29'),(93,'2014-06-04','','Se realizó visita de seguimiento al funciona',1,'','','','',10,348,0,'0000-00-00 00:00:00','2015-05-22 15:30:29'),(94,'2014-04-03','','Se recogieron los indicadores del sitio y se ',1,'','','','',10,336,0,'0000-00-00 00:00:00','2015-05-22 15:30:29'),(95,'2014-06-04','','Visita de seguimiento al funcionamiento del p',2,'','','','',10,333,0,'0000-00-00 00:00:00','2015-05-22 15:30:29'),(96,'2014-06-10','','Sensibilización kit de inclusión digital a ',76,'','','','',12,360,0,'0000-00-00 00:00:00','2015-05-22 15:30:29'),(97,'2014-06-10','','Devolución de los registros de uso de los eq',1,'','','','',10,334,0,'0000-00-00 00:00:00','2015-05-22 15:30:29'),(98,'2014-03-28','','Acompañamiento al proyecto de  personas sord',14,'20140328_143752.jpg','20140328_143849.jpg','','uploads/accompaniment/accompaniment_adjunct',3,193,0,'0000-00-00 00:00:00','2015-05-22 15:30:29'),(99,'2014-06-05','','Instrucción sobre el apoyo de los procesos d',5,'','','','',4,362,0,'0000-00-00 00:00:00','2015-05-22 15:30:29'),(100,'2014-06-11','','Acompañamiento al practicante y estudiante d',3,'','','','',3,290,0,'0000-00-00 00:00:00','2015-05-22 15:30:29'),(101,'2014-03-04','','Recolección del registro de uso. Revisión d',0,'','','','',7,439,0,'0000-00-00 00:00:00','2015-05-22 15:30:29'),(102,'2014-03-21','','Reconocimiento del punto de navegación de la',2,'','','','',11,439,0,'0000-00-00 00:00:00','2015-05-22 15:30:29'),(103,'2014-03-12','','Se realizó una sensibilización con los estu',4,'','','','',12,438,0,'0000-00-00 00:00:00','2015-05-22 15:30:29'),(104,'2014-03-20','','Entrega de registro de usos para el punto de ',1,'','','','',7,438,0,'0000-00-00 00:00:00','2015-05-22 15:30:29'),(106,'2014-03-26','','Reunión con el líder de servicio para prese',4,'','','','',4,438,0,'0000-00-00 00:00:00','2015-05-22 15:30:29'),(107,'2014-03-11','','Atención a 13 usuarios en el punto de navega',13,'Comuna_13_CAV_Belencito_Intervencion_marzo.jp','20140311_093216.jpg','','uploads/accompaniment/accompaniment_adjunct',7,335,0,'0000-00-00 00:00:00','2015-05-22 15:30:29'),(108,'2014-03-14','','Atención a 7 usuarios en el punto de navegac',7,'','','','',7,335,0,'0000-00-00 00:00:00','2015-05-22 15:30:29'),(109,'2014-03-25','','Recolección de indicadores en el sitio, segu',3,'','','','',10,296,0,'0000-00-00 00:00:00','2015-05-22 15:30:29'),(110,'2014-03-06','','Se llevó a cabo la toma de sitio, en donde s',14,'','','','',7,334,0,'0000-00-00 00:00:00','2015-05-22 15:30:29'),(111,'2014-06-04','','Visita de seguimiento y recolección de indic',1,'','','','',10,336,0,'0000-00-00 00:00:00','2015-05-22 15:30:29'),(112,'2014-03-12','','Atención a los usuarios en el punto de naveg',5,'','','','',7,362,0,'0000-00-00 00:00:00','2015-05-22 15:30:29'),(113,'2014-03-25','','Acompañamiento a la casa de gobierno con el ',2,'','','','',7,296,0,'0000-00-00 00:00:00','2015-05-22 15:30:29'),(114,'2014-03-25','','Conversación con residentes de Santa Elena s',4,'','','','',10,319,0,'0000-00-00 00:00:00','2015-05-22 15:30:29'),(115,'2014-02-12','','Reunión con Consuelo Giraldo y su grupo de j',5,'Evolucion_Joven_3.JPG','Evolucion_Joven_4.JPG','','uploads/accompaniment/accompaniment_adjunct',10,272,0,'0000-00-00 00:00:00','2015-05-22 15:30:29'),(116,'2014-03-05','','Se realizó una intervención en sitio y se r',10,'','','','',7,333,0,'0000-00-00 00:00:00','2015-05-22 15:30:29'),(117,'2014-03-20','','Se realizó una intervención en sitio y se r',10,'','','','',7,333,0,'0000-00-00 00:00:00','2015-05-22 15:30:29'),(118,'2014-04-07','','Se trata de ubicar al coordinador y docente e',0,'','','','',10,313,0,'0000-00-00 00:00:00','2015-05-22 15:30:29'),(119,'2014-03-05','','Se realizó una toma de sitio atendiendo a 12',12,'Comuna_70_Casa_de_Gobierno_de_Altavista_Inter','20140305_092115.jpg','','uploads/accompaniment/accompaniment_adjunct',7,333,0,'0000-00-00 00:00:00','2015-05-22 15:30:29'),(120,'2014-03-26','','Acompañamiento practicante en el sitio',2,'','','','',11,332,0,'0000-00-00 00:00:00','2015-05-22 15:30:29'),(121,'2014-01-30','','Charla realizada en el CAV sobre la paginaerfwetferfgdsfgsfgfgsdfgdfgdfg',25,'2014_02_06_09_04_49.jpg','','','uploads/accompaniment/accompaniment_adjunct',3,298,0,'0000-00-00 00:00:00','2015-05-22 15:30:29'),(122,'2014-04-22','','Acompañamiento en aula abierta acordado con ',9,'IMG_20140527_WA0012.jpg','IMG_20140527_WA0011.jpg','IMG_20140527_WA0010.jpg','uploads/accompaniment/accompaniment_adjunct',2,293,0,'0000-00-00 00:00:00','2015-05-22 15:30:29'),(123,'2014-04-07','','Durante este mes y el mes de marzo se ha real',15,'2014_03_04_10_06_27.jpg','IMG_20140304_WA0005.jpg','IMG_20140304_WA0008.jpg','uploads/accompaniment/accompaniment_adjunct',3,163,0,'0000-00-00 00:00:00','2015-05-22 15:30:29'),(124,'2014-06-13','','Se realiza el taller de provocando los sentid',70,'IMG_20140613_WA0003.jpg','IMG_20140613_WA0000.jpg','IMG_20140613_WA0004.jpg','uploads/accompaniment/accompaniment_adjunct',12,163,0,'0000-00-00 00:00:00','2015-05-22 15:30:29'),(125,'2014-05-24','','Participamos en una Semana Para TIC convocado',500,'20140524_091315.jpg','20140524_112455.jpg','20140524_133526.jpg','uploads/accompaniment/accompaniment_adjunct',7,163,0,'0000-00-00 00:00:00','2015-05-22 15:30:29'),(126,'2014-04-01','','Se pasó al sitio para recoger los indicadore',1,'','','','',10,349,0,'0000-00-00 00:00:00','2015-05-22 15:30:29'),(127,'2014-05-07','','Se realizó visita de seguimiento y recolecci',1,'','','','',10,362,0,'0000-00-00 00:00:00','2015-05-22 15:30:29'),(128,'2014-05-07','','Se realizó visita de seguimiento al punto de',1,'','','','',10,439,0,'0000-00-00 00:00:00','2015-05-22 15:30:29'),(129,'2014-05-07','','Se realizó visita de seguimiento y recolecci',4,'','','','',10,438,0,'0000-00-00 00:00:00','2015-05-22 15:30:29'),(130,'2014-05-07','','Acompañamiento y seguimiento al practicante ',0,'','','','',11,193,0,'0000-00-00 00:00:00','2015-05-22 15:30:29'),(131,'2014-05-06','','Acompañamiento a la practicante Luisa en el ',0,'','','','',11,174,0,'0000-00-00 00:00:00','2015-05-22 15:30:29'),(132,'2014-04-01','','Se realizó una intervención en el punto de ',3,'','','','',7,348,0,'0000-00-00 00:00:00','2015-05-22 15:30:29'),(133,'2014-05-05','','Recoger planillas de registro de uso',1,'','','','',10,335,0,'0000-00-00 00:00:00','2015-05-22 15:30:29'),(134,'2014-04-03','','Se realizó intervención en el punto de nave',8,'','','','',7,333,0,'0000-00-00 00:00:00','2015-05-22 15:30:29'),(135,'2014-05-07','','Acompañamiento a Luisa (practicante) curso d',1,'','','','',11,335,0,'0000-00-00 00:00:00','2015-05-22 15:30:29'),(136,'2014-04-03','','Se pasó al sitio por los registros de usuari',1,'','','','',10,333,0,'0000-00-00 00:00:00','2015-05-22 15:30:29'),(137,'2014-05-07','','Recoger planillas de registro de usos en los ',1,'','','','',10,332,0,'0000-00-00 00:00:00','2015-05-22 15:30:29'),(138,'2014-01-22','','Toma de sitio en las horas de la mañana para',15,'Por_mis_derechos.jpg','','','uploads/accompaniment/accompaniment_adjunct',7,321,0,'0000-00-00 00:00:00','2015-05-22 15:30:29'),(139,'2014-05-07','','Se tenia programada una charla de NSN para es',1,'','','','',10,338,0,'0000-00-00 00:00:00','2015-05-22 15:30:29'),(140,'2014-02-13','','Toma de sitio de gobierno en el Centro de Ser',5,'','','','',7,273,0,'0000-00-00 00:00:00','2015-05-22 15:30:29'),(141,'2014-05-05','','Se recogieron los indicadores del sitio de go',1,'','','','',10,349,0,'0000-00-00 00:00:00','2015-05-22 15:30:29'),(142,'2014-05-06','','Se recogieron los indicadores del sitio de go',1,'','','','',10,348,0,'0000-00-00 00:00:00','2015-05-22 15:30:29'),(143,'2014-04-09','','Se realizo un seguimiento a la practicante en',2,'','','','',11,362,0,'0000-00-00 00:00:00','2015-05-22 15:30:29'),(144,'2014-04-01','','Se recogen indicadores y no hay ninguno hasta',0,'','','','',10,427,0,'0000-00-00 00:00:00','2015-05-22 15:30:29'),(145,'2014-02-19','','Seguimiento al kit de inclusión digital y pr',3,'','','','',10,268,0,'0000-00-00 00:00:00','2015-05-22 15:30:29'),(146,'2014-05-09','','Charla de sensibilización del Kit de inclusi',6,'','','','',12,124,0,'0000-00-00 00:00:00','2015-05-22 15:30:29'),(147,'2014-02-27','','Intervención en el punto de navegación para',4,'','','','',7,269,0,'0000-00-00 00:00:00','2015-05-22 15:30:29'),(148,'2014-03-06','','Seguimiento  al punto de navegación, atenci',4,'CS_Robledo1.JPG','P1050141.JPG','','uploads/accompaniment/accompaniment_adjunct',7,273,0,'0000-00-00 00:00:00','2015-05-22 15:30:29'),(149,'2014-04-08','','Acompañamiento al curso de alfabetización p',2,'','','','',3,206,0,'0000-00-00 00:00:00','2015-05-22 15:30:29'),(150,'2014-02-19','','Toma de media jornada en el sitio para acompa',17,'IMG_20140129_WA0015.jpg','','','uploads/accompaniment/accompaniment_adjunct',7,427,0,'0000-00-00 00:00:00','2015-05-22 15:30:29'),(151,'2014-05-13','','Se recogieron los indicadores del mes de Abri',1,'','','','',10,334,0,'0000-00-00 00:00:00','2015-05-22 15:30:29'),(152,'2014-02-20','','Acompañamiento seguimiento de sitio.',6,'IMG_0836.JPG','','','uploads/accompaniment/accompaniment_adjunct',10,427,0,'0000-00-00 00:00:00','2015-05-22 15:30:29'),(153,'2014-05-14','','Acompañamiento a Luisa (practicante) curso d',1,'','','','',3,335,0,'0000-00-00 00:00:00','2015-05-22 15:30:29'),(154,'2014-05-09','','Asistimos a la IE pero no pudimos hablar con ',1,'','','','',10,428,0,'0000-00-00 00:00:00','2015-05-22 15:30:29'),(155,'2014-05-13','','Se paso a recoger los indicadores y se reviso',2,'','','','',10,336,0,'0000-00-00 00:00:00','2015-05-22 15:30:29'),(156,'2014-02-27','','Toma de sitio para acompañamiento y sensibil',32,'IMG_0841.JPG','','','uploads/accompaniment/accompaniment_adjunct',7,306,0,'0000-00-00 00:00:00','2015-05-22 15:30:29'),(157,'2014-02-27','','Toma de sitio para acompañamiento y sensibil',37,'IMG_0568.JPG','','','uploads/accompaniment/accompaniment_adjunct',7,307,0,'0000-00-00 00:00:00','2015-05-22 15:30:29'),(158,'2014-05-13','','Acompañamiento a la primera sesión de talle',0,'','','','',3,175,0,'0000-00-00 00:00:00','2015-05-22 15:30:29'),(159,'2014-05-16','','Se realizo seguimiento al punto de navegació',4,'','','','',11,333,0,'0000-00-00 00:00:00','2015-05-22 15:30:29'),(160,'2014-05-16','','Se paso a invitar a las personas de la biblio',1,'','','','',10,195,0,'0000-00-00 00:00:00','2015-05-22 15:30:29'),(161,'2014-05-23','','Se realizó acompañamiento y asesoría en al',4,'','','','',4,438,0,'0000-00-00 00:00:00','2015-05-22 15:30:29'),(162,'2014-05-21','','Acompañamiento en el cierre del curso avanza',4,'','','','',3,191,0,'0000-00-00 00:00:00','2015-05-22 15:30:29'),(163,'2014-04-21','','Entrega del kit de inclusión digital a la pr',2,'','','','',10,360,0,'0000-00-00 00:00:00','2015-05-22 15:30:29'),(164,'2014-04-25','','Se atendió a 2 usuarios y se les brindo ases',2,'','','','',7,438,0,'0000-00-00 00:00:00','2015-05-22 15:30:29'),(165,'2014-04-25','','Acompañamiento en el inicio del curso de alf',0,'','','','',3,193,0,'0000-00-00 00:00:00','2015-05-22 15:30:29'),(166,'2014-05-13','','Acompañamiento curso IE Alfonso López con p',8,'','','','',3,290,0,'0000-00-00 00:00:00','2015-05-22 15:30:29'),(167,'2014-04-24','','Inicio de curso de alfabetización digital co',10,'','','','',3,176,0,'0000-00-00 00:00:00','2015-05-22 15:30:29'),(168,'2014-05-14','Acompañamiento a taller','Cierre del curso de Marketing Digital en el C',17,'','','','',3,170,0,'0000-00-00 00:00:00','2015-05-29 15:26:53'),(169,'2014-04-23','','acompañamiento en el inicio de los 2 grupos ',0,'','','','',3,191,0,'0000-00-00 00:00:00','2015-05-22 15:30:29'),(170,'2014-05-20','','Se realizo seguimiento al punto de navegació',2,'','','','',7,333,0,'0000-00-00 00:00:00','2015-05-22 15:30:29'),(171,'2014-05-29','','Acompañamiento a un curso de AD y GL con la ',1,'','','','',3,362,0,'0000-00-00 00:00:00','2015-05-22 15:30:29'),(172,'2014-05-29','','Acompañamiento a un curso de AD y GL con la ',0,'','','','',3,176,0,'0000-00-00 00:00:00','2015-05-22 15:30:29'),(173,'2014-04-21','','Se recogen los listados de personas interesad',1,'','','','',10,174,0,'0000-00-00 00:00:00','2015-05-22 15:30:29'),(175,'2014-04-21','','Entrega del kit de inclusión digital al rect',1,'','','','',10,124,0,'0000-00-00 00:00:00','2015-05-22 15:30:29'),(176,'2014-05-09','','Con la programación anticipada con las encar',28,'20140509_094202.jpg','20140509_094319.jpg','20140513_145422.jpg','uploads/accompaniment/accompaniment_adjunct',3,212,0,'0000-00-00 00:00:00','2015-05-22 15:30:29'),(177,'2014-07-03','','Se desarrolla un espacio de sensibilización ',1,'','','','',4,242,0,'0000-00-00 00:00:00','2015-05-22 15:30:29'),(178,'2014-07-11','','Se acompaña a al practicante con su grupo de',8,'','','','',6,198,0,'0000-00-00 00:00:00','2015-05-22 15:30:29'),(179,'2014-04-30','','Acompañamiento en el curso de herramientas w',0,'','','','',3,191,0,'0000-00-00 00:00:00','2015-05-22 15:30:29'),(180,'2014-06-18','','Se realizo seguimiento al punto de navegació',2,'','','','',10,348,0,'0000-00-00 00:00:00','2015-05-22 15:30:29'),(181,'2014-05-20','','Los estudiantes han tenido una respuesta posi',10,'','','','',3,290,0,'0000-00-00 00:00:00','2015-05-22 15:30:29'),(182,'2014-07-15','','Se acompañaron los grados de la primera etap',30,'','','','',6,159,0,'0000-00-00 00:00:00','2015-05-22 15:30:29'),(183,'2014-06-17','','Se realizó seguimiento y acompañamiento al ',5,'','','','',7,333,0,'0000-00-00 00:00:00','2015-05-22 15:30:29'),(184,'2014-06-25','','Reunión con dos estudiantes del fondo epm pa',2,'','','','',4,191,0,'0000-00-00 00:00:00','2015-05-22 15:30:29'),(185,'2014-06-25','','Seguimiento al curso de alfabetización digit',1,'','','','',3,194,0,'0000-00-00 00:00:00','2015-05-22 15:30:29'),(186,'2014-06-25','','Acompañamiento en la última sesión y claus',3,'','','','',3,211,0,'0000-00-00 00:00:00','2015-05-22 15:30:29'),(187,'2014-07-01','','Entrega de constancias de participación en el taller de WEB 2.0. Además, se adjuntó una relación con los nombres de los participantes para ser firmada al momento en que vayan por la constancia',1,'','','','',3,174,0,'0000-00-00 00:00:00','2015-05-22 15:30:29'),(188,'2014-04-30','','Reunión con una funcionaria del CAV quien se',13,'','','','',11,335,0,'0000-00-00 00:00:00','2015-05-22 15:30:29'),(189,'2014-07-15','','Se realizó el cierre del curso Alfabetizaci',10,'','','','',6,165,0,'0000-00-00 00:00:00','2015-05-22 15:30:29'),(190,'2014-04-30','','Se acompaño al practicante en el inicio de c',0,'','','','',3,178,0,'0000-00-00 00:00:00','2015-05-22 15:30:29'),(191,'2014-04-30','','Se realizó una intervención en el punto de ',5,'','','','',7,333,0,'0000-00-00 00:00:00','2015-05-22 15:30:29'),(192,'2014-04-30','','Se recogieron los indicadores del punto de na',1,'','','','',10,333,0,'0000-00-00 00:00:00','2015-05-22 15:30:29'),(193,'2014-02-19','','Seguimiento al punto de navegación. Se acomp',10,'','','','',10,302,0,'0000-00-00 00:00:00','2015-05-22 15:30:29'),(194,'2014-03-18','','Seguimiento al punto de navegación. Se acomp',9,'','','','',10,302,0,'0000-00-00 00:00:00','2015-05-22 15:30:29'),(195,'2014-04-24','','Seguimiento al punto de navegación. Se acomp',11,'','','','',10,302,0,'0000-00-00 00:00:00','2015-05-22 15:30:29'),(196,'2014-05-14','','Seguimiento al punto de navegación. Se acomp',2,'','','','',10,302,0,'0000-00-00 00:00:00','2015-05-22 15:30:29'),(197,'2014-06-11','','Seguimiento al punto de navegación. Se acomp',3,'','','','',10,336,0,'0000-00-00 00:00:00','2015-05-22 15:30:29'),(198,'2014-06-24','','Se recogen los muebles y equipos para realiza',2,'','','','',10,302,0,'0000-00-00 00:00:00','2015-05-22 15:30:29'),(199,'2014-07-01','','Firma de constancias de participación en el ',3,'','','','',3,362,0,'0000-00-00 00:00:00','2015-05-22 15:30:29'),(200,'2014-07-01','','Recolección de indicadores de uso de los equiposAtención a usuarios',2,'','','','',10,439,0,'0000-00-00 00:00:00','2015-05-22 15:30:29'),(201,'2014-07-01','','Recolección de indicadores de uso de los equipos, queda una carpeta en el punto de navegación y otra en archivo para el alfabetizador.',4,'','','','',10,438,0,'0000-00-00 00:00:00','2015-05-22 15:30:29'),(202,'2014-02-12','','Seguimiento e intervención al punto de naveg',20,'Salvador_9b.JPG','','','uploads/accompaniment/accompaniment_adjunct',7,307,0,'0000-00-00 00:00:00','2015-05-22 15:30:29'),(203,'2014-07-01','','Recolección de indicadores de uso de los equ',10,'','','','',4,335,0,'0000-00-00 00:00:00','2015-05-22 15:30:29'),(204,'2014-03-20','','Seguimiento e intervención al punto de naveg',15,'','','','',7,307,0,'0000-00-00 00:00:00','2015-05-22 15:30:29'),(205,'2014-04-23','','En este mes se acompaña el punto de navegaci',18,'','','','',7,307,0,'0000-00-00 00:00:00','2015-05-22 15:30:29'),(206,'2014-05-26','','Seguimiento punto de navegación.Este mes s',40,'IMG_20140526_WA0006.jpg','','','uploads/accompaniment/accompaniment_adjunct',10,307,0,'0000-00-00 00:00:00','2015-05-22 15:30:29'),(207,'2014-07-02','','Recolección de indicadores de uso de los equ',1,'','','','',10,332,0,'0000-00-00 00:00:00','2015-05-22 15:30:29'),(208,'2014-07-04','','Recolección de indicadores de uso.Reunión',1,'','','','',10,348,0,'0000-00-00 00:00:00','2015-05-22 15:30:29'),(209,'2014-07-01','','Se realizó una reunión con el estudiante de',3,'','','','',4,333,0,'0000-00-00 00:00:00','2015-05-22 15:30:29'),(210,'2014-07-02','','Seguimiento y recolección de los indicadores',1,'','','','',10,333,0,'0000-00-00 00:00:00','2015-05-22 15:30:29'),(211,'2014-07-10','','Acompañamiento al cierre del curso de alfabe',1,'','','','',3,362,0,'0000-00-00 00:00:00','2015-05-22 15:30:29'),(212,'2014-07-08','','Visita de seguimiento con la funcionaria del sitio.  se pego la información sobre el mantenimiento de los equipos. Quedo pendiente programar charla de dispositivos moviles con la comunidad aleda',1,'','','','',10,439,0,'0000-00-00 00:00:00','2015-05-22 15:30:29'),(213,'2014-07-08','','Visita de seguimiento con la funcionaria del sitio. se recogieron las planillas del mes de julio y se pego la información sobre el mantenimiento de los equipos. quedo pendiente iniciar inscripciones para cursos de alfabetización digital  en el segundo semestre.  Acompañamiento al cierre del curso de alfabetización digital con personas del club de vida de la Unidad Integral 6 de Belén. quedo pendiente iniciar las inscripciones del taller de herramientas web 2.0 para el segundo semestre',1,'','','','',10,438,0,'0000-00-00 00:00:00','2015-05-22 15:30:29'),(214,'2014-07-10','','Acompañamiento en el cierre del curso de alfabetización digital con personas del CEDEZO de Belén. se realizó la charla de retroalimentación al proceso que se desarrollo con ellos y quedo pendiente programar un taller de herramientas web 2.0 para el segundo semestre.',2,'','','','',3,176,0,'0000-00-00 00:00:00','2015-05-22 15:30:29'),(215,'2014-07-08','','Se realizó una 7 sesión de alfabetización ',3,'','','','',3,215,0,'0000-00-00 00:00:00','2015-05-22 15:30:29'),(216,'2014-07-08','','Se paso a dejar los certificados del CEDEZO G',1,'','','','',3,175,0,'0000-00-00 00:00:00','2015-05-22 15:30:29'),(217,'2014-07-09','','se realizo una asesoría de gobierno en linea',1,'','','','',3,211,0,'0000-00-00 00:00:00','2015-05-22 15:30:29'),(218,'2014-07-18','','Se realizó la entrega de muebles en el punto de navegaci',1,'','','','',10,334,0,'0000-00-00 00:00:00','2015-05-22 15:30:29'),(219,'2014-07-18','','Se entregaron los muebles del punto de navega',1,'','','','',10,362,0,'0000-00-00 00:00:00','2015-05-22 15:30:29'),(220,'2014-07-18','','Se entregaron los muebles del punto de navega',1,'','','','',10,439,0,'0000-00-00 00:00:00','2015-05-22 15:30:29'),(221,'2014-07-18','','Se entregaron los muebles del punto de navega',1,'','','','',10,438,0,'0000-00-00 00:00:00','2015-05-22 15:30:29'),(222,'2014-07-18','','Se entregaron los muebles del punto de navega',1,'','','','',10,438,0,'0000-00-00 00:00:00','2015-05-22 15:30:29'),(223,'2014-07-18','','Se entregaron los muebles del punto de navega',1,'','','','',10,438,0,'0000-00-00 00:00:00','2015-05-22 15:30:29'),(224,'2014-05-23','','Acompañamiento curso Narrativas en el Telece',4,'','','','',3,205,0,'0000-00-00 00:00:00','2015-05-22 15:30:29'),(225,'2014-05-26','','Motivación a los usuarios y usuarias del pun',5,'','','','',7,427,0,'0000-00-00 00:00:00','2015-05-22 15:30:29'),(226,'2014-05-27','','Los asistentes manifiestan haber aprendido de',10,'','','','',3,290,0,'0000-00-00 00:00:00','2015-05-22 15:30:29'),(227,'2014-05-28','','La docente nos manifiesta el proceso tan posi',2,'','','','',2,430,0,'0000-00-00 00:00:00','2015-05-22 15:30:29'),(228,'2014-05-28','','Seguimiento al aula abierta del centro educat',2,'','','','',2,433,0,'0000-00-00 00:00:00','2015-05-22 15:30:29'),(229,'2014-07-22','','Entrega de equipos en el cav de belencito ',1,'','','','',10,335,0,'0000-00-00 00:00:00','2015-05-22 15:30:29'),(230,'2014-05-07','','Seguimiento a la conectividad del parque y co',3,'','','','',7,353,0,'0000-00-00 00:00:00','2015-05-22 15:30:29'),(231,'2014-05-29','','Acompañamiento a curso con comunidad sobre N',3,'','','','',3,205,0,'0000-00-00 00:00:00','2015-05-22 15:30:29'),(232,'2014-01-21','','Seguimiento e intervención al punto de naveg',10,'','','','',10,438,0,'0000-00-00 00:00:00','2015-05-22 15:30:29'),(233,'2014-02-14','','Seguimiento e intervención al punto de naveg',3,'','','','',10,438,0,'0000-00-00 00:00:00','2015-05-22 15:30:29'),(234,'2014-03-12','','Seguimiento e intervención al punto de naveg',12,'2014_02_13_12_54_31.jpg','2014_03_19_10_04_18.jpg','','uploads/accompaniment/accompaniment_adjunct',10,438,0,'0000-00-00 00:00:00','2015-05-22 15:30:29'),(235,'2014-05-23','','En esta visita se converso con una usuaria so',3,'20140523_103255.jpg','','','uploads/accompaniment/accompaniment_adjunct',10,438,0,'0000-00-00 00:00:00','2015-05-22 15:30:29'),(236,'2014-05-29','','Se realizó acompañamiento a la última sesi',0,'','','','',3,194,0,'0000-00-00 00:00:00','2015-05-22 15:30:29'),(237,'2014-05-29','','Seguimiento practicante y entrega de chaleco ',2,'','','','',11,333,0,'0000-00-00 00:00:00','2015-05-22 15:30:29'),(238,'2014-07-29','','Seguimiento de punto de navegación e interve',16,'','','','',7,438,0,'0000-00-00 00:00:00','2015-05-22 15:30:29'),(239,'2014-06-24','','Se realiza la recolección de los equipos par',4,'','','','',10,314,0,'0000-00-00 00:00:00','2015-05-22 15:30:29'),(240,'2014-02-27','','Toma de sitio para acompañamiento y sensibil',8,'','','','',7,306,0,'0000-00-00 00:00:00','2015-05-22 15:30:29'),(241,'2014-02-27','','Toma de sitio para acompañamiento y sensibil',6,'','','','',7,294,0,'0000-00-00 00:00:00','2015-05-22 15:30:29'),(242,'2014-03-05','','Recolección de indicadores y seguimiento de ',2,'','','','',10,291,0,'0000-00-00 00:00:00','2015-05-22 15:30:29'),(243,'2014-03-05','','Recolección de indicadores y seguimiento de ',2,'','','','',10,292,0,'0000-00-00 00:00:00','2015-05-22 15:30:29'),(244,'2014-03-05','','Recolección de indicadores y seguimiento de ',2,'','','','',10,294,0,'0000-00-00 00:00:00','2015-05-22 15:30:29'),(245,'2014-03-05','','Recolección de indicadores y seguimiento de ',2,'','','','',10,300,0,'0000-00-00 00:00:00','2015-05-22 15:30:29'),(246,'2014-02-05','','Recolección de indicadores y seguimiento de ',2,'','','','',10,306,0,'0000-00-00 00:00:00','2015-05-22 15:30:29'),(247,'2014-03-05','','Recolección de indicadores y seguimiento de ',5,'','','','',10,307,0,'0000-00-00 00:00:00','2015-05-22 15:30:29'),(248,'2014-03-05','','Recolección de indicadores y seguimiento de ',2,'','','','',10,321,0,'0000-00-00 00:00:00','2015-05-22 15:30:29'),(249,'2014-03-05','','Recolección de indicadores y seguimiento de ',2,'','','','',10,437,0,'0000-00-00 00:00:00','2015-05-22 15:30:29'),(250,'2014-03-05','','Recolección de indicadores y seguimiento de ',2,'','','','',10,436,0,'0000-00-00 00:00:00','2015-05-22 15:30:29'),(251,'2014-03-06','','Toma de sitio para acompañamiento y sensibil',2,'','','','',7,321,0,'0000-00-00 00:00:00','2015-05-22 15:30:29'),(252,'2014-03-10','','Capacitación y comienzo de horas de Jasmin d',3,'IMG219.jpg','','','uploads/accompaniment/accompaniment_adjunct',11,321,0,'0000-00-00 00:00:00','2015-05-22 15:30:29'),(253,'2014-06-03','','Asesoría en Gel con chicas de 11 que buscan ',3,'','','','',3,449,0,'0000-00-00 00:00:00','2015-05-22 15:30:29'),(254,'2014-03-13','','Comienzo de curso de alfabetización Digital ',13,'2014_04_10_15_05_27.jpg','','','uploads/accompaniment/accompaniment_adjunct',3,214,0,'0000-00-00 00:00:00','2015-05-22 15:30:29'),(255,'2014-06-09','','Seguimiento al aula abierta, se aprovecha la ',15,'IMG_1593.jpg','','','uploads/accompaniment/accompaniment_adjunct',2,313,0,'0000-00-00 00:00:00','2015-05-22 15:30:29'),(256,'2014-06-10','','Cierre del proceso en compañía de la Psicol',10,'','','','',6,290,0,'0000-00-00 00:00:00','2015-05-22 15:30:29'),(257,'2014-03-20','','Acompañamiento al curso de alfabetización d',13,'IMG_20140313_WA0009.jpg','','','uploads/accompaniment/accompaniment_adjunct',3,290,0,'0000-00-00 00:00:00','2015-05-22 15:30:29'),(258,'2014-06-24','','Recoleccion de indicadores y seguimiento al p',1,'','','','',10,427,0,'0000-00-00 00:00:00','2015-05-22 15:30:29'),(259,'2014-04-04','','Recolección de indicadores y seguimiento de ',2,'','','','',10,291,0,'0000-00-00 00:00:00','2015-05-22 15:30:29'),(260,'2014-04-04','','Recolección de indicadores y seguimiento de ',2,'','','','',10,292,0,'0000-00-00 00:00:00','2015-05-22 15:30:29'),(261,'2014-04-04','','Recolección de indicadores y seguimiento de ',2,'','','','',10,294,0,'0000-00-00 00:00:00','2015-05-22 15:30:29'),(262,'2014-04-04','','Recolección de indicadores y seguimiento de ',2,'','','','',10,171,0,'0000-00-00 00:00:00','2015-05-22 15:30:29'),(263,'2014-04-04','','Recolección de indicadores y seguimiento de ',2,'','','','',10,300,0,'0000-00-00 00:00:00','2015-05-22 15:30:29'),(264,'2014-03-27','','Seguimiento a la conexión de los equipos y e',6,'','','','',10,318,0,'0000-00-00 00:00:00','2015-05-22 15:30:29'),(265,'2014-05-16','','Se realiza seguimiento al lugar. No se ha rea',13,'IMG_20140526_WA0002.jpg','IMG_20140526_WA0001.jpg','','uploads/accompaniment/accompaniment_adjunct',10,318,0,'0000-00-00 00:00:00','2015-05-22 15:30:29'),(266,'2014-07-07','','Se realizó reunión de construcción del pro',16,'','','','',10,155,0,'0000-00-00 00:00:00','2015-05-22 15:30:29'),(267,'2014-05-06','','En esta reunión se acompaña el Aula Abierta',9,'IE_Fe_y_Alegria_Villa_de_la_Candelaria_Alfabe','IE_Fe_y_Alegria_Villa_de_la_Candelaria_Alfabe','','uploads/accompaniment/accompaniment_adjunct',2,409,0,'0000-00-00 00:00:00','2015-05-22 15:30:29'),(268,'2014-07-16','','Se realizó una visita al sitio para ver cóm',1,'20140717_154659.jpg','','','uploads/accompaniment/accompaniment_adjunct',7,248,0,'0000-00-00 00:00:00','2015-05-22 15:30:29'),(269,'2014-07-11','','Se realizaron los grados de el curso de Alfabetización digital y Gobierno en línea con el grupo de abuelos y abuelas cuenta cuentos de la biblioteca.',15,'Taller_de_AD_con_Abuelos_y_abuelas_cuenta_cue','','','uploads/accompaniment/accompaniment_adjunct',6,180,0,'0000-00-00 00:00:00','2015-05-22 15:30:29'),(270,'2014-07-18','','Se realizó entrega de 3 muebles con la image',2,'','','','',10,246,0,'0000-00-00 00:00:00','2015-05-22 15:30:29'),(271,'2014-07-10','','Se realizó el cierre del curso de Alfabetiza',7,'Cierre_Pedro_Luis_Villa_comuna_3.JPG','','','uploads/accompaniment/accompaniment_adjunct',6,149,0,'0000-00-00 00:00:00','2015-05-22 15:30:29'),(272,'2014-07-15','','Se realizó el acompañamiento al cierre a lo',16,'Cierre_CEDEZO_de_Moravia_comuna_4.JPG','','','uploads/accompaniment/accompaniment_adjunct',6,166,0,'0000-00-00 00:00:00','2015-05-22 15:30:29'),(273,'2014-04-01','','Se realizó la presentación del programa a l',9,'','','','',12,409,0,'0000-00-00 00:00:00','2015-05-22 15:30:29'),(274,'2014-07-02','','La practicante de la zona realizó un acompa',7,'','','','',7,240,0,'0000-00-00 00:00:00','2015-05-22 15:30:29'),(275,'2014-01-29','','Se realizó una visita a la Inspección Doce de Octubre con el fin de mirar las condiciones en las que se encuentra el Sitio. Los computadores se encuentran en buen estado, tienen buena conexión a internet. Un funcionario llamado Martín Fernando Velásquez, secretario, manifestó que no se llevan los registros de usuarios porque deben cumplir con muchas responsabilidades y en ocasiones no tienen tiempo.Se le explicó al funcionario la importancia de llevar el registro y se dejó en el Sitio dos planillas para que los usuarios se registren. Se acordó una próxima visita para conversar con la Inspectora Beatriz Elena Gallo López, quien no se encontraba en la oficina. ',2,'','','','',10,277,0,'0000-00-00 00:00:00','2015-05-22 15:30:29'),(276,'2014-07-03','','La practicante de la zona, realizó un acompañamiento durante la mañana y parte de la tarde en el punto de navegación de la Casa de la Cultura.',19,'','','','',7,244,0,'0000-00-00 00:00:00','2015-05-22 15:30:29'),(277,'2014-07-08','','La practicante realizó acompañamiento en el punto de navegación de la Inspección de Aranjuez',4,'','','','',7,255,0,'0000-00-00 00:00:00','2015-05-22 15:30:29'),(278,'2014-06-24','','Acompañamiento en el punto de navegación de la inspección ',2,'','','','',7,255,0,'0000-00-00 00:00:00','2015-05-22 15:30:29'),(279,'2014-06-26','','Se realizó un acompañamiento en el Punto de navegación por parte de la practicante de la zona en el Centro Cultural Los Colores',2,'','','','',7,248,0,'0000-00-00 00:00:00','2015-05-22 15:30:29'),(280,'2014-06-17','','Se realizó acompañamiento en el punto de navegación de la Inspección de Aranjuez',2,'','','','',7,255,0,'0000-00-00 00:00:00','2015-05-22 15:30:29'),(281,'2014-02-20','','Se realizó un acompañamiento en el punto de navegación de la BPP.',14,'','','','',7,240,0,'0000-00-00 00:00:00','2015-05-22 15:30:29'),(282,'2014-04-04','','Recolección de indicadores y seguimiento de sitio.',2,'','','','',10,306,0,'0000-00-00 00:00:00','2015-05-22 15:30:29'),(283,'2014-04-08','','Visita técnica en conjunto con el área de Comunicación Pública para la preparación del evento de socialización del kit de inclusión y la difusión del programa en la comunidad educativa con el fin de articular estudiantes beneficiarios de PP a nuestros procesos.',3,'','','','',10,406,0,'0000-00-00 00:00:00','2015-05-22 15:30:29'),(284,'2014-07-04','','Cierre del proceso y finalizacion del curso, se resuelven algunas inquietudes con los asistentes referentes al tema de blog y redes sociales.',4,'','','','',6,173,0,'0000-00-00 00:00:00','2015-05-22 15:30:29'),(285,'2014-07-18','','Acompañamiento a la clausura del taller de narrativas dictado por la practicante Isis Guisao, este se realizó con los jóvenes del programa Jóvenes por la Vida en el Centro Cultural de Moravia.Los jóvenes manifestaron haber adquirido conocimientos técnicos que les permite tomar fotografías de una mejor forma, ser un poco más sensibles a la hora de ver una película o algún contenido audiovisual.Como sugerencia dijeron que les gustaría que el taller fuera más extenso y manifestaron que Isis fue muy clara en sus explicaciones.Esta clausura fue acompañada por la profesional de monitoreo, la comunicadora, el promotor y coordinadora territorial y general del programa, quienes expresaron comentarios positivos del taller en general.Queda pendiente retomar la articulación el próximo semestre.',25,'UPJ_Jovenes_por_la_Vida_Clausura_Taller_de_Na','UPJ_Jovenes_por_la_Vida_Clausura_Taller_Narra','UPJ_Jovenes_por_la_Vida_Clausura_Taller_Narra','uploads/accompaniment/accompaniment_adjunct',11,288,0,'0000-00-00 00:00:00','2015-05-22 15:30:29'),(288,'2014-11-18','Seguimiento al punto de conexion WIFI','Se verificó el estado de la red WIFI del parque, se contacto un joven llamado Sebastian quien se encontraba utilizando la red para ingresar a redes sociales, es residente en Rionegro y se enteró de la red WIFI del parque porque le apareció la red en su dispositivo móvil.',1,'Parque_del_Poblado.JPG','','','uploads/accompaniment/accompaniment_adjunct',10,354,38,'0000-00-00 00:00:00','2015-05-22 15:30:29'),(289,'2014-11-19','Acompañamiento kit de inclusión','Se realizó acompañamiento a Vidalia, dinamizadora del Telecentro, en el uso del kit de inclusión con personas en situación de discapacidad, las personas se encontraban muy entusiasmadas con las actividades propuestas. ',1,'Telecentro_Zafra_Acompanamiento_Kit_de_inclusion.jpg','','','uploads/accompaniment/accompaniment_adjunct',3,454,15,'0000-00-00 00:00:00','2015-05-22 15:30:29'),(290,'2014-11-26','Acompañamiento a Gestor TIC','se acompañó a Mateo Meneses, estudiante de Pascual Bravo en el inicio del curso de alfabetización digital con adultos mayores del club de vida Alegrías de la comuna 13',12,'IMG_1209.JPG','','','uploads/accompaniment/accompaniment_adjunct',4,206,38,'0000-00-00 00:00:00','2015-05-22 15:30:29'),(291,'2014-11-25','Entrega de puesto al gestor TIC ','Se asiste con Diego Saldarriaga estudiante de diseño gráfico quién nos acompañará en en el punto de navegación de buenos aires 3 días de la mañana y en La inspección 9b otros 2 días en horario de 12m a 5 pm. Serie le presenta al contacto del sitio para que le firme las horas y para que sepa del acompañamiento. Se le envía correo con la información necesaria y los formatos para llenar en el punto se firma pacto de acompañamiento\"',1,'IMG_20141125_144356.jpg','IMG_20141125_153139.jpg','','uploads/accompaniment/accompaniment_adjunct',4,314,16,'0000-00-00 00:00:00','2015-05-22 15:30:29'),(292,'2014-11-26','Charla de NSN para adultos','Se realiza la charla de manera exitosa con participación de algunos de los asistentes (20 aproximadamente)\r\nSe sugiere realizar mas de estas intervenciones en el CAV. Se toma asistencia con la gestora TIC Isabel del punto de navegación.\"',1,'IMG_20141126_WA0008.jpg','IMG_20141126_WA0011.jpg','IMG_20141126_WA0000.jpg','uploads/accompaniment/accompaniment_adjunct',3,298,16,'0000-00-00 00:00:00','2015-05-22 15:30:29'),(293,'2014-11-27','Charla NSN Para Padres','Se realiza una charla muy exitosa y la cual deja a la funcionaria muy entusiasmada y sugiere que en el mes de diciembre se hagan mas charlas de estas. Las personas que estaban a la espera de su turno de atención recibieron la información, aproximadamente estuvieron 40 personas el 80% de la charla.\r\nSe reporta al área de conectividad que hay unas fallas en los equipos del punto de navegación.\r\nSe determina que los acompañantes de Jóvenes por la vida esta de lmv por la tarde y los Mj por la mañana\r\nSe deja fotos evidencia de la actividad.\"',1,'IMG_20141127_115026.JPG','IMG_20141127_WA0007.jpg','IMG_20141127_WA0025.jpg','uploads/accompaniment/accompaniment_adjunct',3,436,16,'0000-00-00 00:00:00','2015-05-22 15:30:29'),(295,'2014-11-28','Entrega de puesto a Gestor Tic','Se asiste con el gestor Diego Saldarriaga a la inspección 9b para que conozca a los encargados y mire el espacio en que va a trabajar, se le indica todo respecto a el registro de las planillas y las dinámicas del sitio.\r\nSe reporta las fallas en los equipos al equipo de conectividad y se deja registro fotográfico de la visita.',1,'','','','',4,307,16,'0000-00-00 00:00:00','2015-05-22 15:30:29'),(296,'2014-11-28','Charla NSN Adultos','Se asiste para realizar la charla que se había pactodo en el centro de capacitación Maria Auxiliadora con la Hmna Angela, que está arriba del Cav. Asisten 6 adultos muy juiciosos. Se sugiere iniciar un proceso de alfabetización digital con esta población.\r\nContactar el próximo año para reiniciar procesos.',1,'IMG_20141128_110525.jpg','IMG_20141128_092346.jpg','IMG_20141128_092257.jpg','uploads/accompaniment/accompaniment_adjunct',3,298,16,'0000-00-00 00:00:00','2015-05-22 15:30:29'),(298,'2014-11-19','Acompañamiento Primera Sesión Gobierno en línea','Se acompañó a la estudiante de pp en la primera sesión del taller de gobierno en línea con la comunidad.',10,'Parque_Biblioteca_SADEP_Taller_de_GEL_Comunidad_20141119.jpg','Parque_Biblioteca_SADEP_Taller_GEL_20141119.jpg','','uploads/accompaniment/accompaniment_adjunct',11,194,15,'0000-00-00 00:00:00','2015-05-22 15:30:29'),(299,'2014-11-18','Capacitación Estudiantes de pp','Se realizó la capacitación de Gobierno en línea con dos estudiantes de pp que realizaran su labor social en el taller de gobierno en línea que se dictará en el Parque Biblioteca San Antonio de Prado.',2,'Telecentro_Pradito_Capacitacion_Estudiantes_de_pp.jpg','Telecentro_Pradito_Estudiante_de_pp_20141118.jpg','','uploads/accompaniment/accompaniment_adjunct',4,211,15,'0000-00-00 00:00:00','2015-05-22 15:30:29'),(300,'2014-11-21','Acompañamiento tercera sesión Gobierno en línea','Se realizó acompañamiento a los gestores TIC Paula y Juan Pablo en la segunda sesión del taller de GEL para comunidad.',11,'Parque_Biblioteca_SADEP_Segunda_sesion_GEL_20141121.jpg','Parque_Biblioteca_SADEP_Segunda_sesion_GEL_20141121.jpg','','uploads/accompaniment/accompaniment_adjunct',4,194,15,'0000-00-00 00:00:00','2015-05-22 15:30:29'),(301,'2014-11-28','Acompañamiento última sesión Gobierno en línea','Se acompañó a los gestores TIC en la última sesión del taller de gobierno en línea, se hizo la clausura del taller y se programo una sesión de dispositivos móviles.',13,'Parque_Biblioteca_SADEP_Ultima_sesion_de_Taller_GEL_20141128.jpg','Parque_Biblioteca_SADEP_Certificacion_GEL_20141128.jpg','','uploads/accompaniment/accompaniment_adjunct',11,194,15,'0000-00-00 00:00:00','2015-05-22 15:30:29'),(302,'2014-11-28','Recolección de indicadores','Se realizó una visita a la corregiduria para identificar el funcionamiento del punto de navegación, el señor vigilante fue la persona que nos contó como estaba funcionando el sitio, además nos entrego los indicadores de uso.',1,'Corregiduria_El_Limonar_Seguimiento_al_sitio_1.jpg','Corregiduria_El_Limonar_Seguimiento_al_sitio_2.jpg','','uploads/accompaniment/accompaniment_adjunct',10,336,15,'0000-00-00 00:00:00','2015-05-22 15:30:29'),(303,'2014-12-02','Seguimiento al punto de navegación','\r\nSe verifica el flujo de usuarios al punto el cual es nulo por las limitaciones a la entrada del sitio, se le pregunta a varios funcionarios sobre la afluencia y manifiestan que nadie usa estos PC.\r\nPor medio escrito se le manifiesta a el área de conectividad la problematica y la propuesta de cambiar estos equipos al C AV de caunces y dejar de intervenir este sitio por que se esta perdiendo este servicio. Se intentó contactar con la coordinadora del servicio pero se necesita reservar cita previa.',0,'IMG_20141202_100453.jpg','IMG_20141202_WA0015.jpeg','','uploads/accompaniment/accompaniment_adjunct',7,427,16,'0000-00-00 00:00:00','2015-05-22 15:30:29'),(304,'2014-12-02','Visita a gestor TIC.','\r\nReunión con ISabel Florez quién esta muy juiciosa prestando su labor social en el lugar. Se recibe buenas referencias de los gestores por parte del contacto en el sitio y se solicitan las cedulas de los contactos para llenar la base de datos.\"',1,'IMG_20141202_111831.jpg','','','uploads/accompaniment/accompaniment_adjunct',4,314,16,'0000-00-00 00:00:00','2015-05-22 15:30:29'),(305,'2014-12-02','Visita a gestor TIC.','\r\nReunión con Diego Saldarriaga quién no estaba en el lugar por que se fue temprano a almorzar. Se recibe buenas referencias de los gestores por parte del contacto en el sitio y se solicitan las cédulas de los contactos para llenar la base de datos. Se propone realizar charlas de navegar sin naufragar en el sitio por la problematica expresada por los funcionarios.\"',1,'','','','',4,307,16,'0000-00-00 00:00:00','2015-05-22 15:30:29'),(306,'2014-12-04','Charla NSN','Se realiza la charla de NSN programada para este día con una asistencia de 7 personas entre adultos y niños. La realizó el practicante Diego Saldarriaga con mucho éxitoy con mucha participación de las personas sobre todo durante los videos de Grooming y de Amada Todd.\r\nPendiente de la realización de la otra charla el miércoles 10.',0,'IMG_20141204_WA0015.jpg','IMG_20141204_WA0016.jpg','IMG_20141204_WA0020.jpg','uploads/accompaniment/accompaniment_adjunct',3,307,16,'2014-12-05 10:28:15','2015-05-22 15:30:29'),(307,'2014-12-04','Sensibilización Kit de Inclusión','Registro audiovisual de una sesión de sensibilización con el kit de inclusión digital orientada a madres de familia con el fin de sistematizar las evidencias del buen uso y apropiación de estas herramientas en el sitio.',6,'Buen_Comienzo_La_Huerta_Seguimiento_y_registro_del_KIT_2.jpg','Buen_Comienzo_La_Huerta_Seguimiento_y_registro_del_KIT_3.jpg','Buen_Comienzo_La_Huerta_Seguimiento_y_registro_del_KIT.jpg','uploads/accompaniment/accompaniment_adjunct',12,413,17,'2014-12-05 11:13:02','2015-05-22 15:30:29'),(308,'2014-12-01','Entrega de Certificados curso Gobierno en Linea','Se realizó la entrega de certificados del curso de Gobierno en Linea acompañado por el Gestor TIC Steven Ocampo.',0,'20141129_113331.jpg','','','uploads/accompaniment/accompaniment_adjunct',6,450,38,'2014-12-05 11:45:52','2015-05-22 15:30:29'),(309,'2014-12-05','Acompañamiento a gestores TIC','Se realizó acompañamiento al curso de alfabetización digital orientado por 2 gestores TIC. en esta sesión se dio una asesoría básica sobre fotografía a los integrantes del grupo.',2,'2014_12_05_15_40_26.jpg','2014_12_05_15_46_01.jpg','','uploads/accompaniment/accompaniment_adjunct',4,362,14,'2014-12-09 11:28:15','2015-05-22 15:30:29'),(311,'2014-12-09','\"Charla de NSN para niños.','Se realiza la primera charla programada con niñ@s del parque que asisten al punto de navegación y a los servicios del parque. la charla fue con 16 personas entre ellos adultos acompañantes. Los funcionarios tenían todos los elementos necesarios para realizar la charla que salió muy bien.\r\nSe pide que me envíen la copia de la aistencia. Se deja copias y fotos como evidencia de la actividad\"',0,'IMG_20141209_151636.jpg','IMG_20141209_151655.jpg','IMG_20141209_153551.jpg','uploads/accompaniment/accompaniment_adjunct',3,318,16,'2014-12-10 12:01:29','2015-05-22 15:30:29'),(312,'2014-12-10','Charla NSN','Se realiza la charla de NSN programada para este día con una asistencia de 10 personas entre adultos y niños. Se desarrolló mucho éxito y con mucha participación de las personas sobre todo durante los vídeos.\r\nSe le informa a la inspectora que se le enviará un mail con fotos adjuntas y que continuamos contando con su colaboración para realizar charlas como estas.Se deja evidencia con fotos de la actividad.\"',0,'IMG_20141210_145159.jpg','IMG_20141210_145140.jpg','IMG_20141210_145142.jpg','uploads/accompaniment/accompaniment_adjunct',3,307,16,'2014-12-11 09:50:13','2015-05-22 15:30:29'),(313,'2014-12-11','Charla de NSN jóvenes.','Se realiza la primera charla programada con jóvenes del parque que asisten al punto de navegación y a los servicios del Inder. La charla fue con 18 personas entre ellos adultos acompañantes. Los funcionarios tenían todos los elementos necesarios para realizar la charla que salió muy bien.\r\nSe pide que me envíen la copia de la asistencia. Se adjunta fotos como evidencia de la actividad.',0,'IMG_20141211_155522.jpg','IMG_20141211_154158.jpg','IMG_20141211_150823.jpg','uploads/accompaniment/accompaniment_adjunct',3,318,16,'2014-12-12 09:11:17','2015-05-22 15:30:29'),(314,'2014-12-03','Empalme Gestor Tic','Titulo: Visita con Gestor Tic. Participantes: Maria del Socorro. Aspectos generales: Se presentó al gestor Tic que acompañará el Cav, se observaron algunas dinámicas del lugar y se  sugirió realizar una observación intencionada de las necesidades de las personas que frecuentan el lugar para poder pensar en procesos formativos pertinentes. Además de esto se indagó por los servicios que se ofrecen en el lugar resaltando toda la parte de la registraduría, asi pues el Gestor tic quedó con el compromiso de continuar ese diagnóstico además de potenciar el uso de las planillas dado que allí no se llenan.',1,'Cav_america_Seguimiento_al_sitio.jpg','','','uploads/accompaniment/accompaniment_adjunct',4,246,23,'2014-12-16 08:33:21','2015-05-22 15:30:29'),(315,'2014-12-10','Gobierno en linea','Titulo: Gobierno en línea con Víctimas. Participantes: Victimas comuna 3. Aspectos generales: Se acompañó la jornada con asesorías individuales respecto de las necesidades de información de cada persona. Se dio a conocer el chat del DPS a algunos funcionarios y una de las víctimas se dio cuenta a través de este que había sido beneficiada para vivienda',30,'Jose_Antonio_Galan_Intervencion_con_Victimas_1.jpg','','','uploads/accompaniment/accompaniment_adjunct',7,256,23,'2014-12-16 09:09:10','2015-05-22 15:30:29'),(319,'2014-12-05','Sensibilización sitio público.','La señal Wi-Fi es débil porque, al parecer, el techo-huerta bloquea la señal. Ya hubo una reunión con el área de Conectividad. En el sitio se motivan más de 70 personas, entre turistas, guías y comunidad a darle un buen uso a la red Wi-Fi, y a apropiarse de plataformas como Mi Medellín. Además, durante las actividades el equipo de comunicaciones publicó en Twitter imágenes que mencionan al @ParqueArvi.',77,'2014_12_05_11_03_21.jpg','2014_12_05_11_04_46.jpg','','uploads/accompaniment/accompaniment_adjunct1',11,317,37,'2014-12-16 09:43:30','2015-05-22 15:30:29'),(320,'2014-12-12','Cierre de curso','Titulo: Cierre de curso. Participantes: Grupo A.D cedezo. Aspectos generales: Aunque fue un grupo muy pequeño e limpacto del curso con las persoans fue muy grande. Satisfechos con el proceso, con el Gestor Tic y muy interesados en nuevos procesos para el 2015',6,'Cedezo_Manrique_Cierre_de_curso_1.jpg','Cedezo_Manrique_Cierre_de_curso_6.jpg','','uploads/accompaniment/accompaniment_adjunct',6,165,23,'2014-12-16 09:48:07','2015-05-22 15:30:29'),(323,'2014-12-05','Sensibilización sitio público','Aquí hay varias señales Wi-Fi: en el parque, al frente de la iglesia, prima la señal de \"MDE Inteligente\", aunque parece algo débil. Y al frente de la casa de Gobierno, hay buena señal de \"Medellín Digital\" (del punto de Navegación). Se motiva a más de 20 personas a darle un buen uso a la red Wi-Fi, y a apropiarse de plataformas como Mi Medellín. ',22,'','','','',4,319,37,'2014-12-16 09:50:48','2015-05-22 15:30:29'),(324,'2014-12-15','Cierre de curso','Titulo: Cierre de curso. participantes: Grupo A.D y Gobierno en línea-. Aspectos generales: Las personas quedaron muy interesadas en continuar con procesos en el 2015 y agradecieron la labor del gestor Tic.',22,'Telecentro_V_S_Cierre_de_curso_A_D_Y_GEL_18.jpg','Telecentro_V_S_Cierre_de_curso_A_D_Y_GEL_1.jpg','','uploads/accompaniment/accompaniment_adjunct',6,198,23,'2014-12-16 09:52:27','2015-05-22 15:30:29'),(325,'2014-12-10','Taller de realización Audiovisual con Rara Colecti','Dos estudiantes de grado 11 de la intitución educativa asisten a la primera sesión de taller. Queda pendiente la autorización de los padres de una de ellas y convocar a una más, para que sean 3 estudiantes.',2,'','','','',3,326,37,'2014-12-16 10:00:28','2015-05-22 15:30:29'),(326,'2014-12-11','Taller de realización Audiovisual con Rara Colecti','Dos estudiantes de grado 11 de la intitución educativa asisten a la segunda sesión de taller. Ya se tienen las dos autorizaciones de padres de familia.',2,'','','','',3,326,37,'2014-12-16 10:01:02','2015-05-22 15:30:29'),(327,'2014-12-12','Taller de realización Audiovisual con Rara Colecti','Dos estudiantes de grado 11 de la intitución educativa asisten a la tercera sesión de taller. ',2,'','IMG_20141212_WA0024.jpg','','uploads/accompaniment/accompaniment_adjunct1',3,326,37,'2014-12-16 10:02:02','2015-05-22 15:30:29'),(328,'2014-12-05','Seguimiento al punto de navegación','Aquí hay problemas de configuración del internet: cada vez que se reinician los equipos, hay que configurar de nuevo el internet, y esto ha hecho que varios usuarios desistan del servicio. Se genera caso en Aranda con ticket #382276 para el Punto de Navegación.',1,'','','','',7,296,37,'2014-12-16 10:05:16','2015-05-22 15:30:29'),(329,'2014-12-11','Seguimiento al sitio de Gobierno y recolección de ','Se conversa con la encargada Gloria del Río, quien solicita más acompañamiento de un practicante o estudiante. Hay que hacer la gestión con PP y el Fondo EPM. Hay varios usuarios interesados en procesos de formación más largos. La encargada pregunta por la clave del Wi-Fi. Pendiente consultar con el área de conectividad y responderle. Retomar contacto después del 18 de enero.',1,'','','','',7,294,37,'2014-12-16 10:05:52','2015-05-22 15:30:29'),(330,'2014-12-11','Seguimiento al sitio de Gobierno y recolección de ','Se conversa con los encargados Luz Edilia Ospina y Samir Murillo, quienes solicitan más acompañamiento de un practicante o estudiante, ojalá de población LGTB. Hay que hacer la gestión con PP y el Fondo EPM. También preguntan si hay modo de bloquear ciertos sitios web indeseables (pornográficos) Se identifica la necesidad de formación en internet seguro (hay usuarias con perfiles para el trabajo sexual..) y también en narrativas. Pendiente consultar con el área de conectividad la restricción de sitios web y responderles. No tienen receso de fin de año.',2,'','','','',7,300,37,'2014-12-16 10:06:33','2015-05-22 15:30:29'),(331,'2014-12-11','Seguimiento al sitio de Gobierno e indicadores','Se conversa con la encargada Olga Guzmán, el vigilante Carlos Monsalve, y la líder Arnobis Santillana. En este sitio hay buen flujo de usuarios, se identifica la potencialidad de reunir grupos de alfabetización digital y llevarlos a la Escuela del Maestro. Retomar contacto después del 18 de enero. Hay un usuario con alto volumen y no atiende la recomendación de bajarle: se desactivan todos los altavoces como medida provisional. El vigilante pregunta por la clave del Wi-Fi. Pendiente consultar con el área de conectividad y responderle. ',3,'','','','',7,321,37,'2014-12-16 10:07:22','2015-05-22 15:30:29'),(332,'2014-12-16','Visita Inauguración Aula Ambiental Sol de Oriente','Se realiza una visita de reconocimiento al Aula Ambiental de Sol de Oriente, con el fin de conocer personas, organizaciones y espacios para articular con la dinámica de Apropiaciónd e las TIC en la I.E. Sol de Oriente. Hay pues, nuevos espacios del Aula Ambiental, la Mesa Ambiental de la Comuna 8, y más de 30 Juntas de Acción Comunal para la gestión.\"',0,'','','','',10,326,37,'2014-12-17 09:54:53','2015-05-22 15:30:29'),(333,'2014-12-18','Acompañamiento taller Eafit_Labs Comunitarios','Explorando lo que sería un Laboratorio Comunitario de experimentación hipermedia en Santa Elena, 5 profesionales liderados por Mauricio Vásquez (docente de Eafit), acompañan a un grupo de más de 10 personas en dos talleres: en el primero se emplea el Lego Serious Play, y en el segundo se hace un taller de realización audiovisual. Se defina un laboratorio comunitario como un concepto, más que como un espacio (itinerancia): comprende saberes y personas reunidas por el trabajo colaborativo,. El orden del día es el siguiente: Saludo y recuento; entrega de dispositivo tecnológico: lápiz; Justificación del empleo del lenguaje audiovisual para este acercamiento; Corto de Geroge Meliés; Cada participantee a devolver el amterial en enero. muestra una foto especial y la asocia con una palabra clave y breve historia (ejercicio de memoria); construcción de una línea argumental con las fotos; Refrigerio; Qué es un story board y una scaleta; división por equipos para elaboración de scaleta; entrega de cámara y salida a grabar, esegurándose de hacer edición por cámara (grabar lo que va a quedar en el orden adecuado); Recepciónd e las cámaras. El equipode Eafit se compromete a devolver el material en enero.',16,'20141218_090357.jpg','20141218_092808.jpg','20141218_093132.jpg','uploads/accompaniment/accompaniment_adjunct',11,319,37,'2014-12-22 09:27:36','2015-05-22 15:30:29'),(334,'2014-12-03','Acompañamiento y formación a Gestor TIC Comuna 7','Se realiza la primera reunión con María Camila Puerta Martinez, gestora TIC para la comuna 7, se firma el acta de compromiso y entregan contenidos del Taller de Herramientas Web 2.0 y Alfabetización Digital para el trabajo a realizar en el CEDEZO La Quintana y el Parque Biblioteca.  ',1,'Parque_Biblioteca_La_Quintana_Acompanamiento_Gestores_TIC.jpg','','','uploads/accompaniment/accompaniment_adjunct',4,184,24,'2014-12-22 11:42:35','2015-05-22 15:30:29'),(335,'2014-12-15','Sensibilización a funcionarios kit de inclusión','Se realiza la sensibilización Sobre el Kit de Inclusión Digital-Tecnología para todos a los funcionarios del Parque Biblioteca Doce de Octubre. Está se realiza en dos grupos, en el primero asisten diez de los funcionarios, en el segundo se completa el cupo con ocho más, está estrategia se realiza con el fin de no cerrar la biblioteca y prestar el servicio de forma cómoda. ',18,'Parque_Biblioteca_Doce_de_Octubre_Taller_Funcionarios_Kit_de_Inclusion_Digital_1.jpg','Parque_Biblioteca_Doce_de_Octubre_Taller_Funcionarios_Kit_de_Inclusion_Digital_2.jpg','Parque_Biblioteca_Doce_de_Octubre_Taller_Funcionarios_Kit_de_Inclusion_Digital_4.jpg','uploads/accompaniment/accompaniment_adjunct',12,453,24,'2014-12-22 12:03:05','2015-05-22 15:30:29'),(336,'2014-12-19','Acompañamiento a gestores TIC','presentación del programa, del pilar de apropiación y explicación de las funciones de los gestores TIC a estudiantes beneficiarios de Presupuesto Participativo que tienen el compromiso de realizar su labor social con nosotros. Se llega al acuerdo de que se iniciaran actividades lo más pronto posible ya que estos estudiantes deben muchas horas.',5,'Mascerca_Poblado_induccion_gestores_TIC_1.JPG','','','uploads/accompaniment/accompaniment_adjunct',4,349,15,'2014-12-23 16:04:47','2015-05-22 15:30:29'),(337,'2015-02-02','Seguimiento al punto de navegación','Se visita el sitio para recoger indicadores que los tenía el estudiante de presupuesto participativo Andres Felipe, quién manifiesta que seguirá yendo al sitio a pagar horas, se hace revisión del uso de los equipos y se atienden usuarios del punto de navegación.',1,'IMG_20150202_144513.jpg','IMG_20150202_144508.jpg','','uploads/accompaniment/accompaniment_adjunct',4,436,16,'2015-02-03 13:35:17','2015-05-22 15:30:29'),(338,'2015-01-09','Seguimiento al punto de navegación','\"Inducción al gestor TIC Andrés Felipe López para que acompañe el punto de navegación del sitio de gobierno. Se habia programado una reunión con Eliana Zuluaga persona encargada del punto pero no se presentó por que tenía otro compromiso, sin embargo se el reconocimiento de las instalaciones del lugar y explicación de las actividades a realizar en este:\r\n - Velar por el registro de los usuarios\r\n - Invitar a la comunidad que se acerca al sitio a que use el punto\r\n - Realizar asesorías individuales en el punto\r\n - Realizar asesorías sobre dispositivos móviles a los usuarios\r\n - Queda pendiente socializar el banco de actividades\r\n Andrés Felipe estará visitando intercalando el tiempo de acompañamiento entre la taquilla única y tesorería según las dinámicas y demandas de cada sitio\"',1,'','','','',4,436,16,'2015-02-03 13:38:07','2015-05-22 15:30:29'),(339,'2015-01-21','Seguimiento al punto de navegación','\"Visita de seguimiento al sitio de gobierno para observar el acompañamiento que está realizando Andrés López, gestor TIC encargado. \r\n El gestor se observa puntual y responsable, tiene las planillas en orden.\r\n Se aprovecha esta visita para compartir los contenidos digitales del curso de Alfabetización Digital y Gobierno en Línea y explicarle la dinámica de estos ya que lo ideal es iniciar procesos de formación en febrero en los sitios que se tienen ubicados en la comuna 3.\"',1,'','','','',4,436,16,'2015-02-03 13:39:05','2015-05-22 15:30:29'),(340,'2015-01-09','Seguimiento al punto de navegación','\"Inducción al gestor TIC Andrés Felipe López para que acompañe el punto de navegación del sitio de gobierno. La persona encargada del punto se encuentra de vacaciones por lo tanto se realizó la presentación e inducción con Isabel Cristina Diez, ella es la encargada de firmar las horas y estar pendiente de los facilitadores que acompañan el punto, se hizo el reconocimiento de las instalaciones del lugar y explicación de las actividades a realizar en este:\r\n - Velar por el registro de los usuarios\r\n - Invitar a la comunidad que se acerca al sitio a que use el punto\r\n - Realizar asesorías individuales en el punto\r\n - Realizar asesorías sobre dispositivos móviles a los usuarios\r\n - Queda pendiente socializar el banco de actividades\r\n Andrés Felipe estará visitando intercalando el tiempo de acompañamiento entre la taquilla única y tesorería según las dinámicas y demandas de cada sitio\"',1,'','','','',4,437,16,'2015-02-03 13:40:35','2015-05-22 15:30:29'),(341,'2015-01-21','Seguimiento al punto de navegación','\"Visita de seguimiento al sitio de gobierno para observar el acompañamiento que está realizando Andrés López, gestor TIC encargado. \r\n El gestor se observa puntual y responsable, tiene las planillas en orden, pero se evidencia que el punto no es usado casi por los usuarios, se le sugiere al gestor TIC que motive a las personas que van al sitio de gobierno para que lo usen y que use el tablero adjunto a los equipos para plasmar mensajes que inviten al uso.\"',1,'','','','',7,437,16,'2015-02-03 13:41:27','2015-05-22 15:30:29'),(342,'2015-02-03','Seguimiento Punto de Navegación ','Se realizó seguimiento al punto de navegación en donde se pudo recoger los indicadores del sitio y conocer a la nueva líder de servicio del Mascerca.',2,'Mascerca_Poblado_Seguimiento_al_sitio_2015_02_03_1.jpg','Mascerca_Poblado_Seguimiento_al_sitio_2015_02_03_2.jpg','Mascerca_Poblado_Seguimiento_al_sitio_2015_02_03_3.jpg','uploads/accompaniment/accompaniment_adjunct',7,349,15,'2015-02-05 09:02:52','2015-05-22 15:30:29'),(343,'2015-02-02','Seguimiento al Sitio','Se realiza visita al sitio para evidenciar el buen funcionamiento de los equipos y se recogen indicadores.',1,'Centro_de_Servicios_estadio_Segumiento_al_sitio.jpg','','','uploads/accompaniment/accompaniment_adjunct',10,249,23,'2015-02-09 08:46:39','2015-05-22 15:30:29'),(344,'2015-02-05','Seguimiento al Sitio','En el telecentro se realizó empalme de los procesos actuales y se enfatizó en la propuesta de realizar el taller de Narrativas con el grupo de personas que conforman la emisora Radio Comuna 2 liderada por Willmar Osorio. Además del taller, el telecentro hizo la invitación abierta para que el programa participe de la emisora en algunos pregrabados. Se planeó para la próxima semana charla de dispositivos móviles.',1,'Telecentro_Villa_del_Socorro_Empalme_y_acuerdos.jpg','','','uploads/accompaniment/accompaniment_adjunct',10,198,23,'2015-02-09 09:08:41','2015-05-22 15:30:29'),(345,'2015-03-04','Acompañamiento Curso Alfabetización Digital','Se abrió el primer proceso de formación en Aula abierta, acompañado por MDE en la Institución Educativa San Roberto Belarmino, proceso de alfabetización Digital dictado por el Gestor TIC  Ricardo Alzate',1,'aula_abierta.jpg','','','uploads/accompaniment/accompaniment_adjunct',2,356,38,'2015-03-05 08:54:56','2015-05-22 15:30:29'),(346,'2015-02-24','Seguimiento Punto de Navegación ','se realizó el empalme con la nueva encargada del sitio, además se realizo seguimiento al punto de navegación y se tomo el registro de usuario.',1,'','','','',7,439,15,'2015-03-06 14:16:16','2015-05-22 15:30:29'),(347,'2015-02-24','Seguimiento Punto de Navegación ','Se realizó el seguimiento al WIFI del parque de Belén, se habló con un usuario frecuente del sitio quien nos contó que en semana el internet funciona muy bien pero los fines de semana es lento y no carga algunas páginas.',1,'','','','',7,352,15,'2015-03-06 14:18:20','2015-05-22 15:30:29'),(348,'2015-02-24','Seguimiento proceso de formación','Se realizó el seguimiento al curso de alfabetización digital en el parque Biblioteca, se habló con los gestores TIC encargados y se firmaron los documentos requeridos para la realización de sus horas de labor social.',2,'','','','',4,193,15,'2015-03-06 14:29:16','2015-05-22 15:30:29'),(349,'2015-03-04','Inicio de curso','Seguimiento al Aula abierta de la instituciín educativa, donde se está trabajando en alfabetización digital con comunidad orientado por un Gestor TIC',0,'','','','',2,356,15,'2015-03-06 15:39:20','2015-05-22 15:30:29'),(351,'2015-03-04','Seguimiento Punto de Navegación ','Se habló con dos usuarios del punto de navegación acerca del funcionamiento de los equipos, estos mencionaron que estaban conformes con el funcionamiento de estos.',2,'Casa_de_gobierno_SADEP_Seguimiento_Punto_de_navegacion_20150304_103711.jpg','','','uploads/accompaniment/accompaniment_adjunct',11,333,15,'2015-03-06 16:14:46','2015-05-22 15:30:29'),(352,'2015-03-05','Sensibilización Alfabetización Digital y Mercadeo','Se realizó una sensibilización con emprendedores del CEDEZO para realizar las inscripciones al curso de Alfabetización Digital y al taller de Mercadeo digital, se logró establecer la fecha de inicio.',0,'CEDEZO_San_Javier_Sensibilizacion_procesos_de_formacion.jpg','CEDEZO_San_Javier_Sensibilizacion_cursos.jpg','','uploads/accompaniment/accompaniment_adjunct',11,174,15,'2015-03-06 16:22:20','2015-05-22 15:30:29'),(354,'2015-03-10','Acompañamiento proceso de formación','Se realizó el acompañamiento al gestor en el curso de alfabetización digital con adultos mayores.',0,'Parque_Biblioteca_de_Belen_Acompanamiento_Gestor_TIC_20150310_161317.jpg','Parque_Biblioteca_de_Belen_Acompanamiento_Gestor_TIC_2_20150310_172409.jpg','','uploads/accompaniment/accompaniment_adjunct',4,193,15,'2015-03-11 11:17:35','2015-05-22 15:30:29'),(355,'2015-03-11','Acompañamiento a gestor TIC Cedezo San Javier','Acompañamiento a Gestor TIC en el inicio del curso de alfabetización digital con emprendedores en el CEDEZO de San Javier',0,'CEDEZO_SAN_JAVIER.jpg','CEDEZO_SAN_JAVIER_2.jpg','','uploads/accompaniment/accompaniment_adjunct',4,174,38,'2015-03-12 10:12:39','2015-05-22 15:30:29'),(356,'0000-00-00','Empalme e información','Se presenta al gestor que acompañara el proceso y sus labores a los funcionarios',5,'Casa_Maren_Empalme.jpg','','','uploads/accompaniment/accompaniment_adjunct',4,465,10,'2015-03-18 15:25:55','2015-05-22 15:30:29'),(357,'2015-03-19','Primera sesión AD Emprendedores','Sensibilización y acompañamiento al gestor TIC en su primera clase de AD en el CEDEZO de Moravia con emprendedores.',9,'IMG_20150319_WA0010.jpg','','','uploads/accompaniment/accompaniment_adjunct',4,166,10,'2015-03-20 08:09:48','2015-05-22 15:30:29'),(358,'2015-03-18','Gestión de actividades en el punto de navegación','Se realizó una pequeña intervención en el sitio en donde se pudo identificar algunas necesidades que tienen los usuarios del punto de navegación en su mayoría niños y niñas, se intentará agendar una charla de NSN con ellos.',2,'Corregiduria_El_Limonar_Intervencion_en_el_sitio.jpg','Corregiduria_El_Limonar_Seguimiento_Punto_de_Navegacion.jpg','','uploads/accompaniment/accompaniment_adjunct',7,336,15,'2015-03-24 17:53:01','2015-05-22 15:30:29'),(359,'2015-03-20','Entrega de formatos','Se realizó una reunión con la Gestora TIC Alejandra para presentar los formatos de procesos de formación con los que iniciara su labor social.',0,'','','','',4,192,15,'2015-03-25 16:38:19','2015-05-22 15:30:29'),(360,'2015-03-24','Acompañamiento curso','Se realizo acompañamiento a los gestores TIC en el curso de Alfabetización Digital.',0,'','','','',4,439,15,'2015-03-25 16:39:11','2015-05-22 15:30:29'),(361,'2015-03-24','Acompañamiento curso','Se realizo acompañamiento a los gestores TIC en el curso de Alfabetización Digital.',0,'','','','',4,439,15,'2015-03-25 16:39:46','2015-05-22 15:30:29'),(362,'2015-03-25','Sensibilización Alfabetización Digital','Se realizó la sensibilización de Alfabetización digital en compañia de la nueva gestora de la comuna 80.',0,'','','','',4,178,15,'2015-03-25 16:40:41','2015-05-22 15:30:29'),(363,'2015-03-25','Sensibilización Alfabetización Digital','Se realizó la sensibilización de Alfabetización digital en compañía de la nueva gestora de la comuna 80.',0,'','','','',4,178,15,'2015-03-25 16:41:18','2015-05-22 15:30:29'),(364,'2015-03-20','Seguimiento al Punto Wifi','En el espacio se le contó a varias personas acerca de la red de Medellín Ciudad Inteligente, algunas personas no sabían de la existencia de esta.',4,'IMG_6042_2.JPG','','','uploads/accompaniment/accompaniment_adjunct',7,473,42,'2015-03-26 08:40:17','2015-05-22 15:30:29'),(365,'2015-03-20','Intervención ','Se recogieron las planillas del punto de navegación y se observó la afluencia de público en el lugar.',4,'IMG_6035_2.jpg','','','uploads/accompaniment/accompaniment_adjunct',7,282,42,'2015-03-26 08:42:02','2015-05-22 15:30:29'),(366,'2015-03-27','Sensibilización de nuevo sitio WIFI','Sensibilización en el uso de WIFI libre en el parque, se presenta el servicio a los vecionos del sector',60,'2015_04_07.jpg','Guadalupe.jpg','','uploads/accompaniment/accompaniment_adjunct',11,510,10,'2015-03-27 15:56:48','2015-05-22 15:30:29'),(367,'2015-03-26','Asesoría usuarios','Atención a tres usuarios en el punto de navegación.  Se les pregunta sobre lo que hacen en Intenet: redes sociales, jugar.',3,'Inspeccion_9B_El_Salvador_4.JPG','Inspeccion_9B_El_Salvador_3.JPG','','uploads/accompaniment/accompaniment_adjunct',7,307,20,'2015-03-30 12:01:16','2015-05-22 15:30:29'),(368,'2015-02-24','Gestora TIC de PP','Reunión con la gestora TIC para dinamizar la atención de usuarios en el punto de navegación',1,'Mascerca_Buenos_Aires_gestora_TIC_1.jpg','Mascerca_Buenos_Aires_gestora_TIC_2.jpg','','uploads/accompaniment/accompaniment_adjunct',4,314,20,'2015-03-30 13:54:20','2015-05-22 15:30:29'),(369,'2015-02-24','Asesoría usuarios','Asesoría a usuario del punto. Se verifica la existencia de los catálogos de trámites, se encuentra completos. No se encuentra la funcionaria encargada del lugar. Recolección de registro de uso',1,'Inspeccion_9B_seguimiento_1.jpg','','','uploads/accompaniment/accompaniment_adjunct',7,307,20,'2015-03-30 15:32:37','2015-05-22 15:30:29'),(370,'2015-02-17','Charla Gobierno en Línea ','charla sobre gobierno en línea con 72 jóvenes del grado once en el aula de informática. ',72,'Republica_de_Urugay_Charla_Gobierno_en_Linea_1.jpg','Republica_de_Urugay_Charla_Gobierno_en_Linea.jpg','','uploads/accompaniment/accompaniment_adjunct',3,472,42,'2015-03-30 16:24:10','2015-05-22 15:30:29'),(371,'2015-02-18','Acompañamiento gestores TIC:',' Inducción al gestor TIC John Harold Londoño estudiante beneficiario de PP del Pascual Bravo. En la reunión con el se tocaron los siguientes temas:\r\n-El programa MCI, el área de apropiación y su labor como gestor TIC.\r\n-Selección de horarios para acompañamiento: John Harold se compromete a acompañar el curso de alfabetización digital que se lleva a cabo en la IE República de Uruguay los días martes de 6:00 a 8:00 p.m. y el curso de la IE Pedro Claver Aguirre los miércoles de 5:00 a 7:00 p.m. \r\n',1,'Comuna_5_IE_Pedro_Claver_Aguirre_Acompanamiento_gestores_TIC.JPG','','','uploads/accompaniment/accompaniment_adjunct',4,232,42,'2015-03-30 16:27:58','2015-05-22 15:30:29'),(372,'2015-02-18','Sensibilización cursos','Reunión general sobre la reactivación de la emisora con el grupo de estudiantes seleccionados por los docentes a cargo (Nelcy Tavera y Juan Diego Uribe). Se les hizo una presentación sobre el programa MCI y una presentación para hablar de algunos conceptos claves sobre la metodología de trabajo.\r\nA esta actividad asistieron  los estudiantes seleccionados para participar en el proyecto, cada uno se presentó con su nombre, grado y la expectativa para participar en la emisora, se compartió la programación o cronograma de trabajo que fue aprobada por todos, pero que está sujeta a cambios según la dinámica de trabajo.\r\nLa próxima reunión queda programada para el 12 de marzo de 8:30 a 10:00 a.m. en la biblioteca. El resto de encuentros será semanal en este mismo horario y espacio.\r\n',23,'Comuna_7_IE_Mariscal_Robledo_Emisora_1.JPG','Comuna_7_IE_Mariscal_Robledo_Emisora_2.JPG','Comuna_7_IE_Mariscal_Robledo_Emisora_3.JPG','uploads/accompaniment/accompaniment_adjunct',12,281,42,'2015-03-30 16:29:47','2015-05-22 15:30:29'),(373,'2015-02-25','Seguimiento a Gestores TIC','Este seguimiento se realizó en conjunto con la persona encargada de coordinar la biblioteca  Diana María Giraldo, la coordinadora le realiza claridades frente al proceso que se iniciará con adultos en este sitio, y las invita a realizar la formación con la mayor seriedad del caso. ',2,'Fundacion_Raton_de_Biblioteca_La_Esperanza_Seguimiento_a_Gestores_TIC.jpg','','','uploads/accompaniment/accompaniment_adjunct',4,479,24,'2015-03-30 19:55:46','2015-05-22 15:30:29'),(374,'2015-02-26','Seguimiento a Curso de Alfabetización Digital','Se realiza un acompañamiento al Gestor TIC Ranue Posso encargado de velar por la formación de empresarios y emprendedores de la comuna 7 adscritos al Cedezo. ',9,'Cedezo_La_Quintana_Seguimiento_al_Curso_de_AD_1.jpg','Cedezo_La_Quintana_Seguimiento_al_Curso_de_AD_2.jpg','Cedezo_La_Quintana_Seguimiento_al_Curso_de_AD_3.jpg','uploads/accompaniment/accompaniment_adjunct',3,168,24,'2015-03-30 20:01:57','2015-05-22 15:30:29'),(375,'2015-03-05','Seguimiento a Gestores TIC','Reunión con los dos gestores TIC encargados de llevar el taller de herramientas web 2.0 en la Fundación Ratón de Biblioteca, se evalúa su proceso y se apunta a resolver dudas frente a este.',2,'Raton_de_Biblioteca_La_Esperanza_Seguimiento_a_Gestores_TIC.jpg','','','uploads/accompaniment/accompaniment_adjunct',4,479,24,'2015-03-30 20:28:14','2015-05-22 15:30:29'),(376,'2015-03-05','Seguimiento a Taller de Herramientas web 2.0','Se realiza seguimiento al taller de herramientas Web 2.0 dictado por los dos Gestores TIC encargados del sitio. ',6,'Raton_de_Biblioteca_La_Esperanza_Seguimiento_Curso_Herramientas_Web_2_3.jpg','Raton_de_Biblioteca_La_Esperanza_Seguimiento_Curso_Herramientas_Web_2_2.jpg','Raton_de_Biblioteca_La_Esperanza_Seguimiento_Curso_Herramientas_Web_2_1.jpg','uploads/accompaniment/accompaniment_adjunct',3,479,24,'2015-03-30 20:35:46','2015-05-22 15:30:29'),(377,'2015-03-12','Acompañamiento a la Escuela de Líderes','En está fecha los participantes presentan una vaga propuesta de los módulos de formación que se tendrán en la escuela de líderes, el profesional de inclusión digital y la gestora de cultura digital escuchan con atención y propones continuar con un taller de ideación, el cual se llevará a cabo en el mes de mayo, se propone seguir trabajando en pro de la invitación a los demás líderes juveniles. ',5,'IE_Sor_Juana_Ines_de_la_Cruz_Formacion_Escuela_de_Lideres_Juveniles_1.jpg','IE_Sor_Juana_Ines_de_la_Cruz_Formacion_Escuela_de_Lideres_Juveniles.jpg','','uploads/accompaniment/accompaniment_adjunct',10,226,24,'2015-03-30 21:09:07','2015-05-22 15:30:29'),(378,'2015-03-14','Acompañamiento Observatorio Comuna 5','En esta oportunidad se trabajó el primer módulo del taller de Planeación de la comunicación, en este se trabajó todo el concepto de la participación y para que nos debemos comunicar. ',10,'IE_Pedro_Claver_Formacion_Observatorio_Comuna_5_Taller_Planeacion_de_la_Comunicacion_3.jpg','IE_Pedro_Claver_Formacion_Observatorio_Comuna_5_Taller_Planeacion_de_la_Comunicacion_1.jpg','','uploads/accompaniment/accompaniment_adjunct',10,232,24,'2015-03-30 21:15:59','2015-05-22 15:30:29'),(379,'2015-03-14','Sensibilización Curso Alfabetización Digital','Inicio del curso Alfabetización Digital y Gobierno en Línea a cargo de los Gestores TIC Gustavo Gonzalez y Sandy Ramos. ',12,'IE_Villa_Flora_Seguimiento_Curso_AD_1.jpg','IE_Villa_Flora_Seguimiento_Curso_AD_2.jpg','IE_Villa_Flora_Seguimiento_Curso_AD_3.jpg','uploads/accompaniment/accompaniment_adjunct',12,289,24,'2015-03-30 21:22:02','2015-05-22 15:30:29'),(380,'2015-03-19','Divulgación y acompañamiento escuela de líderes','Está reunión se cita para dar paso a un proceso de divulgación que se viene gestando con todos los líderes de la zona 2 (Comunas 5, 6 y 7) con el fin de anudar esfuerzos en la construcción de la escuela de líderes populares. Los llamados a participar no acogen la convocatoria y por tanto solo se realiza con 3 personas el encuentro.',3,'PB_La_Quintana_Reunion_Lideres_Comuna_5.jpg','','','uploads/accompaniment/accompaniment_adjunct',10,184,24,'2015-03-30 22:35:06','2015-05-22 15:30:29'),(381,'2015-03-18','Certificación Curso Alfabetización Digital','En está fecha se realiza la certificación del Curso dictado por los estudiantes beneficiarios de PP. ',17,'IE_Villa_Flora_Certificacion_Curso_AD_1.JPG','IE_Villa_Flora_Certificacion_Curso_AD_2.JPG','IE_Villa_Flora_Certificacion_Curso_AD_3.JPG','uploads/accompaniment/accompaniment_adjunct',2,289,24,'2015-03-30 22:53:10','2015-05-29 15:28:48'),(382,'2015-03-24','Sensibilización Taller Herramientas web 2.0','Sensibilización del Taller Herramientas Web 2.0 en el Telecentro La Carmelita',7,'Telecentro_La_Carmelita_Sensibilizacion_Curso_Herramientas_web_2_2.jpg','Telecentro_La_Carmelita_Sensibilizacion_Curso_Herramientas_web_2_1.jpg','','uploads/accompaniment/accompaniment_adjunct',12,483,24,'2015-03-30 22:54:05','2015-05-22 15:30:29'),(383,'2015-03-26','Visita a Zona WIFI','Se realiza una conexión por parte de las dos gestoras a la red Wifi y se comenta a las personas de que este sitio ya cuenta con el servicio. ',4,'Canchas_El_Progreso_2_Seguimiento_a_sitio_publico.jpg','','','uploads/accompaniment/accompaniment_adjunct',7,485,24,'2015-03-30 23:02:04','2015-05-22 15:30:29'),(384,'2015-03-25','Seguimiento al Kit de Inclusión Digital','Nos acercamos al aula de sistemas para conocer los adelantos que se tienen en el Parque Biblioteca en la apropiación del Kit de Inclusión Digital, para esto nos encontramos que varias personas en situación de discapacidad vienen trabajando con este recurso acompañados por Norma Ibargüen la encargada del espacio. ',4,'PB_La_Quintana_Seguimiento_al_Kit_de_Inclusion_Digital_1.jpg','PB_La_Quintana_Seguimiento_al_Kit_de_Inclusion_Digital_2.jpg','PB_La_Quintana_Seguimiento_al_Kit_de_Inclusion_Digital_3.jpg','uploads/accompaniment/accompaniment_adjunct',10,184,24,'2015-03-30 23:15:10','2015-05-22 15:30:29'),(385,'2015-03-30','Seguimiento y acompañamiento ','Se realizó el seguimiento a los gestores TIC en el curso de alfabetización digital, se desarrollo la primera clase de gobierno en línea y se aclararon dudas del correo electrónico.',0,'Mascerca_de_Belen_Seguimiento_Gestores_TIC_1.jpg','Mascerca_de_Belen_Seguimiento_Gestores_TIC_2.jpg','','uploads/accompaniment/accompaniment_adjunct',4,438,15,'2015-03-31 16:47:22','2015-05-22 15:30:29'),(386,'2015-03-30','Seguimiento y acompañamiento ','Se realizó el seguimiento a los gestores TIC en el curso de alfabetización digital, se desarrollo la primera clase de gobierno en línea.',0,'Unidad_Integral_de_Belen_Seguimiento_gestores_TIC.jpg','Unidad_Integral_de_Belen_Seguimiento_gestores_TIC_2.jpg','','uploads/accompaniment/accompaniment_adjunct',4,362,15,'2015-03-31 16:49:00','2015-05-22 15:30:29'),(387,'2015-03-31','Intervención','Se visitó el parque de San Cristóbal y se verificó el buen uso y funcionamiento del internet, además de esto se conversó con algunos usuarios y se informó de los fondos de educación superior.',2,'Parque_S_Cristobal_Seguimiento.jpg','','','uploads/accompaniment/accompaniment_adjunct',11,283,23,'2015-03-31 22:01:41','2015-05-22 15:30:29'),(388,'2015-03-31','Formación Gestores TIC','El día de hoy nos encontramos en el aula de capacitaciones del Parque Biblioteca Tomás Carrasquilla- La Quintana con el fin de formar a Cristian y Jackeline, gestores TIC de la Zona 2 para formarlos en el contenido de Narrativas Digitales. ',2,'PB_La_Quintana_Formacion_Gestores_TIC_1.jpg','PB_La_Quintana_Formacion_Gestores_TIC_2.jpg','PB_La_Quintana_Formacion_Gestores_TIC.jpg','uploads/accompaniment/accompaniment_adjunct',3,184,24,'2015-03-31 22:23:42','2015-05-22 15:30:29'),(392,'2015-04-01','Reunión Gestores TIC','Reunión con 5 estudiantes beneficiarios de presupuesto participativo para vincularlos en la figura de Gestores TIC y acompañen los procesos de apropiación en el punto de navegación del Mascerca de Buenos Aires y en aulas abiertas que puedan gestionarse en las IE cercanas. ',5,'Mascerca_Buenos_Aires_Acompanamiento_Gestores_TIC_1.JPG','Mascerca_Buenos_Aires_Acompanamiento_Gestores_TIC_2.JPG','Mascerca_Buenos_Aires_Acompanamiento_Gestores_TIC_3.JPG','uploads/accompaniment/accompaniment_adjunct',4,314,17,'2015-04-07 11:39:14','2015-05-22 15:30:29'),(395,'2015-04-08','Seguimiento al sitio','Se realizó seguimiento al sitio, se habló con el funcionario encargado de la atención al usuario y con 2 de los usuarios del punto de navegación acerca del funcionamiento del mismo y ellos expresaron que los computadores funcionan bien, además se recogieron los indicadores de gobierno.',2,'Mascerca_del_Poblado_Seguimiento_al_sitio_2.jpg','Mascerca_del_Poblado_Seguimiento_al_sitio.jpg','','uploads/accompaniment/accompaniment_adjunct',10,349,43,'2015-04-09 08:42:25','2015-05-22 15:30:29'),(396,'2015-04-08','Acompañamiento a gestor TIC Cedezo San Javier','Acompañamiento al curso de Alfabetización Digital dinamizado por el Gestor TIC Mateo Meneses',0,'FullSizeRender_1.jpg','','','uploads/accompaniment/accompaniment_adjunct',4,174,38,'2015-04-09 09:25:01','2015-05-22 15:30:29'),(399,'2015-04-07','sesión de transferencia de contenidos ','Se realizó una jornada de acompañamiento a gestores y gestoras TIC con el fin de  presentarles los contenidos del programa. En la sesión estuvimos conversando sobre la estrategia del Programa respecto a internet seguro, vimos los contenidos del curso de Alfabetización Digital y el taller de Gobierno en Línea. Los chicos y chicas aclararos dudas sobre dichos contenidos y se mostraron entusiasmados por empezar a dictar clases. ',6,'tallerchicxsPP.jpg','','','uploads/accompaniment/accompaniment_adjunct',4,440,21,'2015-04-09 15:57:29','2015-05-22 15:30:29'),(400,'2015-04-08','Acompañamiento curso AD','Se realizó la tercera sesión de Alfabetización Digital, pues las estudiantes de pp no pudieron asistir por cuestiones de estudio.',0,'CEDEZO_SADEP_Acompanamiento_AD.jpg','','','uploads/accompaniment/accompaniment_adjunct',4,178,15,'2015-04-09 16:11:29','2015-05-22 15:30:29'),(401,'2015-04-09','Seguimiento al punto de navegación','Seguimiento al punto de navegación del CAV de Caunces. Se encontró que uno de los equipos está dañado y que sólo hay uno en funcionamiento. Se interactuó con dos usuarios que se encontraban en el sitio haciendo uso del internet para conocer sus intereses y actividades realizadas allí.',2,'CAV_Caunces_Seguimiento_Punto_de_navegacion_2.JPG','CAV_Caunces_Seguimiento_Punto_de_navegacion_2.JPG','','uploads/accompaniment/accompaniment_adjunct',10,298,17,'2015-04-09 16:27:28','2015-05-22 15:30:29'),(402,'2015-04-13','Capacitación Alfabetizadores','Capacitación a los alfabetizadores de la institución educativa para el curso de AD ',5,'Capacitacion_gestores_Bravo_Marquez.jpg','','','uploads/accompaniment/accompaniment_adjunct',4,159,10,'2015-04-13 16:50:08','2015-05-22 15:30:29'),(403,'2015-04-14','Capacitación Gestores TIC en Dispositivos moviles','Capacitación Gestores TIC en Dispositivos móviles y metodologías de enseñanza con el adulto mayor',3,'Capacitacion_gestores_UVA_Moscu.jpg','','','uploads/accompaniment/accompaniment_adjunct',4,442,10,'2015-04-14 16:13:18','2015-05-22 15:30:29'),(404,'2015-04-13','Acompañamiento curso','Se realizó acompañamiento a los Gestores TIC en la octava sesión de Alfabetización digital.',0,'Mascerca_Belen_Acompanamiento_Gestores_TIC_1.jpg','Mascerca_Belen_Acompanamiento_Gestores_TIC_2.jpg','','uploads/accompaniment/accompaniment_adjunct',4,438,15,'2015-04-15 17:40:23','2015-05-22 15:30:29'),(405,'2015-04-13','Acompañamiento curso','Se realizó acompañamiento a los Gestores TIC en la octava sesión de Alfabetización digital.',0,'Unidad_Integral_6_Belen_Acompanamiento_Gestores_TIC.jpg','Unidad_Integral_6_Belen_Acompanamiento_Gestores_TIC_2.jpg','','uploads/accompaniment/accompaniment_adjunct',4,362,15,'2015-04-15 17:43:40','2015-05-22 15:30:29'),(406,'2015-04-15','Acompañamiento curso','Se realizó un acompañamiento a las Gestoras TIC en la sesión cuarta de AD.',0,'CEDEZO_San_Antonio_de_Prado_Curso_AD.jpg','CEDEZO_San_Antonio_de_Prado_Acompanamiento_Gestoras_TIC.jpg','CEDEZO_San_Antonio_de_Prado_Acompanamiento_Gestoras_TIC_2.jpg','uploads/accompaniment/accompaniment_adjunct',4,178,15,'2015-04-15 17:53:33','2015-05-22 15:30:29'),(407,'2015-04-15','Seguimiento curso AD Y GEL','Se dictó la sesión 3 de Herramientas Web 2.0, los alumnos descargaron videos y música de YouTube',8,'Telecentro_La_Carmelita_AD_Y_GEL_1.JPG','Telecentro_La_Carmelita_AD_Y_GEL.JPG','','uploads/accompaniment/accompaniment_adjunct',3,483,42,'2015-04-20 15:18:09','2015-05-22 15:30:29'),(408,'2015-04-17','Capacitación a gestora TIC.','Se realizó una reunión con la gestora TIC Alejandra Moreno para planear el inicio del curso de Alfabetización Digital que ella orientará en el Parque Biblioteca Guayabal, además iniciamos la capacitación en los contenidos del curso.',1,'Parque_Biblioteca_Guayabal_Acompanamiento_a_gestor_TIC.jpg','','','uploads/accompaniment/accompaniment_adjunct',4,192,43,'2015-04-20 15:50:07','2015-05-22 15:30:29'),(409,'2015-04-01','Vinculación de gestores TIC','Reunión con 5 estudiantes beneficiarios de presupuesto participativo para vincularlos en la figura de Gestores TIC y acompañen los procesos de apropiación en el punto de navegación del Mascerca y en aulas abiertas. ',5,'Mascerca_Buenos_Aire_acompanamiento_gestoresTIC.jpg','','','uploads/accompaniment/accompaniment_adjunct',4,314,20,'2015-04-21 11:20:39','2015-05-22 15:30:29'),(410,'2015-04-16','Vinculación de gestor TIC','Reunión con un estudiante de PP para su vinculación como Gestor TIC del programa. Sus labores principales estarán orientadas al diseño de los tutoriales en la plantilla de Power Point, adaptando los contenidos a la imagen del programa. Compromisos: Enviarle las plantillas de PPT y los formatos de tutoriales que debe elaborar; trabajar 8 horas a la semana para terminar estos turoriales.',1,'Mascerca_Buenos_Aires_Acompanamiento_Jerson_Rodriguez_1.JPG','Mascerca_Buenos_Aires_Acompanamiento_Jerson_Rodriguez_2.JPG','','uploads/accompaniment/accompaniment_adjunct',11,314,20,'2015-04-21 11:31:00','2015-05-22 15:30:29'),(411,'2015-04-08','Asesoría usuarios','Atención a usuarios en el punto de navegación. Comprobación del buen funcionamiento de los equipos y de la red wifi externa. Recolección de indicadores. ',5,'Parque_de_la_vida_empalme_1.jpg','Parque_de_la_vida_empalme_2.jpg','','uploads/accompaniment/accompaniment_adjunct',7,318,20,'2015-04-21 12:02:13','2015-05-22 15:30:29'),(412,'2015-04-13','Planeación del proceso formativo','Encuentro con una estudiante quien realizará sus prácticas universitarias en la biblioteca, para vincularla como Gestora TIC y poder así facilitar diversos procesos de formación. Compromiso: Comenzar los viernes en la tarde un curso con adultos sobre alfabetización, narrativas digitales y lecto-escritura; y los lunes en la tarde un taller de herramientas Web con jóvenes.',2,'Biblioteca_Villatina_Reunion_Gestora_TIC_1.JPG','Biblioteca_Villatina_Reunion_Gestora_TIC_2.JPG','','uploads/accompaniment/accompaniment_adjunct',4,525,17,'2015-04-22 15:17:15','2015-05-22 15:30:29'),(413,'2015-04-14','Seguimiento y planeación de actividades','Visita de seguimiento y acompañamiento al Gestor TIC que está desarrollando las horas en el punto de navegación de la Casa de Gobierno. El sitio es poco frecuentado por la comunidad, pero hay muy buena disposición de los funcionarios para prestar el servicio.',1,'Casa_Gobierno_Santa_Elena_Seguimiento_Gestor_TIC_1.jpg','Casa_Gobierno_Santa_Elena_Seguimiento_Gestor_TIC_2.jpg','','uploads/accompaniment/accompaniment_adjunct',4,296,17,'2015-04-22 16:41:04','2015-05-22 15:30:29'),(415,'2015-04-24','Vinculación de gestora TIC','Se realizó una reunión con María Isabel Rúa, estudiante de PP con el fin de realizar su vinculación como gestora TIC del programa, específicamente en el Parque Biblioteca Guayabal para apoyar inicialmente, el curso de Alfabetización Digital y Gobierno en Línea que se dictará los sábados de 9:00 am a 12:00 m. \r\nAdemás se realizó la inducción general sobre el programa, su proceso como gestora TIC y los contenidos del curso de Alfabetización Digital y Gobierno en Línea. Finalmente se firmó el pacto de acompañamiento.',1,'Parque_Biblioteca_Guayabal_Acompanamiento_a_gestora_TIC.jpg','','','uploads/accompaniment/accompaniment_adjunct',4,192,43,'2015-04-27 08:10:24','2015-05-22 15:30:29'),(416,'2015-04-25','Vinculación de gestor TIC','Se realizó una reunión con Diego Gonzalez Muñoz, estudiante de PP con el fin de realizar su vinculación como gestor TIC del programa, él acompañará el curso de Alfabetización Digital y Gobierno en Línea que se dictará los sábados de 08:00 am a 12:00 m en la Institución Educativa José Acevedo y Gómez. Además se realizó la inducción general sobre el programa, su proceso como gestor TIC y los contenidos del curso de Alfabetización Digital y Gobierno en Línea. \r\nLuego de la reunión, se realizó en compañía de Diego la sensibilización del curso a la comunidad. Finalmente se firmó el pacto de acompañamiento.\r\n',1,'Institucion_Educativa_Jose_Acevedo_y_Gomez_Acompanamiento_Gestor_TIC.jpg','','','uploads/accompaniment/accompaniment_adjunct',4,344,43,'2015-04-27 08:35:41','2015-05-22 15:30:29'),(417,'2015-04-24','Acompañamiento','Acompañamiento a gestor tic en el curso Alfabetización Digital',8,'Cedezo_Manrique_A_D1_800x600.jpg','Cedezo_Manrique_A_D2_800x600.jpg','','uploads/accompaniment/accompaniment_adjunct',4,165,10,'2015-04-27 08:58:43','2015-05-22 15:30:29'),(418,'2015-04-25','Cine para todos','Acompañamiento a 7 integrantes de la fundación casa Maren en Cine para Todos, programa de cine de inclusión del ministerio TIC',8,'Casa_Maren_Cine_para_todos_600x800.jpg','Casa_Maren_Cine_para_todos1_600x800.jpg','Casa_Maren_Cine_para_todos2_800x600.jpg','uploads/accompaniment/accompaniment_adjunct',10,465,10,'2015-04-27 09:00:56','2015-05-22 15:30:29'),(419,'2015-04-22','Inducción a Gestores Tic','Se visitó el centro de Servicios de Lusitania donde se realizó el empalme de las nuevas gestoras Tic en relación a las actividades que generalmente se realizan en los sitios de Gobierno con zonas WIFI- Puntos de Navegación, se dieron tips variados de relación con las personas, formas de acercamiento, diligenciamiento de planillas, tipos de asesorías. Se les contó de qué se trata el programa, se diligenciaron formatos, se indagaron expectativas, intereses, se les entregó a cada una la carpeta con alguana documentación para leer y se firmó el pacto de acompañamiento, entre otras actividades. ',2,'IMG_20150422_103051011.jpg','','','uploads/accompaniment/accompaniment_adjunct',4,272,23,'2015-04-27 16:03:08','2015-05-22 15:30:29'),(420,'2015-04-22','Recorrido con Gestor Tic','Se realizó recorrido con Gestor Tic por algunos lugares del Corregimiento de San Cristóbal, entre ellos: Cedezo, Parque y centro de servicios con el propósito de presentarla, conocer los funcionarios y hacer empalme de algunas dinámicas de cada lugar para poder empezar la labor en cada uno de ellos',1,'recorrido.jpg','','','uploads/accompaniment/accompaniment_adjunct',4,567,23,'2015-04-27 16:15:02','2015-05-22 15:30:29'),(421,'2015-04-22','Gestor Tic','Se realizó  acompañamiento  a Cristian, Gestor Tic de la comuna 7 que dicta actualmente taller de herramientas web 2.0 en el telecentro la amistad Villa Sofia en la comuna 7. Se observa buena asistencia al taller aunque algunas personas al parecer deberían estar en A.D . Se conversó con la persona encargada del telecentro para ofertar próximamente taller de narrativas digitales con población jóven. Se diligenciaron planillas y datos con el Gestor Tic y se conversó con las personas del curso.',1,'telecentro_la_amistad_V_Sofia_Acompanamiento_a_Gestor_Tic.jpg','','','uploads/accompaniment/accompaniment_adjunct',4,203,23,'2015-04-27 16:22:54','2015-05-22 15:30:29'),(429,'2015-04-24','Intervención sitio de gobierno','Intervención sitio de gobierno, activación y asesorías individuales',48,'C_A_V_la_America_Activacion1.jpg','C_A_V_la_America_Activacion2.jpg','','uploads/accompaniment/accompaniment_adjunct',7,246,10,'2015-04-28 09:16:30','2015-05-22 15:30:29'),(430,'2015-04-24','Intervención sitio de gobierno','Intervención sitio de gobierno, activación y asesorías individuales.',4,'Aula_Ambiental_la_America_Activacion4.jpg','Aula_Ambiental_la_America_Activacion3.jpg','','uploads/accompaniment/accompaniment_adjunct',7,236,10,'2015-04-28 10:21:02','2015-05-22 15:30:29'),(431,'2015-04-27','Capacitación AlfabetizadoreS Y GESTORES TIC','Se capacita a la gestora Tic y a los alfabetizadores en A.D para curso con comunidad.',5,'Casa_lectura_Villa_guadalupe_Gestor1.jpg','','','uploads/accompaniment/accompaniment_adjunct',4,463,10,'2015-04-28 11:03:40','2015-05-22 15:30:29'),(432,'2015-04-27','Acompañamiento a Gestor TIC','se firmó pacto de acompañamiento y se le entregó al nuevo gestor la información sobre el proceso de formación que va a acompañar en la biblioteca el salado de la comuna 13',1,'Acompanamiento_a_gestor_TIC.JPG','Acompanamiento_a_Gestor_TIC_2.JPG','','uploads/accompaniment/accompaniment_adjunct',5,450,38,'2015-04-29 09:02:24','2015-05-22 15:30:29'),(434,'2015-04-20','Presentación de nuevos gestores','se hizo reunión con el encargado del punto de navegación en el sitio de gobierno Inspección Aranjuez con los gestorres tic que acompañaran y dinamizarán este punto de la ciudad en la comuna 4. Se hace inducción de funciones y actividades con el registro de usuario. ',3,'IMG_6706.JPG','','','uploads/accompaniment/accompaniment_adjunct',4,255,41,'2015-04-29 14:46:59','2015-05-22 15:30:29'),(435,'2015-04-29','Seguimiento a punto de navegación.','Se realizó seguimiento al punto de navegación de la casa de gobierno, se conversó con 3 usuarios y con el funcionario encargado, identificando que los computadores están funcionando bien y se realiza buen uso de estos. Además se recogieron los indicadores del mes de Abril.',3,'','Casa_de_Gobierno_Altavista_Seguimiento_al_punto_de_navegacion.jpg','','uploads/accompaniment/accompaniment_adjunct1',7,332,43,'2015-04-29 15:40:42','2015-05-22 15:30:29'),(436,'2015-04-14','Atención a usuarios','Visita de seguimiento al punto de navegación del centro de servicios de la Alpujarra. Se identificaron tres equipos sin conectividad en el momento. Se interactuó con tres personas que hicieron uso de los computadores durante la visita, confirmando su importancia y funcionalidad para la comunidad.',3,'CAM_seguimiento1_2.JPG','CAM_seguimiento1_1.JPG','CAM_seguimiento1_3.JPG','uploads/accompaniment/accompaniment_adjunct',7,535,20,'2015-04-29 17:19:44','2015-05-22 15:30:29'),(437,'2015-04-28','Atención a usuarios','Se atienden a tres usuarios en el punto de navegación, uno de ellos interesado en la entrega de la ayuda humanitaria. Se verifica el buen funcionamiento de los equipos; pero se encuentra que 5 de ellos sin conexión a internet, se logra habilitar 2; los restantes son reportados a conectividad.',3,'CAM_seguimiento1_4.jpg','CAM_seguimiento1_5.jpg','','uploads/accompaniment/accompaniment_adjunct',7,535,20,'2015-04-29 17:22:17','2015-05-22 15:30:29'),(438,'2015-04-27','Acompañamiento certificación curso','Se realizó el cierre de los dos cursos de alfabetización digital que se estaba realizando con la comunidad de la Unidad Integral 6 de Belén y el Mascerca de Belén, las personas quedaron muy contentas con el curso y quieren realizar otros más.',0,'Parque_Biblioteca_Belen_Cetificacion_Alfabetizacion_Digital_y_Gobierno_en_Linea.jpg','','','uploads/accompaniment/accompaniment_adjunct',4,193,15,'2015-04-30 07:54:44','2015-05-22 15:30:29'),(439,'2015-04-29','Seguimiento y acompañamiento ','Se realizó seguimiento al punto de navegación de la casa de gobierno, se identifico que los equipos están funcionando muy bien.',4,'Casa_de_Gobierno_SADEP_Seguimiento_Punto_de_navegacion_29_04_15.jpg','','','uploads/accompaniment/accompaniment_adjunct',7,333,15,'2015-04-30 08:46:11','2015-05-22 15:30:29'),(442,'2015-04-07','Seguimiento Aulab','Acompañamiento semanal al Laboratorio Aulab de la Institución Educativa Aures',14,'Institucion_Educativa_Aures_Seguimiento_Gestores_TIC.JPG','','','uploads/accompaniment/accompaniment_adjunct',9,568,42,'2015-05-02 19:21:41','2015-05-22 15:30:29'),(443,'2015-04-08','Acompañamiento Laboratorio Comunitario','Acompañamiento semanal al laboratorio que está comenzando en la institución con los tres componentes: emisora, video y periódico.',10,'','Institucion_Educativa_Jorge_Robledo_Laboratorio_1.JPG','','uploads/accompaniment/accompaniment_adjunct1',9,278,42,'2015-05-02 19:24:26','2015-05-22 15:30:29'),(444,'2015-04-10','Acompañamiento Curso ','Seguimiento al curso, ver los avances y como van las personas con las gestoras de este lugar',14,'','','','',3,479,42,'2015-05-02 19:41:51','2015-05-22 15:30:29'),(445,'2015-04-14','Acompañamiento Aulab','Acompañamiento semanal al laboratorio, mirar el proceso y preparar los nuevos productos que se harán este año',12,'Educativa_Aures_Seguimiento_a_gestores_TIC_2.JPG','','','uploads/accompaniment/accompaniment_adjunct',9,568,42,'2015-05-02 20:02:41','2015-05-22 15:30:29'),(446,'2015-04-14','Acompañamiento Curso Herramientas Web 2.0','Se dictó en el curso de Herramientas Web 2.0 el tema de como descargar música y videos de YouTube',9,'Telecentro_La_Carmelita_Curso_AD_y_GEL_1.jpg','Telecentro_La_Carmelita_Curso_AD_y_GEL.jpg','','uploads/accompaniment/accompaniment_adjunct',3,483,42,'2015-05-02 20:06:28','2015-05-22 15:30:29'),(447,'2015-04-22','Acompañamiento Laboratorio Comunitario ','Se habló de hacer varios videos que ayuden a impulsar la institución Educativa ',10,'I_E_Jorge_Robledo_Laboratorio_Audiovisual.jpg','I_E_Jorge_Robledo_Laboratorio_Audiovisual_1.jpg','','uploads/accompaniment/accompaniment_adjunct',9,278,42,'2015-05-02 20:38:22','2015-05-22 15:30:29'),(448,'2015-04-29','Acompañamiento Laboratorio Comunitario','Los chicos hicieron un taller de Stop motion rápido, no hubo mucha asistencia porque en la institución hay varios profesores en paro',7,'Institucion_Educativa_Jorge_Robledo_Laboratorio_Comunitario.jpg','Institucion_Educativa_Jorge_Robledo_Laboratorio_Comunitario_2.JPG','','uploads/accompaniment/accompaniment_adjunct',9,278,42,'2015-05-03 08:29:40','2015-05-22 15:30:29'),(449,'2015-05-07','Acompañamiento Taller Herramientas web 2.0','Se realizó un acompañamiento al taller de herramientas web 2.0 en está sesión se repasaron algunas sesiones trabajadas en Alfabetización Digital. ',12,'Telecentro_La_Carmelita_Taller_Herramientas_web_2_0.jpg','','','uploads/accompaniment/accompaniment_adjunct',3,483,24,'2015-05-03 13:28:40','2015-05-22 15:30:29'),(450,'2015-04-30','Inicio Labor social','Se realizó una reunión con un voluntario y una estudiante de pp que iniciaran la labor social con el programa, acompañando algunos de los procesos de formación que se iniciaran el belén.',0,'Mascerca_Belen_Gestores_TIC.jpg','','','uploads/accompaniment/accompaniment_adjunct',4,438,15,'2015-05-03 13:34:45','2015-05-22 15:30:29'),(451,'2015-04-10','Inducción Gestor TIC','El encuentro se realiza con Ayen Amaya, estudiante del Pascual el cual manifiesta las ganas de cumplir su labor social en las estrategias que propone el programa, en el proceso de inducción se le muestra cual es nuestro objetivo y las opciones que tiene para cumplir con su labor social.  ',0,'Ayen_Fernando_Amaya_Estudiante_Pascual.jpg','','','uploads/accompaniment/accompaniment_adjunct',5,184,24,'2015-05-03 13:41:21','2015-05-22 15:30:29'),(452,'2015-04-10','Inducción Gestor TIC','Se realiza un  proceso de inducción a un estudiante del Pascual Bravo interesado en acompañar los procesos de formación con miras a cumplir con su labor social. Él será el encargado los días sábado de acompañar un curso de Alfabetización Digital con funcionarios de secretaría de Desarrollo económico y además con el parque biblioteca Tomás Carrasquilla La Quintana de asesorar a los usuarios en charlas de dispositivos móviles. ',0,'Cedezo_La_Quintana_Induccion_Gestor_TIC.jpg','Cedezo_La_Quintana_Induccion_Gestor_TIC.jpg','','uploads/accompaniment/accompaniment_adjunct',11,168,24,'2015-05-03 13:45:18','2015-05-22 15:30:29'),(453,'2015-04-11','Acompañamiento Observatorio Comuna 5','En está fecha se revisaron los compromisos y plantearon actividades direccionadas a definir el objetivo y población a la cual se comunicará el proyecto. ',13,'IE_Pedro_Claver_Aguirre_Observatorio_Comuna_5_2.jpg','IE_Pedro_Claver_Aguirre_Observatorio_comuna_5.jpg','','uploads/accompaniment/accompaniment_adjunct',3,232,24,'2015-05-03 13:55:43','2015-05-22 15:30:29'),(454,'2015-04-25','Seguimiento al curso Alfabetización Digital','Hoy se realizó seguimiento al Aula Abierta y se enseñó todo lo concerniente a correo electrónico. ',9,'IE_Villa_Flora_Seguimiento_Curso_AD_y_GEL.jpg','','','uploads/accompaniment/accompaniment_adjunct',2,289,24,'2015-05-03 21:59:17','2015-05-22 15:30:29'),(455,'2015-04-25','Acompañamiento Curso Alfabetización Digital','En la segunda sesión de alfabetización digital y gobierno en línea con los funcionarios de comodatos, se trabaja todo el tema del teclado y el mouse, se realizan ejercicios en Edukanda, los Gestores TIC Ayen Amaya y Osbaldo Arboleda quedan a cargo del curso. ',9,'Cedezo_La_Quintana_Segunda_Sesion_Curso_AD_y_GEL_Funcionarios_3.jpg','','','uploads/accompaniment/accompaniment_adjunct',2,168,24,'2015-05-03 22:02:14','2015-05-22 15:30:29'),(456,'2015-05-14','Reunión gestor TIC','Reunión con estudiante de PP del Pascual interesado en realizar la labor social en el programa. Se le cuenta sobre la estrategia de acompañamiento y se encuentra interesado en la hacerla. \r\nCompromiso: hablar con el edil de la 9 si puede el estudiante hacer su labor social en otra comuna como taquilla única.',1,'Inspeccion_9B_Gestor_TIC_PB.jpg','','','uploads/accompaniment/accompaniment_adjunct',4,307,20,'2015-05-03 22:57:22','2015-05-22 15:30:29'),(457,'2015-04-01','Transferencia de contenidos a Gestorxs Tic','Se realizó una sesión de acompañamiento a los y las gestoras TIC de la comuna 3 y 4 donde se presentaron los contenidos de los talleres y cursos, se aclararon dudas y se realizaron recomendaciones. ',6,'Capacitacion_Gestores_TIC_2.JPG','','','uploads/accompaniment/accompaniment_adjunct',4,440,21,'2015-05-04 15:18:14','2015-05-22 15:30:29'),(458,'2015-05-05','Acompañamiento a Curso','Acompañamiento al curso de alfabetización digital y gobierno en Línea con adulto mayor, realizado por el gestor TIC voluntario, Jhon Andrés Mestra en el telecentro Fátima de la comuna 16.',1,'Telecentro_Fatima_Acompanamiento_a_gestor_TIC_Jhon_Andres_Mestra_en_curso_de_Alfabetizacion_digital_y_gobierno_en_linea.JPG','','','uploads/accompaniment/accompaniment_adjunct',11,207,38,'2015-05-11 14:19:33','2015-05-22 15:30:29'),(459,'2015-05-07','Acompañamiento a Curso','Acompañamiento al curso de alfabetización digital y gobierno en Línea con adulto mayor, realizado por la gestora TIC de Pascual Bravo, Carolina Moreno en el telecentro Fátima de la comuna 16.',1,'Telecentro_Fatima_Acompanamiento_a_gestora_TIC_Carolina_Moreno_en_curso_de_Alfabetizacion_digital_y_gobierno_en_linea.JPG','','','uploads/accompaniment/accompaniment_adjunct',4,207,38,'2015-05-11 14:23:23','2015-05-22 15:30:29'),(460,'2015-05-09','Acompañamiento gestora TIC ','Acompañamiento a la gestora TIC del Pascual Bravo en el punto de navegación. El próximo sábado termina su labor social y se le entregará el certificado de terminación de sus horas.',1,'Parque_de_la_Vida_Acompanamiento_gestoraPB_Irianda_Osorio_1.jpg','Parque_de_la_Vida_seguimiento.jpg','','uploads/accompaniment/accompaniment_adjunct',5,318,20,'2015-05-11 16:45:03','2015-05-22 15:30:29'),(461,'2015-05-07','Seguimiento kit de inclusión digital','Seguimiento al kit de inclusión digital y acompañamiento al curso de alfabetización digital para personas en situación de discapacidad. Se señala la necesidad de utilizar algunas herramientas del kit para algunos participantes del curso',3,'PB_Leon_de_Greiff_acompanamiento_kit_de_inclusion_5.jpg','PB_Leon_de_Greiff_acompanamiento_kit_de_inclusion_4.jpg','PB_Leon_de_Greiff_acompanamiento_kit_de_inclusion_3.jpg','uploads/accompaniment/accompaniment_adjunct',8,188,20,'2015-05-11 16:51:55','2015-05-22 15:30:29'),(462,'2015-05-12','Acompañamiento Aula Abierta','Revisión de contenidos y proceso de Aula Abierta con la comunidad',3,'20150512_102828_HDR.jpg','IMG_20150512_WA0006.jpeg','','uploads/accompaniment/accompaniment_adjunct',2,254,10,'2015-05-12 12:00:53','2015-05-22 15:30:29'),(463,'2015-05-12','Acompañamiento Gestor TIC','Socialización de contenidos NSN para todo publico con los psicólogos de la institución para todo publico',2,'20150512_100854_HDR.jpg','','','uploads/accompaniment/accompaniment_adjunct',4,254,10,'2015-05-12 12:02:59','2015-05-22 15:30:29'),(464,'2015-05-12','Acompañamiento Aulab','Se acompañó a los chicos y chicas del laboratorio a grabar un documental que se encontraban preparando para unas madres comunitarias del sector aledaño a la institución educativa',10,'Institucion_Educativa_Aures_Laboratorio_Comunitario.JPG','Institucion_Educativa_Aures_Laboratorio_Comunitario_1.JPG','Institucion_Educativa_Aures_Laboratorio_Comunitario_2.JPG','uploads/accompaniment/accompaniment_adjunct',9,568,42,'2015-05-12 13:42:01','2015-05-22 15:30:29'),(465,'2015-05-12','Acompañamiento curso','Se realiza sesión 3 de Alfabetización digital cubriendo a la gestora TIC que no pudo acompañar la sesión por quehaceres de la universidad.',12,'20150512_140121_HDR.jpg','','','uploads/accompaniment/accompaniment_adjunct',4,463,10,'2015-05-12 17:10:16','2015-07-01 19:02:26'),(466,'2015-05-12','Atención a usuarios','Acompañamiento al punto de navegación, verificación del adecuado funcionamiento de los equipos; recolección de indicadores.Se atiende a un usuario que se encuentra en el punto; se indaga por la asistencia de los estudiantes de PP',1,'Mascerca_acompanamiento_al_sitio.jpg','','','uploads/accompaniment/accompaniment_adjunct',7,314,20,'2015-05-13 11:06:50','2015-05-22 15:30:29'),(467,'2015-05-12','Sitio de gobierno','Acompañamiento al punto de navegación, verificación del adecuado funcionamiento de los equipos; recolección de indicadores. El vigilante comenta que procura por el buen uso de los equipos por parte de los usuarios. ',1,'Inspeccion_9B_El_Salvador_acompanamiento_al_sitio.jpg','','','uploads/accompaniment/accompaniment_adjunct',7,307,20,'2015-05-13 11:11:50','2015-05-22 15:30:29'),(468,'2015-05-09','Acompañamiento a gestora TIC en curso de AD y GEL ','Se realizó acompañamiento a la gestora TIC Maria Isabel Rúa Taborda en la segunda sesión de Alfabetización Digital y Gobierno en Línea dirigido a adultos, se resolvieron las principales dudas con respecto a los contenidos y se brindaron algunas estrategias pedagógicas.',1,'Parque_Biblioteca_Guayabal_Seguimiento_a_la_gestora_TIC_Maria_Isabel_Rua.jpg','','','uploads/accompaniment/accompaniment_adjunct',4,192,43,'2015-05-13 15:20:37','2015-05-22 15:30:29'),(469,'2015-05-09','Acompañamiento a gestora TIC en curso de AD y GEL ','Se realizó acompañamiento y apoyo a la gestora TIC Maria Alejandra Moreno en la segunda sesión de Alfabetización Digital y Gobierno en Línea dirigido a adultos, además se realizó una dinámica de integración con el grupo.',1,'Parque_Biblioteca_Guayabal_Seguimiento_a_gestora_TIC_Maria_Alejandra_Moreno.jpg','','','uploads/accompaniment/accompaniment_adjunct',4,192,43,'2015-05-13 15:26:50','2015-05-22 15:30:29'),(470,'2015-05-11','Seguimiento a Kit de Inclusión Digital','Se realizó seguimiento al Kit de inclusión digital, se evidencio que en el aula de sistemas el Kit está visible y utilizado por 11 estudiantes de la institución con discapacidad cognitiva, se planeó con la docente de apoyo una estrategia para incluir a personas de la comunidad, dicha estrategia consiste en realizar un curso de Alfabetización Digital con personas en situación de discapacidad de la comuna.',2,'Institucion_Educativa_Santos_Angeles_Custodios_Seguimiento_al_KIT_de_inclusion.jpg','','','uploads/accompaniment/accompaniment_adjunct',8,359,43,'2015-05-13 15:49:31','2015-05-22 15:30:29'),(471,'2015-05-13','Seguimiento kit de inclusión digital','Reunión con la encargada del kit de inclusión digital para verificar su uso de los dispositivos. Este institución se ha empederado positivamente del kit con las personas en situación de discapacidad. Además, se le extiende la invitación para 7 estudiantes el 30 de mayo  con la propuesta del Ministerio de \"Cine para todos\". Confirmación de los participantes y envio de la programación del 30 de mayo.',1,'ITM_Fraternidad_acompanamiento_kit_inclusion.jpg','','','uploads/accompaniment/accompaniment_adjunct',8,308,20,'2015-05-13 16:50:56','2015-05-22 15:30:29'),(472,'2015-05-13','Acompañamiento seguimiento Gestores TIC','Se hace acompañamiento a los gestores TIC del la I.E Bravo Márquez, se realiza un refuerzo en contenidos del curso, se revisan las listas de asistencia. ',6,'20150513_145852_HDR.jpg','','','uploads/accompaniment/accompaniment_adjunct',4,159,10,'2015-05-14 08:20:41','2015-05-22 15:30:29'),(473,'2015-05-13','Vinculación de gestor TIC ','Se realizó una reunión con Daniel Pelaez Betancur, administrador de empresas y Tecnólogo en Sistemas, con el fin de realizar su vinculación como gestor TIC del programa de manera voluntaria, él acompaña el taller de Web 2.0 que se dicta los sábados de 08:00 am a 11:00 am en la Institución Educativa José Acevedo y Gómez. \r\nAdemás se realizó la inducción general sobre el programa, su proceso como gestor TIC y los contenidos del taller. Finalmente se firmó el pacto de acompañamiento y se realizó acompañamiento en la primera sesión del taller.',1,'Institucion_Educativa_Jose_Acevedo_y_Gomez_Acompanamiento_a_Gestor_Tic_Daniel_Pelaez.jpg','','','uploads/accompaniment/accompaniment_adjunct',4,344,43,'2015-05-14 11:32:27','2015-05-29 14:08:02'),(474,'2015-05-14','Acompañamiento a Gestor TIC en curso de AD','Se resolvieron las dudas del gestor TIC sobre el tema de Gobierno en Linea. Hicimos retroalimentación de las clases pasadas con los participantes y empezamos la clase 9, el procesador de texto.',1,'IE_Mariscal_Robledo_Alfabetizacion_Digital.jpg','','','uploads/accompaniment/accompaniment_adjunct',4,281,44,'2015-05-15 09:11:07','2015-05-22 15:30:29'),(475,'2015-05-07','Acompañamiento a Gestor TIC en curso de AD','En la primera sesión de Gobierno en linea, dentro del curso de Alfabetización Digital, el gestor TIC no tenía ningún conocimiento sobre el tema. Lo abordamos de forma personal antes de dictar la clase y en público aclaramos dudas.',1,'IE_Mariscal_Robledo_Alfabetizacion_Digital_2.jpg','','','uploads/accompaniment/accompaniment_adjunct',4,281,44,'2015-05-15 09:23:28','2015-05-22 15:30:29'),(476,'2015-05-08','Acompañamiento Gestores TIC','Se realizó acompañamiento al curso de alfabetización digital y gobierno en línea que es dictado por dos gestores TIC.',0,'CEDEZO_Belen_Acompanamiento_Curso_AD_Y_GEL_Getores_TIC_1.jpg','CEDEZO_Belen_Acompanamiento_Curso_AD_Y_GEL_Getores_TIC_2.jpg','CEDEZO_Belen_Acompanamiento_Curso_AD_Y_GEL_Getores_TIC_3.jpg','uploads/accompaniment/accompaniment_adjunct',4,176,15,'2015-05-15 10:54:44','2015-05-22 15:30:29'),(477,'2015-05-14','Revisiòn Contenidos ','Revisión y seguimiento el proceso de aula abierta con la comunidad, además de los contenidos del curso A.D',4,'20150514_161728_HDR.jpg','','','uploads/accompaniment/accompaniment_adjunct',4,222,10,'2015-05-15 14:32:03','2015-05-22 15:30:29'),(478,'2015-05-14','Reunión de seguimiento al Kit de Inclusión','Se planeó una sesión con la profesora Cielo quien es la encargada del kit para hablar de las fortalezas y debilidades con respecto al manejo en la IE, la próxima semana se verá con los estudiantes el resultado de la reunión',1,'Institucion_Educativa_Diego_Echavarria_Misas_Seguimiento_Kit_de_Inclusion.JPG','','','uploads/accompaniment/accompaniment_adjunct',8,225,42,'2015-05-19 07:37:32','2015-05-22 15:30:29'),(479,'2015-05-13','Acompañamiento Laboratorio Comunitario','Los chicos y chicas del laboratorio tuvieron una actividad de reconocimiento de los personajes de la IE, con ellos, se les encargó realizar un escrito, serie fotográfica o video de lo que observaron de los personajes.',9,'Institicion_Educativa_Jorge_Robledo_Laboratorio_Comunitario_2_Mayo_13.JPG','Institicion_Educativa_Jorge_Robledo_Laboratorio_Comunitario_Mayo_13.JPG','','uploads/accompaniment/accompaniment_adjunct',9,278,42,'2015-05-19 07:43:25','2015-05-22 15:30:29'),(480,'2015-05-14','Pacto de acompañamiento con Gestor TIC','Se firmó el pacto de acompañamiento con la gestor TIC Juliana Quiroz, quien iniciará procesos de formación en narrativas digitales con los estudiantes de la IE.',1,'IE_Jose_Acevedo_y_Gomez_Acompanamiento_a_gestor_TIC.JPG','','','uploads/accompaniment/accompaniment_adjunct',4,344,38,'2015-05-19 14:48:54','2015-05-22 15:30:29'),(481,'2015-05-16','Acompañamiento a gestor TIC en curso  ','Se acompañó al Gestor Tic Diego Gonzalez en la segunda sesión del curso de Alfabetización Digital y Gobierno en Línea, se realizaron unas pequeñas observaciones y se brindaron algunas estrategias pedagógicas.  ',1,'Institucion_Educativa_Jose_Acevedo_y_Gomez_Seguimiento_a_Gestor_Tic_Diego_Gonzalez.jpg','','','uploads/accompaniment/accompaniment_adjunct',4,344,43,'2015-05-19 15:42:07','2015-05-22 15:30:29'),(482,'2015-05-19','Intervenciòn mencual CAV','Acompañamiento tipo intervención en el CAV La América con población vulnerable en asesorías, y registro de uso',56,'20150519_145749_HDR.jpg','20150519_142248_HDR.jpg','','uploads/accompaniment/accompaniment_adjunct',7,246,10,'2015-05-19 16:43:43','2015-05-22 15:30:29'),(483,'2015-05-19','Intervenciòn sitio y recolecciòn de indicadores','Acompañamiento tipo intervención para recolección de indicadores y seguimiento de sitio.',8,'20150519_141317_HDR.jpg','20150519_141332_HDR.jpg','','uploads/accompaniment/accompaniment_adjunct',7,236,10,'2015-05-19 16:45:35','2015-05-22 15:30:29'),(484,'2015-05-19','Acompañamiento Aulab','Se acompañó a los chicos en la edición del documental de las damas amarillas, también junto con la Quintana se habló de los nuevos videos que se harán para este mes',10,'Institucion_Educativa_Aures_Laboratorio_Comunitario_2_mayo_19.JPG','Institucion_Educativa_Aures_Laboratorio_Comunitario_3_mayo_19.JPG','Institucion_Educativa_Aures_Laboratorio_Comunitario_mayo_19.JPG','uploads/accompaniment/accompaniment_adjunct',9,568,42,'2015-05-21 10:06:59','2015-05-22 15:30:29'),(485,'2015-05-20','Acompañamiento a Curso','Acompañamiento a Gestor TIC en el curso de Alfabetización Digital y Gobierno en Línea en su última sesión, se firmó y entregó las horas y el aula al contacto enlace del sitio y se realizó la evaluación del curso',1,'Cedezo_San_Javier_Acompanamiento_a_Gestor_TIC.JPG','','','uploads/accompaniment/accompaniment_adjunct',4,174,38,'2015-05-21 10:24:19','2015-05-22 15:30:29'),(486,'2015-05-21','Seguimiento proceso Aula Abierta gestor TIC','Seguimiento al proceso de Aula Abierta en la institución con el gestor TIC y el rector.',2,'IMG_20150601_WA0000.jpg','','','uploads/accompaniment/accompaniment_adjunct',4,162,10,'2015-05-21 16:48:34','2015-06-01 17:55:54'),(487,'2015-05-22','Curso Alfabetización digital y Gobierno en línea','Se realizó seguimiento y acompañamiento a los gestores TIC en el curso de AD y GEL.',0,'CEDEZO_Belen_Acompanamiento_a_Curso_Alfabetizacion_digital_y_gobierno_en_linea_1.jpg','CEDEZO_Belen_Acompanamiento_a_Curso_Alfabetizacion_digital_y_gobierno_en_linea_2.jpg','','uploads/accompaniment/accompaniment_adjunct',4,176,15,'2015-05-22 14:51:44','2015-05-29 22:13:17'),(488,'2015-05-20','Gestor Tic','Se visitó el  lugar e inicialmente se llevó a cabo un encuentro con uno de los funcionarios del centro de servicios el cual realizó un empalme completo con las Gestoras Tic en relación al funcionamiento del lugar, los servicios y características de la atención. Se tuvo un espacio de conversación con las gestoras para escuchar sus percepciones respecto de los procesos hasta ahora realizados, se realizaron recomendaciones en relación al registro en formatos, maneras de abordar públicos, intenciones de realizar determinadas intervenciones; entre otras. Se realizó observación e identificación de fortalezas y necesidades de ambas con el propósito de compartir estrategias que les permitan cualificar continuamente su experiencia.',2,'Centro_de_servicios_S_Cristobal_Acompanamiento_a_Gestoras_Tic.jpg','','','uploads/accompaniment/accompaniment_adjunct',4,567,23,'2015-05-22 15:50:10','0000-00-00 00:00:00'),(489,'2015-05-22','Seguimiento Curso y Gestor','Acompañamiento al proceso de Alfabetización y el modulo de marketing Digital por parte de un gestor TIC ',5,'2015_05_22.jpg','','','uploads/accompaniment/accompaniment_adjunct',5,165,10,'2015-05-22 16:06:00','0000-00-00 00:00:00'),(490,'2015-05-21','Certificación Curso AD ','Se certificó a las personas que realizaron el curso en el telecentro ',11,'Telecentro_Plaza_Colon_Certificacion_Curso_Alfabetizacion_Digital_y_Gobierno_en_linea_2.JPG','Telecentro_Plaza_Colon_Certificacion_Curso_Alfabetizacion_Digital_y_Gobierno_en_linea_3.JPG','Telecentro_Plaza_Colon_Certificacion_Curso_Alfabetizacion_Digital_y_Gobierno_en_linea.JPG','uploads/accompaniment/accompaniment_adjunct',3,200,42,'2015-05-25 15:41:18','2015-05-29 15:29:15'),(491,'2015-05-13','Acompañamiento a Taller Narrativas Fotográficas','El acompañamiento en el taller se realiza para aclarar algunas dudas frente al proceso de investigación que realizará el grupo de trabajo de algunos lugares representativos de la comuna en la que habitan, se planea con ellos las salidas de campo y se revisan las dudas frente a las entrevistas a realizar. ',7,'Biblioteca_Familia_La_Esperanza_Seguimiento_Taller_Narrativas_Fotograficas_1.jpg','Biblioteca_Familia_La_Esperanza_Seguimiento_Taller_Narrativas_Fotograficas_2.jpg','','uploads/accompaniment/accompaniment_adjunct',3,479,24,'2015-05-26 21:17:55','0000-00-00 00:00:00'),(492,'2015-05-13','Seguimiento a Gestor TIC y Estudiante del Pascual ','Este acompañamiento tiene por objetivo precisar las actividades a realizar en las salidas de campo, la logística de estas y a definir cual será el rol de cada uno. Se les entrega además la carta de certificación de las horas.',2,'Biblioteca_Familia_La_Esperanza_Seguimiento_a_Gestores_TIC.jpg','','','uploads/accompaniment/accompaniment_adjunct',4,479,24,'2015-05-26 21:22:28','0000-00-00 00:00:00'),(493,'2015-05-25','Vinculación de gestora TIC','Se realizó una reunión con Leydi Manuela López Vélez estudiante de PP, con el fin de realizar su vinculación como gestora TIC del programa. Manuela está apoyando el curso de Alfabetización Digital en el Parque Biblioteca Guayabal dirigido a personas en situación de discapacidad, el curso se está dictando los lunes de 03:00 pm a 06:00 pm. \r\nAdemás se realizó la inducción general sobre el programa, su proceso como gestora TIC, generalidades sobre la población a acompañar, sugerencias metodológicas y los contenidos del curso de Alfabetización Digital. Posteriormente se firmó el pacto de acompañamiento y se dio inicio el curso.	 ',1,'Institucion_Educativa_Santos_Angeles_Custodios_en_alianza_con_Parque_Biblioteca_Guayabal_Acompanamiento_a_Gestora_TIC_en_curso_Alfabetizacion_Digital_con_personas_en_situacion_de_discapacidad.jpg','','','uploads/accompaniment/accompaniment_adjunct',4,192,43,'2015-05-28 09:28:30','2015-05-29 14:03:40'),(494,'2015-05-21','Acompañamiento Taller Herramientas web 2.0','En este acompañamiento se enseña a los participantes del curso a trabajar en redes sociales, con el fin de generar mejor comunicación entre ellos y las personas que utilizan está herramienta. ',8,'Cedezo_La_Quintana_Acompanamiento_Curso_Herramientas_web_2_1.jpg','Cedezo_La_Quintana_Acompanamiento_Curso_Herramientas_web_2_2.jpg','','uploads/accompaniment/accompaniment_adjunct',3,168,24,'2015-05-28 17:31:47','0000-00-00 00:00:00'),(495,'2015-05-14','Acompañamiento Taller Herramientas web 2.0','Se realiza un repaso de las herramientas que tiene el correo electrónico y se les enseña a comunicarse a través de hangouts con los demás compañeros.',5,'Cedezo_La_Quintana_Seguimiento_curso_Herramientas_Web_2_0.jpg','','','uploads/accompaniment/accompaniment_adjunct',3,168,24,'2015-05-28 18:32:28','0000-00-00 00:00:00'),(496,'2015-05-07','Sensibilización Curso Alfabetización Digital y GEL','Sensibilización del curso Alfabetización Digital y Gobierno en línea en el Cedezo La Quintana, el curso está a cargo del Gestor TIC Ranue Posso, el será el encargado de formar a las personas que asisten al curso. ',13,'Cedezo_La_Quintana_Sensibilizacion_AD_y_GEL_2.jpg','Cedezo_La_Quintana_Sensibilizacion_Curso_AD_y_GEL_1.jpg','Cedezo_La_Quintana_Sensibilizacion_AD_y_GEL_4.jpg','uploads/accompaniment/accompaniment_adjunct',12,168,24,'2015-05-28 19:57:17','0000-00-00 00:00:00'),(497,'2015-05-07','Acompañamiento Taller Herramientas web 2.0','Este día nos acompañó la Gestora TIC Andrea Casiani, en la sesión se trabajaron las herramientas colaborativas y el concepto de herramientas colaborativas.',6,'Cedezo_La_Quintana_Taller_herramientas_web_2_1.jpg','Cedezo_La_Quintana_Taller_herramientas_web_2_2.jpg','Cedezo_La_Quintana_Taller_herramientas_web_2_3.jpg','uploads/accompaniment/accompaniment_adjunct',3,168,24,'2015-05-28 20:01:04','0000-00-00 00:00:00'),(498,'2015-05-05','Inducción Gestores TIC IE Gerardo Valencia Cano','Este día nos reunimos los Gestores TIC (Alfabetizadores del grado noveno) de la IE Gerardo Valencia, se realizó la presentación del programa, los contenidos y la firma del pacto. ',3,'IE_Gerardo_Valencia_Cano_Induccion_Gestores_TIC.jpg','','','uploads/accompaniment/accompaniment_adjunct',4,410,24,'2015-05-28 20:27:26','0000-00-00 00:00:00'),(499,'2015-05-06','Acompañamiento Taller Herramientas web 2.0','El acompañamiento se realiza con el fin de mirar las falencias que tienen los participantes de Aula Abierta y repasar los aprendizajes obtenidos desde el año pasado.  ',6,'IE_Gerardo_Valencia_Cano_Seguimiento_Aula_Abierta_2.jpg','IE_Gerardo_Valencia_Cano_Seguimiento_Aula_Abierta_3.jpg','IE_Gerardo_Valencia_Cano_Seguimiento_Aula_Abierta_1.jpg','uploads/accompaniment/accompaniment_adjunct',2,410,24,'2015-05-28 20:31:13','0000-00-00 00:00:00'),(500,'2015-05-05','Seguimiento a Gestores TIC y Aula Abierta','En está primera sesión, realizamos un repaso de los aprendizajes obtenidos, los gestores TIC estuvieron muy animados y concentrados en su labor de enseñar a los adultos.',6,'IE_Gerardo_Valencia_Cano_Seguimiento_Gestores_TIC_2.jpg','IE_Gerardo_Valencia_Cano_Seguimiento_Gestores_TIC_3.jpg','IE_Gerardo_Valencia_Cano_Seguimiento_Gestores_TIC_4.jpg','uploads/accompaniment/accompaniment_adjunct',4,410,24,'2015-05-28 20:34:16','0000-00-00 00:00:00'),(501,'2015-05-13','Seguimiento al Kit de Inclusión Digital y Aula ','El acompañamiento se concentro en el Aula Abierta y en el Kit de Inclusión que se utiliza en este, los adultos que tienen baja visión hacen uso de los teclados de alto contraste, lo cual les facilita un mejor acceso a la tecnología y al aprendizaje. ',6,'IE_Gerardo_Valencia_Seguimiento_Aula_Abierta_y_Kit_de_Inclusion_Digital_1.jpg','IE_Gerardo_Valencia_Seguimiento_Aula_Abierta_y_Kit_de_Inclusion_Digital_2.jpg','','uploads/accompaniment/accompaniment_adjunct',8,410,24,'2015-05-28 20:38:59','0000-00-00 00:00:00'),(502,'2015-05-15','Certificación Curso Alfabetización Digital','Se realiza la evaluación del curso y entrega de las constancias de participación, las personas se encuentran muy contentas con este curso y esperan que haya un segundo nivel. Felicitan al Gestor TIC por su paciencia, dedicación y amor con los adultos. ',10,'IE_Villa_Flora_Certificacion_Curso_AD.jpg','','','uploads/accompaniment/accompaniment_adjunct',2,289,24,'2015-05-28 20:44:02','2015-05-29 15:30:42'),(503,'2015-05-15','Evaluación con el Gestor TIC del curso','El Gestor TIC manifiesta alegría por los logros de las personas y una plena satisfacción por su trabajo, aunque cuenta que se dieron algunas irregularidades en los acompañamientos que hacían los chicos que estuvieron con él y gestionado por la líder comunitaria Gloria Vidal. Puesto que muchos llegaban un solo día y no volvían y otros tantos episodios que fueron comentados a la Gestora de Cultura Digital. ',1,'IE_Villa_Flora_Seguimiento_a_Gestor_TIC_1.jpg','IE_Villa_Flora_Seguimiento_a_Gestor_TIC_2.jpg','','uploads/accompaniment/accompaniment_adjunct',4,289,24,'2015-05-28 20:49:01','2015-05-29 01:52:03'),(504,'2015-05-27','Seguimiento a Gestores TIC','Se realiza un acompañamiento y retroalimentación con las Gestoras TIC, el acompañamiento se desarrolla en la observación por parte de la Gestora de Cultura Digital y al final de la sesión nos reunimos para dar algunas apreciaciones de la forma como ellas imparten la clase, se les manifiesta el reconocimiento por parte del observador del nivel de compromiso y las ganas por enseñar a los asistentes. ',2,'Biblioteca_Familia_La_Esperanza_Seguimiento_Gestora_TIC_2.jpg','Biblioteca_Familia_La_Esperanza_Seguimiento_Gestora_TIC.jpg','','uploads/accompaniment/accompaniment_adjunct',4,479,24,'2015-05-28 20:59:29','0000-00-00 00:00:00'),(505,'2015-05-27','Certificación Curso Alfabetización Digital','Se realiza la evaluación de los contenidos del curso, las Gestoras TIC y el espacio en el que se generó el curso, se dieron muy buenos comentarios de los diferentes temas a evaluar, las alumnas salieron muy contentas con la constancia de participación y quedaron agradecidas con las Gestoras TIC por su paciencia y dedicación. ',12,'Biblioteca_Familia_La_Esperanza_Certificacion_AD_y_GEL.jpg','','','uploads/accompaniment/accompaniment_adjunct',3,479,24,'2015-05-28 21:08:40','2015-05-29 15:32:16'),(506,'2015-05-22','Certificación Taller Gobierno en Línea','En está fecha se realiza una asesoría en dispositivos móviles y se realiza la evaluación y entrega de constancias a los participantes del taller. Las evaluaciones fueron positivas. ',9,'Telecentro_Doce_de_octubre_Certificacion_Taller_GEL.jpg','','','uploads/accompaniment/accompaniment_adjunct',3,480,24,'2015-05-28 21:57:32','2015-05-29 15:32:39'),(507,'2015-05-08','Acompañamiento Taller Gobierno en línea','se realiza un acompañamiento al taller de Gobierno en Línea con asesorías puntuales sobre bolsas de empleo y revisión de las hojas de vida. ',8,'Telecentro_Doce_de_Octubre_Taller_GEL_Sesion_3_1.jpg','Telecentro_Doce_de_Octubre_Taller_GEL_Sesion_3_2.jpg','','uploads/accompaniment/accompaniment_adjunct',3,480,24,'2015-05-28 22:00:01','0000-00-00 00:00:00'),(508,'2015-05-26','Certificación Taller Gobierno en Línea','Se realiza la evaluación del taller, la formadora (Madelfi la dinamizadora del Telecentro) y del espacio en el que se generó el curso. Los comentarios son positivos y las personas se encuentran a la espera otro curso o taller. ',14,'Telecentro_La_Carmelita_Taller_Gobierno_en_Linea.jpg','','','uploads/accompaniment/accompaniment_adjunct',3,483,24,'2015-05-28 22:03:32','2015-05-29 15:33:40'),(509,'2015-05-26','Certificación Taller Herramientas Web 2.0','Se realizan las evaluaciones de los espacios, formadoras (Cristina Guisao, Maria del Carmen Mesa y Mónica Castañeda) además de las temáticas abordadas en el taller, ellas manifiestan que esté contenido es muy complicado por ser muy avanzado, ellas quieren saber de redes sociales, herramientas de comunicación y bajar música y videos de youtube.',5,'Telecentro_La_Carmelita_Certificacion_Herramientas_Web_2_1.jpg','Telecentro_La_Carmelita_Certificacion_Herramientas_Web_2_2.jpg','','uploads/accompaniment/accompaniment_adjunct',3,483,24,'2015-05-28 22:06:30','2015-05-29 15:33:07'),(510,'2015-05-20','Salida de Campo Taller Narrativas Fotográficas ','La salida de campo se lleva a cabo con el objetivo de realizar unas entrevistas a las personas que se encuentran allí y que han sido habitantes del espacio desde su transformación, para esto llevamos cámaras y grabadoras de periodista. Se entrevistan a varias personas para conocer la percepción del cambio de espacio. ',6,'UD_Jose_Rene_Higuita_Salida_de_Campo_Narrativas_1.jpg','UD_Jose_Rene_Higuita_Salida_de_Campo_Narrativas_2.jpg','UD_Jose_Rene_Higuita_Salida_de_Campo_Narrativas_3.jpg','uploads/accompaniment/accompaniment_adjunct',3,287,24,'2015-05-28 22:10:01','0000-00-00 00:00:00'),(513,'2015-05-28','Acompañamiento Laboratorio Comunitario','Se hizo una reunión con los chicos y chicas del laboratorio para planear la primera emisión de la emisora',12,'Institucion_Educativa_Mariscal_Robledo_Laboratorio_Comunitario_2.JPG','Institucion_Educativa_Mariscal_Robledo_Laboratorio_Comunitario_3.JPG','Institucion_Educativa_Mariscal_Robledo_Laboratorio_Comunitario.JPG','uploads/accompaniment/accompaniment_adjunct',9,281,42,'2015-05-29 11:13:59','0000-00-00 00:00:00'),(514,'2015-05-26','Seguimiento al curso','Se hizo seguimiento del Curso de Alfabetización Digital y Gobierno en línea de la IE República de Uruguay',5,'Institucion_Educativa_Republica_de_Uruguay_Seguimiento_Aula_Abierta_2.JPG','Institucion_Educativa_Republica_de_Uruguay_Seguimiento_Aula_Abierta_3.JPG','Institucion_Educativa_Republica_de_Uruguay_Seguimiento_Aula_Abierta.JPG','uploads/accompaniment/accompaniment_adjunct',2,472,42,'2015-05-29 11:17:05','0000-00-00 00:00:00'),(516,'2015-05-25','Acompañamiento Gestor TIC','Se acompañó el curso con el gestor Julián Arias, se habló con la gente para ver como iban en el curso y el desempeño del gestor',9,'Institucion_Educativa_Villa_Flora_Seguimiento_al_Gestor_TIC_Julian_Arias_2.JPG','Institucion_Educativa_Villa_Flora_Seguimiento_al_Gestor_TIC_Julian_Arias.JPG','','uploads/accompaniment/accompaniment_adjunct',4,289,42,'2015-05-29 11:24:18','0000-00-00 00:00:00'),(517,'2015-05-27','Formación ','Se llevó a cabo sesión de formación con Gestoras Tic en  San Cristóbal, dentro de los temas abordados se trabajaron:\r\n-Concepto de gestión, estrategias para gestionar con diferentes públicos.\r\n- Se propuso en conjunto acordar un formato sencillo para que las gestoras reporten sus actividades y las fotos, se habló de las formas de nombrar las fotos.\r\n- Se conversó de la experiencia hasta ahora tenida en los diferentes lugares, caracterÍsticas, necesidades de los públicos, dudas frente a las maneras de intervenirlos; entre otros.\r\n- Se revisaron contenidos de Gel con el propósito de intensionar un poco más las intervenciones en las zonas WIFI',2,'Cedezo_San_Cristobal_Formacion_con_Gestoras_Tic.jpg','','','uploads/accompaniment/accompaniment_adjunct',4,169,23,'2015-05-29 11:29:18','0000-00-00 00:00:00'),(518,'2015-05-23','Inducción Gestora TIC','Reunión con nueva gestora TIC, Manuela Pino para enseñarle el programa y asignarle un lugar para realizar sus horas',1,'Institicion_Educativa_Pedro_Claver_Aguirre_Gestora_TIC_Manuela_Pino_2.JPG','Institicion_Educativa_Pedro_Claver_Aguirre_Gestora_TIC_Manuela_Pino.JPG','','uploads/accompaniment/accompaniment_adjunct',4,232,42,'2015-05-29 11:41:20','0000-00-00 00:00:00'),(519,'2015-05-27','Cierre de curso','Se llevó a cabo Cierre de curso WEB 2.0 dictado por el gestor Tic. Los participantes hicieron devoluciones muy positivas de la labor del gestor, del impacto de los contenidos del curso para su vida y en la cotidianidad.',1,'Telecentro_la_amistad_Acompanamiento_Estudiante_pascual_Cierre_de_curso.jpg','','','uploads/accompaniment/accompaniment_adjunct',5,203,23,'2015-05-29 11:44:43','0000-00-00 00:00:00'),(520,'2015-05-28','Seguimiento al lugar','Se fue al sitio a hacer sensibilización y a recoger las planillas del punto de navegación; el internet del sitio no estaba funcionando así que no se pudo hacer sensibilización, se recogieron las planillas y se habló con el funcionario.',1,'Centro_de_Servicios_Robledo_Seguimiento_al_sitio_2.JPG','Centro_de_Servicios_Robledo_Seguimiento_al_sitio.JPG','','uploads/accompaniment/accompaniment_adjunct',10,273,42,'2015-05-29 11:51:12','0000-00-00 00:00:00'),(521,'2015-05-27','Planeación de procesos en sitio','Se realizó encuentro con luguethis, dinamizadora del telecentro donde se planearon procesos siguientes a iniciar, se realizó invitación para el próximo taller y se conversó de las posibles formas de intervención delo programa con los grupos del telecentro',1,'IMG_20150527_143505408.jpg','','','uploads/accompaniment/accompaniment_adjunct',4,203,23,'2015-05-29 11:57:17','0000-00-00 00:00:00'),(522,'2015-05-27','Certificación de procesos de formación','Se certificó el proceso de formación en alfabetización digital y gobierno en Línea con emprendedores del Cedezo',11,'Cedezo_San_Javier_Certificacion_Alfabetizacion_Digital_y_Gobierno_en_linea.JPG','','','uploads/accompaniment/accompaniment_adjunct',6,174,38,'2015-05-29 14:32:22','0000-00-00 00:00:00'),(523,'2015-05-27','Kit de Inclusión','Se realizó una capacitación para las docentes de primaria de la I.E Marco Fidel Suárez sección la Iguaná para el uso del kit de inclusión digital, contando con el compromiso de cada una de ellas y la disposición para trabajar con el kit. ',10,'Seccion_Escuela_la_Iguana_Capacitacion_docentes_kit_de_inclusion_digital_2.JPG','Seccion_Escuela_la_Iguana_Capacitacion_docentes_kit_de_inclusion_digital_1.JPG','','uploads/accompaniment/accompaniment_adjunct',8,219,41,'2015-05-29 16:49:07','0000-00-00 00:00:00'),(524,'2015-05-22','Asesorías en dispositivos móviles','Se acompañó la UVA Versalles siguiendo los compromisos previamente establecidos entre las partes como transferir el contenido de asesorías en dispositivos móviles para comunidad al gestor de la sala de sistemas de la UVA. ',1,'UVA_Los_Suenos_Asesorias_en_dispositivos_moviles_mayo_2015.JPG','','','uploads/accompaniment/accompaniment_adjunct',4,570,41,'2015-05-29 16:57:55','0000-00-00 00:00:00'),(525,'2015-05-22','Acompañamiento Gestor TIC','Se visitó la Inspección Aranjuez con el fin de darle seguimiento al Gestor Tic que acompaña actualmente el punto de navegación, con el fin de guiar alguna asesoría, inquietud y demás que se estuviese presentando. Así como dinamización del punto de navegación. ',1,'Inspeccion_Aranjuez_Seguimiento_a_Gestor_Tic.JPG','','','uploads/accompaniment/accompaniment_adjunct',4,255,41,'2015-05-29 17:00:48','0000-00-00 00:00:00'),(526,'2015-05-21','Seguimiento al apertura del Aula Abierta','Se visitó la I.E Ciro Mendía con el fin de dar acompañamiento en la re activación del aula abierta con el grupo de estudios sociales que lidera el profesor de ciencias sociales de la institución, establecer fechas de acompañamiento luego de las vacaciones escolares. ',1,'I_E_Ciro_Mendia_Seguimiento_Aula_Abierta_y_Emisora_Escolar_mayo_2015.JPG','','','uploads/accompaniment/accompaniment_adjunct',2,250,41,'2015-05-29 17:02:43','2015-05-29 22:04:24'),(527,'2015-05-23','Inicio de curso Alfabetización Digital','Inicio de curso de alfabetización digital y Gobierno en línea, el estudiante de pp será el encargado de realizar el curso.',0,'Parque_Biblioteca_San_Antonio_Prado_Acompanamiento_Gestor_TIC.jpg','','','uploads/accompaniment/accompaniment_adjunct',4,194,15,'2015-05-29 17:17:35','0000-00-00 00:00:00'),(528,'2015-05-16','Capacitación Gestor TIC','Se realizó la formación y capacitación del Gestor TIC, en donde se le explico como realizaría la labor social con el programa y cuáles serían las actividades que apoyaría.',0,'Parque_Biblioteca_San_Antonio_de_Prado_Capacitacion_y_bienvenida_al_Gestor_TIC.jpg','','','uploads/accompaniment/accompaniment_adjunct',4,194,15,'2015-05-29 17:20:56','0000-00-00 00:00:00'),(529,'2015-05-26','Acompañamiento certificación curso','Se realizó el seguimiento y acompañamiento en la certificación del curso de Alfabetización digital y gobierno en línea en el aula abierta con madres de familia, además se programo una asesoría de dispositivos móviles y mas adelante un taller de narrativas digitales.',4,'IE_Fe_y_Alegria_El_Limonar_Certificacion_Curso_alfabetizacion_digital_y_gobierno_en_linea_1.JPG','IE_Fe_y_Alegria_El_Limonar_Certificacion_Curso_alfabetizacion_digital_y_gobierno_en_linea_2.JPG','','uploads/accompaniment/accompaniment_adjunct',2,340,15,'2015-05-29 17:29:06','0000-00-00 00:00:00'),(530,'2015-05-25','Seguimiento Punto de navegación','Se realizo seguimiento y acompañamiento al punto de navegación, además se logro conversar con un alfabetizador del grado 11 quien esta realizando sus horas en el punto de navegación atendiendo y asesorando a las personas, se le tomaron los datos.',1,'Casa_de_Gobierno_San_Antonio_de_Prado_Seguimiento_Punto_de_navegacion_1.jpg','Casa_de_Gobierno_San_Antonio_de_Prado_Seguimiento_Punto_de_navegacion_2.jpg','Casa_de_Gobierno_San_Antonio_de_Prado_Seguimiento_Punto_de_navegacion_3.jpg','uploads/accompaniment/accompaniment_adjunct',7,333,15,'2015-05-29 17:47:25','0000-00-00 00:00:00'),(531,'2015-05-27','Kit de inclusión','Se le recuerda la invitación para 7 estudiantes el 30 de mayo con la propuesta del Ministerio de \"Cine para todos\".',6,'ITM_Fraternidad_kit_inclusion.jpg','','','uploads/accompaniment/accompaniment_adjunct',8,308,20,'2015-05-30 17:32:52','0000-00-00 00:00:00'),(532,'2015-05-30','Cine para Todos','Salida con estudiantes del ITM en situación de discapacidad para la proyección de la película \"Maléfica\" en el marco del proyecto Cine para Todos.',7,'ITM_Cine_para_todos_1.jpg','ITM_Cine_para_todos_2.jpg','ITM_Cine_para_todos_3.jpg','uploads/accompaniment/accompaniment_adjunct',8,308,17,'2015-06-01 12:12:37','0000-00-00 00:00:00'),(533,'2015-06-07','Asesorías con usuarios','La gestora Tic visitó el sitio para fomentar el uso de trámites en línea, creación de correo electrónico, registro en planillas y despejar dudas de los usuarios',8,'Centro_de_servicios_Lusitania_Intervencion_al_sitio.jpg','','','uploads/accompaniment/accompaniment_adjunct',7,272,23,'2015-06-01 12:22:25','0000-00-00 00:00:00'),(534,'2015-05-30','Certificación Aula Abierta','En este día las personas participantes de los tres cursos que se realizan en esta aula abierta se certificaron, estás personas, realizaron un reconocimiento al equipo de trabajo encargado de formarlos, este reconocimiento se extendió a la gestora de cultura digital que los ha venido acompañando en este proceso.  ',30,'IE_Alfredo_Cock_Arango_Acompanamiento_Aula_Abierta_1.jpg','IE_Alfredo_Cock_Arango_Acompanamiento_Aula_Abierta_3.jpg','IE_Alfredo_Cock_Arango_Acompanamiento_Aula_Abierta.jpg','uploads/accompaniment/accompaniment_adjunct',2,267,24,'2015-06-01 13:03:34','0000-00-00 00:00:00'),(535,'2015-05-25','Seguimiento a punto de navegación.','Se realizó seguimiento al punto de navegación, se habló con los niños usuarios, los cuales expresaron que los computadores funcionan bien. Finalmente se habló con el funcionario encargado de servicio al cliente, el cual expresó que el punto de navegación es bastante frecuentado y que sería relevante que lo apoyemos consultando en que va el proceso de solicitud de arreglo de uno de los computadores, la solicitud del funcionario fue enviada al equipo de conectividad. ',3,'Casa_de_Gobierno_Altavista_Seguimiento_al_Punto_de_Navegacion.jpg','','','uploads/accompaniment/accompaniment_adjunct',10,332,43,'2015-06-01 13:12:33','2015-06-26 15:09:28'),(536,'2015-05-30','Acompañamiento Curso','Se realizó acompañamiento a la segunda sesión del curso de Alfabetización digital y gobierno en línea.',0,'Parque_Biblioteca_San_Antonio_de_Prado_Acompanamiento_Gestor_TIC_Daniel_Munoz_1.jpg','Parque_Biblioteca_San_Antonio_de_Prado_Acompanamiento_Gestor_TIC_Daniel_Munoz_2.jpg','','uploads/accompaniment/accompaniment_adjunct',4,194,15,'2015-06-01 13:34:42','0000-00-00 00:00:00'),(537,'2015-05-23','Capacitación Gestor TIC','Se realizó una corta capacitación al Gestor TIC, en donde se le explico el programa y las actividades que él estaría apoyando.',0,'Biblioteca_Publica_El_Limonar_Gestor_TIC_Pascual_Bravo_Jose_Miguel_Betancur.jpg','','','uploads/accompaniment/accompaniment_adjunct',5,196,15,'2015-06-01 13:41:05','0000-00-00 00:00:00'),(538,'2015-06-14','Acompañamiento Gestor TIC','Se realizó una reunión de inducción a la Gestora Tic que acompañará el Cedezo de Santo Domingo con el fin de iniciar el curso de mercadeo digital. ',3,'Cedezo_Santo_Domingo_Induccion_a_Gestor_Tic_3.JPG','','','uploads/accompaniment/accompaniment_adjunct',4,164,41,'2015-06-02 11:29:57','0000-00-00 00:00:00'),(539,'2015-05-07','Narrativas digitales: Fotografía. Sesión 2','Se realizó la sesión 2 del taller de narrativas composición de la imagen y ejercicio de collage. Ejercicio práctico para la casa y preparación del siguiente taller. ',5,'Telecentro_Moscu_Sesion_2_composicion_9.JPG','Telecentro_Moscu_Sesion_2_composicion_1.JPG','','uploads/accompaniment/accompaniment_adjunct',3,464,41,'2015-06-02 11:44:45','0000-00-00 00:00:00'),(540,'2015-06-14','Narrativas digitales: Fotografía. Sesión 3','Se realizó la sesión 3 del taller de narrativas de la agenda básica con el fin de enseñarle al grupo los ángulos y planos de la imágen. Se realizó ejercicio práctico de toma de fotografías en el barrio garantizando el aprendizaje de los participantes. ',5,'Telecentro_Moscu_Taller_de_narrativas_sesion_3_angulos_y_planos_3.JPG','Telecentro_Moscu_Taller_de_narrativas_sesion_3_angulos_y_planos_2.JPG','','uploads/accompaniment/accompaniment_adjunct',3,464,41,'2015-06-02 11:47:39','0000-00-00 00:00:00'),(541,'2015-06-28','Narrativas digitales: Fotografía. Sesión 4','Se realizó la sesión 4 del taller de narrativas sobre el fotoreportaje y la construcción de historias a través de las imágenes con el fin de preparar el trabajo final del taller. ',5,'Telecentro_Moscu_Taller_de_narrativas_sesion_4_Fotoreportaje_y_preparacion_trabajo_final_4.JPG','','','uploads/accompaniment/accompaniment_adjunct',3,464,41,'2015-06-02 11:50:08','0000-00-00 00:00:00'),(542,'2015-05-05','Narrativas digitales: Radio. Sesión 3','En el taller de narrativas digitales con los niños y niñas de la Fundación positivos por la vida, se proyectó la película Rojo como el cielo, con el fin de introducir el tema de las historias sonoras y el lenguaje de la radio. ',8,'Fun_positivos_Sesion_3_Pelicula_rojo_como_el_cielo_como_contar_historias_sonoras_2.JPG','Fun_positivos_Sesion_3_Pelicula_rojo_como_el_cielo_como_contar_historias_sonoras_1.JPG','','uploads/accompaniment/accompaniment_adjunct',3,518,41,'2015-06-02 11:55:46','0000-00-00 00:00:00'),(543,'2015-06-12','Narrativas digitales: Radio. Sesión 4','En esta sesión del taller se trabajó Introducción al mundo sonoro, con la identificación de sonidos naturales y artificiales y un ejercicio práctico de escucha atenta y grabación en el barrio, teniendo como referente la película proyectada la clase anterior. ',8,'Fun_Positivos_Taller_de_narrativas_sesion_5_introduccion_al_mundo_sonoro_Mayo_2015_9.JPG','','','uploads/accompaniment/accompaniment_adjunct',3,518,41,'2015-06-02 11:57:31','0000-00-00 00:00:00'),(544,'2015-06-19','Narrativas digitales: Radio. Sesión 5','En esta sesión del taller se realizó una actividad para la identificación de posibles personajes para el montaje y producción del cuento como trabajo final. La actividad consistió en nombrar todas las personas que integran el hogar donde viven los niños y atribuirle características de su personalidad. Finalmente se hace un ejercicio práctico de grabación de sonidos y locución. ',8,'Fun_Positivos_Taller_de_narrativas_sesion_5_Mayo_2015_3.JPG','Fun_Positivos_Taller_de_narrativas_sesion_5_Mayo_2015_7.JPG','Fun_Positivos_Taller_de_narrativas_sesion_5_Mayo_2015_8.JPG','uploads/accompaniment/accompaniment_adjunct',3,518,41,'2015-06-02 11:59:59','0000-00-00 00:00:00'),(545,'2015-06-04','Seguimiento Curso y Gestor','Seguimiento al curso de Alfabetización Digital dictado por el Gestor Tic en la casa de Lectura,retro alimentación con los asistentes.',11,'20150604_160114_HDR.jpg','','','uploads/accompaniment/accompaniment_adjunct',4,463,10,'2015-06-05 14:41:20','0000-00-00 00:00:00'),(546,'2015-06-04','Capacitación Gestores UVA','Capacitación en metodologías de enseñanza según tema y población.',3,'20150604_151841_HDR.jpg','','','uploads/accompaniment/accompaniment_adjunct',4,442,10,'2015-06-05 14:54:32','0000-00-00 00:00:00'),(547,'2015-06-06','Certificación eguimiento Curso y Gestores','Ceremonia de entrega de constancias de asistencia al proyecto de escuela de padres.',98,'samuel.jpg','','','uploads/accompaniment/accompaniment_adjunct',2,230,10,'2015-06-09 09:17:16','0000-00-00 00:00:00'),(548,'2015-06-04','Certificación seguimiento Curso y Gestores','Sesión de entrega de constancias de asistencia a los padres de famila y vecinos que asistieron al curso el la I.E',14,'bravo.jpg','','','uploads/accompaniment/accompaniment_adjunct',2,159,10,'2015-06-09 09:22:44','0000-00-00 00:00:00'),(549,'2015-06-09','Acompañamiento Aulab','Reunión con los chicos del laboratorio antes que ellos se vayan para vacaciones, en vacaciones se comprometieron a realizar el guión del próximo video',6,'Institucion_Educativa_Aures_Laboratorio_Comunitario-0.JPG','Institucion_Educativa_Aures_Laboratorio_Comunitario_2.JPG','','uploads/accompaniment/accompaniment_adjunct',9,568,42,'2015-06-09 13:02:11','0000-00-00 00:00:00'),(550,'2015-06-03','Última sesión y Certificación curso AD y GEL','Se realizó acompañamiento a la última sesión de alfabetización digital y gobierno en línea, además se realizó la certificación del curso.',0,'CEDEZO_San_Antonio_de_Prado_Curso_Alfabetizacion_digital_y_Gobierno_en_linea.jpg','CEDEZO_San_Antonio_de_Prado_certificacion_curso_AD_y_GEL.jpg','','uploads/accompaniment/accompaniment_adjunct',4,178,15,'2015-06-09 15:50:20','0000-00-00 00:00:00'),(551,'2015-06-04','Seguimiento a Kit de Inclusión Digital','Se realizó seguimiento al Kit de inclusión digital, dónde se evidenció que éste lo están usando 12 niñas de la institución educativa con discapacidades cognitivas, sensoriales y motrices. La intensidad de uso es 3 veces por semana, gracias a un proyecto de investigación de maestría que está llevando a cabo la docente del aula de apoyo. Dicho proyecto consiste en evaluar los aportes de la tecnología en el aprendizaje de las niñas en situación de discapacidad.\r\nAdemás el Kit se está proyectando a la comunidad por medio del curso de Alfabetización Digital con personas en situación de discapacidad, que se está realizando los lunes con el apoyo del espacio del Parque Biblioteca Guayabal.',1,'Institucion_Educativa_Santos_Angeles_Custodios_Seguimiento_al_Kit_de_Inclusion_Digital.jpg','','','uploads/accompaniment/accompaniment_adjunct',8,359,43,'2015-06-10 08:09:46','0000-00-00 00:00:00'),(552,'2015-06-03','Activación Zona Wifi','Se acompañó  a las dos gestoras Tic de San Cristóbal en la realización de algunas activaciones tanto en el parque principal de San cristóbal como en el centro de Servicios para dar algunas orientaciones en relación a la importancia de orientar a las personas a páginas de formación virtual, asesorías respecto de la creación de hojas de vida, trámites en línea entre otros usos postivos de la internet.',7,'Parque_San_Cristobal_Activacion_Zona_Wifi_1.jpg','Parque_San_Cristobal_Activacion_Zona_Wifi_2.jpg','Parque_San_Cristobal_Activacion_Zona_Wifi_3.jpg','uploads/accompaniment/accompaniment_adjunct',4,283,23,'2015-06-10 14:19:49','0000-00-00 00:00:00'),(553,'2015-06-04','Cierre de curso','Se acompañó a Esteban, uno de los Gestores Tic de Villa Flora en el cierre del curso Herramientas Web 2.0 con un grupo mixto de adultos y niños. Incialmente se hizo la retroalimentación del proceso y las personas hicieron una devolución muy positiva del gestor, reconocieron su disciplina, exigencia y la dedicación en el proceso. La comunidad pidió un nivel 3; sin embargo se les cuestionó a cerca de qué era eso que debía contener dicho nivel',15,'I_E_Villa_Flora_Cierre_de_Curso.jpg','I_E_Villa_Flora_Cierre_de_curso_2.jpg','','uploads/accompaniment/accompaniment_adjunct',4,289,23,'2015-06-12 08:39:14','0000-00-00 00:00:00'),(554,'2015-06-10','Seguimiento Aula Abierta','>Seguimiento al proceso de aula abierta y entrega de certificados al docente encargado para firmas',13,'20150610_171918_HDR.jpg','','','uploads/accompaniment/accompaniment_adjunct',2,162,10,'2015-06-12 08:39:39','0000-00-00 00:00:00'),(558,'2015-06-09','Atención a usuarios','Atención en el punto de navegación a usuarios del sitio; asesoría en recuperación de clave de facebook.Verificación del buen funcionamiento del internet.',5,'CAM_acompanamiento.jpg','CAM_acompanamiento1.jpg','','uploads/accompaniment/accompaniment_adjunct',7,436,20,'2015-06-12 14:15:53','0000-00-00 00:00:00'),(559,'2015-06-10','Divulgación de procesos en el corregimiento','Se visitó el parque principal de San Cristóbal, en esta ocasión para realizar divulgación de nuestros procesos en el corregimiento, se habló con la gente, se invitó a participar de nuestros cursos y talleres tanto en PB Fernando Botero como en PVD San Cristóbal',10,'Parque_San_Cristobal_Divulgacion_Procesos_en_el_corregimiento.jpg','','','uploads/accompaniment/accompaniment_adjunct',7,283,23,'2015-06-17 15:48:14','0000-00-00 00:00:00'),(560,'2015-06-17','Seguimiento Al punto de navegación','Se hizo seguimiento al punto de navegación y la dinámica del sitio',3,'Mascerca_Castilla_Seguimiento_al_punto_de_navegacion.JPG','','','uploads/accompaniment/accompaniment_adjunct',7,282,42,'2015-06-18 10:05:51','0000-00-00 00:00:00'),(561,'2015-06-18','Acompañamiento  y seguimiento de procesos','Firma de Horas y seguimiento al proceso de formación que acompaña el Gestor TIC con alfabetización digital y Gobierno en Linea',1,'Biblioteca_Comfenalco_El_Salado_Acompanamiento_a_Gestor_TIC_Pascual_Bravo_Sebastian_Vanegas.jpg','','','uploads/accompaniment/accompaniment_adjunct',5,450,38,'2015-06-18 12:05:28','0000-00-00 00:00:00'),(563,'2015-06-17','Gestor Tic','Se realizó acompañamiento a Ana Maria, gestora Tic San C en la realización de asesoría en web 2.0 a una de las líderes Comunitarias del corregimiento. Posteriormente se dejaron tareas puntuales para su intervención en algunos lugares de Nuevo occidente como enfocar los acompañamientos en las zonas WIFI  y sitios de Gobierno al tema de GEL ,además de reunirse con el administrador de la UPSS nuevo occidente para solicitar espacio con funcionarios y así divulgar la presencia de la red',1,'Parque_San_Cristobal_Acompanamiento_Gestor_Tic.jpg','','','uploads/accompaniment/accompaniment_adjunct',4,283,23,'2015-06-19 11:27:06','0000-00-00 00:00:00'),(564,'2015-06-17','Seguimiento  al Kit de Inclusión Digital','Se visitó el parque Biblioteca Fernando Botero, esta vez con el propósito de hacer seguimiento a los compromisos pactados desde la sensibilización realizada a  los funcionarios tanto en el tema de inclusión Digital como de Accesibilidad. Se evidencia parte del kit de manera visible aunque falta mayor exploración aún del software. También hay evidencia fotográfica del trabajo con los dispositivos en las clases que se desarrollan los miércoles con el grupo de discapacidad a las cuales fuimos invitados.',1,'PB_Fernando_Botero_Seguimiento_al_kit_de_inclusion_D.JPG','PB_Fernando_Botero_Seguimiento_al_Kit_de_Inclusion_digital_2.jpg','PB_Fernando_Botero_Seguimiento_al_Kit_de_Inclusion_digital_1.jpg','uploads/accompaniment/accompaniment_adjunct1',8,186,23,'2015-06-19 11:49:33','2015-06-19 16:50:40'),(565,'2015-06-02','Seguimiento  al Kit de Inclusión Digital','Se realizó la sensibilización en inclusión Digital con algunos funcionarios de lugares donde tenemos el kit de inclusión. Se convocó a la quintana, Colegio Mayor, centro integrado y Buen Comienzo la huerta dado que aun no poseen un conocimiento amplio de las herramientas del kit, ni lo saben usar o bien está siendo subutilizado precisamente por falta de conocimiento, exploración y experiencia. Algunas entidades no asistieron y se pudo evidenciar el empoderamiento de la biblioteca y el proceso tan sólido que desarrollan con el kit, el uso es permanente, reflexivo y cuidadoso. Hay grupos consolidados según tipo de discapacidades en el trascurso de la semana que se benefician del mismo.',20,'Biblio_Fdo_gomez_Martinez_Seguimiento_al_Kit_de_Inclusion.jpg','','','uploads/accompaniment/accompaniment_adjunct',8,268,23,'2015-06-19 14:52:28','0000-00-00 00:00:00'),(566,'2015-06-02','Seguimiento  al Kit de Inclusión Digital','Se convocó a la educadora especial de Buen Comienzo la Huerta para que a través del conocimiento y sensibilización con la experiencia exitosa de la biblioteca Fernando Gómez Martínez, pueda reconocer, explorar y potenciar el kit de inclusión que se encuentra en el lugar dado que actualmente y a razón de que el personal es nuevo este año en la sede, al momento de visitar el centro infantil el kit se encontraba totalmente subutilizado y guardado; al punto de no conocerlo; por tanto era muy importante la presencia en dicho espacio formativo de la persona que se encargará de dinamizar  nuestro kit en su territorio y a raiz del diagnóstico que se está elaborando con las familias del sector.',1,'Buen_Comienzo_la_Huerta_Seguimiento_al_Kit_de_Inclusion.jpg','','','uploads/accompaniment/accompaniment_adjunct',8,413,23,'2015-06-19 15:04:11','0000-00-00 00:00:00'),(567,'2015-06-02','Seguimiento  al Kit de Inclusión Digital','En aras de fortalecer el conocimiento y apropiación de los funcionarios del centro integrado respecto al kit de inclusión digital,  se convocaron a la sensibilización en la biblioteca Fernando Gómez Martínez en donde se tuvo la oportunidad de observar a los chicos y chicas con discapacidad cognitiva en una clase de sistemas usando el kit. ',1,'Centro_integrado_San_C_Seguimiento_al_kit.jpg','','','uploads/accompaniment/accompaniment_adjunct',8,444,23,'2015-06-19 15:22:15','0000-00-00 00:00:00'),(568,'2015-06-02','Seguimiento  al Kit de Inclusión Digital','En aras de fortalecer el conocimiento y apropiación de los funcionarios del parque Biblioteca respecto al kit de inclusión digital,  se convocaron a la sensibilización en la biblioteca Fernando Gómez Martínez el 2 de junio en donde se tuvo la oportunidad de observar a los chicos y chicas con discapacidad cognitiva en una clase de sistemas usando el kit. ',1,'PB_Doce_de_Octubre_Seguimiento_al_kit_de_inclusion_D.jpg','','','uploads/accompaniment/accompaniment_adjunct',8,183,23,'2015-06-19 15:25:18','0000-00-00 00:00:00'),(569,'2015-06-02','Acompañamiento Aula Abierta','En está sesión de trabajo con el aula abierta se les acompaña con una sesión de excel básico en el que se les muestra el programa, se explica los conceptos de celda, columna y fila además de las opciones de sumar, multiplicar y dividir. \r\n\r\nSe explica como dar formato a este, se plantean un ejercicio práctico y cotidiano de un presupuesto básico de compra y precios a la hora de ir a comprar el mercado mensual. ',9,'IE_Gerardo_Valencia_Cano_Seguimiento_Aula_Abierta.jpg','','','uploads/accompaniment/accompaniment_adjunct',2,410,24,'2015-06-19 16:03:34','0000-00-00 00:00:00'),(570,'2015-06-10','Seguimiento al Sitio y Asesoría','Revisión del funcionamiento de los equipos del Punto de Navegación y se realiza asesoría al Niño Juan Felipe y a las personas que se encuentran en el punto, para que utilice la planilla de registro de usos de los equipos.',3,'Por_Mis_Derechos_Acompanamiento_al_Sitio.jpg','','','uploads/accompaniment/accompaniment_adjunct',7,321,40,'2015-06-22 14:29:26','2015-06-22 19:32:29'),(571,'2015-06-05','Acompañamiento Sitio de Gobierno','Se realizó una visita al punto de navegación para ver la dinámica del lugar',1,'Sitio_Gobierno_Los_Colores.JPG','','','uploads/accompaniment/accompaniment_adjunct',7,248,46,'2015-06-22 16:02:18','0000-00-00 00:00:00'),(572,'2015-06-02','Seguimiento Kit de Inclusión en Aula Abierta','En cada sesión del Aula Abierta se utilizan algunos elementos del Kit de inclusión para que la comunidad reciba las clases de computadores. En está sesión conocimos uno de los programas que hacen parte de microsoft office llamado excel y para esto utilizamos los teclados de colores con algunos de los adultos mayores que hacen parte del proceso. ',7,'IE_Gerardo_Valencia_Cano_Seguimiento_Kit_de_inclusion_digital.jpg','','','uploads/accompaniment/accompaniment_adjunct',8,410,24,'2015-06-23 08:38:35','0000-00-00 00:00:00'),(573,'2015-06-04','Seguimiento Punto de navegación','Se realizó seguimiento al punto de navegación, en donde se pudo identificar el funcionamiento de los equipos y de la red wifi, además se pudo conversar con un usuario quien utiliza frecuentemente el punto de navegación para ingresar al correo y redes sociales.',1,'Permanencia_3_de_Belen_seguimiento_punto_de_navegacion.jpg','','','uploads/accompaniment/accompaniment_adjunct',7,439,15,'2015-06-23 09:19:38','0000-00-00 00:00:00'),(574,'2015-06-03','Inicio de curso AD y GEL','Se realizó acompañamiento al Gestor TIC en el inicio del curso de Alfabetización digital y gobierno en línea con adultos mayores del club de vida.',0,'Unidad_integral_6_de_Belen_Acompanamiento_curso_AD_y_GEL_Estudiantes_Pascual_Bravo_Carolina-0.jpg','','','uploads/accompaniment/accompaniment_adjunct',5,362,15,'2015-06-23 09:31:54','0000-00-00 00:00:00'),(575,'2015-06-03','Inicio de curso AD y GEL','Se realizó acompañamiento al curso de alfabetización Digital y Gobierno en línea con adultos mayores del club de vida.',0,'Unidad_integral_6_de_Belen_Acompanamiento_curso_AD_y_GEL_Getsor_TIC_Edwin_Monsalve-0.jpg','','','uploads/accompaniment/accompaniment_adjunct',4,362,15,'2015-06-23 09:34:49','0000-00-00 00:00:00'),(576,'2015-06-06','Curso Alfabetización digital y Gobierno en línea','Se realizó acompañamiento al curso de alfabetización digital y gobierno en línea que se está dictando en el parque biblioteca de San Antonio de Prado.',0,'Parque_Biblioteca_Jose_Horacio_Betancur_Acompanamiento_Gestor_TIC.jpg','','','uploads/accompaniment/accompaniment_adjunct',4,194,15,'2015-06-23 11:18:10','0000-00-00 00:00:00'),(577,'2015-06-03','Seguimiento al curso dictado por Gestor TIC','En está fecha el Gestor de Cultura Digital acompaña el taller de Narrativas puesto que el Gestor TIC no pudo ir. Para está fecha se realizaron los ajustes pertinentes a los productos que se mostrarán en el cierre. ',7,'Biblioteca_Familia_La_Esperanza_Seguimiento_Gestor_TIC_Taller_Narrativas_1.jpg','Biblioteca_Familia_La_Esperanza_Seguimiento_Gestor_TIC_Taller_Narrativas_2.jpg','Biblioteca_Familia_La_Esperanza_Seguimiento_Gestor_TIC_Taller_Narrativas_3.jpg','uploads/accompaniment/accompaniment_adjunct',4,479,24,'2015-06-23 11:18:31','0000-00-00 00:00:00'),(578,'2015-06-09','Evaluación de procesos Gestor TIC ','Este día nos reunimos el Gestor TIC, la Presidenta de la JAL Nelly Gil y la coordinadora de la Fundación Familia La Esperanza-Ratón de Biblioteca a realizar un proceso de retroalimentación frente a los talleres y cursos dictados por el Gestor TIC Estiven Marín y las inconsistencias que se presentaron durante la prestación de su servicio social con la comunidad.  Una de las observaciones realizadas por Diana la Coordinadora de la Biblioteca se centra en el poco compromiso que estos tuvieron con el espacio y se les invita a adquirirlo. Se manifiesta además la poca comunicación que se generó con la coordinadora del sitio, puesto que este chico no llamaba a contarle a ella las actividades que se realizarían fuera del espacio. ',4,'Biblioteca_Familia_La_Esperanza_Seguimiento_a_Gestor_TIC_1.jpg','','','uploads/accompaniment/accompaniment_adjunct',4,479,24,'2015-06-23 11:27:51','0000-00-00 00:00:00'),(579,'2015-06-09','Retroalimentación con Estudiante del Pascual Bravo','Este día nos reunimos la Estudiante del Pascual Bravo, la Presidenta de la JAL Nelly Gil y la coordinadora de la Fundación Familia La Esperanza-Ratón de Biblioteca a realizar un proceso de retroalimentación frente a los talleres y cursos dictados por la Estudiante del Pascual Bravo Jaqueline Muñoz y las inconsistencias que se presentaron durante la prestación de su servicio social con la comunidad.  Una de las observaciones realizadas por Diana la Coordinadora de la Biblioteca se centra en el poco compromiso que estos tuvieron con el espacio y se les invita a adquirirlo. Se manifiesta además la poca comunicación que se generó con la coordinadora del sitio, puesto que este chico no llamaba a contarle a ella las actividades que se realizarían fuera del espacio. ',4,'Biblioteca_Familia_La_Esperanza_Seguimiento_a_Estudiante_del_Pascual_3.jpg','Biblioteca_Familia_La_Esperanza_Seguimiento_a_Estudiante_del_Pascual_2.jpg','','uploads/accompaniment/accompaniment_adjunct',5,479,24,'2015-06-23 11:52:37','0000-00-00 00:00:00'),(580,'2015-06-03','Certificación Taller Narrativas','Se realiza la certificación del Taller Narrativas Digitales, acompañado por el Estudiante del Pascual Bravo Cristián Torres Usme, en este espacio se muestran los productos realizados por los asistentes. Cada uno muestra el fotoreportaje realizado en el curso. ',9,'IE_Villa_Flora_Aula_Abierta_Cierre_de_procesos_2.jpg','','','uploads/accompaniment/accompaniment_adjunct',5,289,24,'2015-06-23 12:00:21','0000-00-00 00:00:00'),(581,'2015-06-03','Certificación Aula Abierta Taller Narrativas','Se realiza la certificación del taller de narrativas Digitales dictada en el aula de sistemas de la IE Villa Flora, allí los participantes muestran su producto, ellos realizaron un fotoreportaje de la fauna y flora de su barrio. \r\n\r\n',9,'IE_Villa_Flora_Aula_Abierta_Cierre_de_procesos_1.jpg','','','uploads/accompaniment/accompaniment_adjunct',2,289,24,'2015-06-23 12:02:41','0000-00-00 00:00:00'),(582,'2015-06-06','Certificación Aula Abierta Curso y Taller.','Se realizó la certificación del curso de Alfabetización Digital y Gobierno en Línea y del Taller de Herramientas Web 2.0 que se llevaron a cabo en el aula abierta de la Institución Educativa José Acevedo y Gómez. Los adultos quedaron muy contentos y agradecidos por el proceso. ',40,'Institucion_Educativa_Jose_Acevedo_y_Gomez_Entrega_de_certificados_Curso_Alfabetizacion_Digital_y_Gobierno_en_Linea.jpg','','Institucion_Educativa_Jose_Acevedo_y_Gomez_Entrega_de_certificados_Taller_Herramientas_Web_2_0.jpg','uploads/accompaniment/accompaniment_adjunct',2,344,43,'2015-06-23 13:26:50','2015-06-23 18:29:03'),(583,'2015-06-03','Atención a usuarios','Atención en el punto de navegación a usuarios del sitio.Verificación del buen funcionamiento del internet. Recolección de indicadores.',4,'Mascerca_Buenos_Aires_acompanamiento_2-0.jpg','','','uploads/accompaniment/accompaniment_adjunct',7,314,20,'2015-06-23 15:23:22','0000-00-00 00:00:00'),(584,'2015-06-03','Atención a usuarios','Atención en el punto de navegación a usuaria del sitio.Verificación del buen funcionamiento del internet. Recolección de indicadores.',1,'Espacio_Publico_acompanamiento_3-0.jpg','','','uploads/accompaniment/accompaniment_adjunct',7,427,20,'2015-06-23 15:27:39','0000-00-00 00:00:00'),(585,'2015-06-04','Acompañamiento gestora TIC ','Reunión con gestora TIC para empezar labores en el CAM y en Tesorería Municipal, firma del pacto de acompañamiento; la gestora ha realizado su labor social con el programa durante varios semestres. Se le hace entrega del chaleco y el carné del programa.',1,'CAM_acompanamiento_gestora_TIC1.jpg','','','uploads/accompaniment/accompaniment_adjunct',4,436,20,'2015-06-23 15:42:16','0000-00-00 00:00:00'),(586,'2015-06-09','Acompañamiento gestora TIC ','Acompañamiento y presentación de la gestora TIC con la líder de servicio CAM ',2,'CAM_acompanamiento_gestora_TIC_2-0.jpg','CAM_acompanamiento_gestora_TIC-0.jpg','','uploads/accompaniment/accompaniment_adjunct',4,436,20,'2015-06-23 15:46:20','0000-00-00 00:00:00'),(587,'2015-06-11','Entrega certificado','Reunión del gestor Alejandro Marín con el gestor TIC Yerson Yair, para la entrega del certificado de las horas y la retroalimentación del proceso de acompañamiento en el diseño de 5 tutoriales de herramientas Web.',1,'Mascerca_Buenos_Aires_est_Pascual_Bravo_Yerson_Yair_Rodriguez.JPG','','','uploads/accompaniment/accompaniment_adjunct',5,314,20,'2015-06-23 15:55:21','0000-00-00 00:00:00'),(588,'2015-06-11','Atención a usuarios','Atención a un usuario del punto de navegación. Se le mostraron algunas páginas y herramientas web para la elaboración de cómic y animaciones.',1,'Mascerca_Buenos_Aires_acompanamiento2_2.JPG','','','uploads/accompaniment/accompaniment_adjunct',7,314,20,'2015-06-23 15:56:49','0000-00-00 00:00:00'),(589,'2015-06-20','Acompañamiento Curso AD y GEL','Se hizo acompañamiento al gestor TIC en el curso de alfabetización digital y gobierno en línea.',0,'Parque_Biblioteca_Jose_Horacio_Betancur_Acompanamiento_Gestor_TIC_2.jpg','','','uploads/accompaniment/accompaniment_adjunct',4,194,15,'2015-06-23 16:02:28','0000-00-00 00:00:00'),(590,'2015-06-23','Atención a usuarios','Atención a 4 usuarios del punto de navegación. Se verifica el buen funcionamiento de los equipos del punto de navegación. Además, se propone hacer asesorías a los funcionarios de la inspección.',4,'Inspeccion_9B_El_Salvador_acompanamiento.jpg','Inspeccion_9B_El_Salvador_acompanamiento2.jpg','','uploads/accompaniment/accompaniment_adjunct',7,307,20,'2015-06-23 16:05:14','0000-00-00 00:00:00'),(591,'2015-06-23','Expropiación del Kit de inclusión Digital','Se visitó el colegio Mayor con previo aviso para revisar y expropiar uno de los Kit de Inclusión Digital presentes en el lugar dada la subutilización del mismo desde hace ya algún tiempo. Se dieron nuevamente recomendaciones para el kit existente en  la I.ES ',1,'Colegio_Mayor_Expropiacion_Kit_de_inclusion_Digital.jpg','','','uploads/accompaniment/accompaniment_adjunct',8,406,23,'2015-06-23 16:11:08','0000-00-00 00:00:00'),(592,'2015-06-03','Certificación Aula Abierta','Certificación de los participantes del proceso Aula Abierta en la Institución Educativa, se certificaron 9 personas participantes en el taller de Herramientas Web 2.0',9,'IE_Gerardo_Valencia_Aula_Abierta_Cierre_de_procesos.jpg','','','uploads/accompaniment/accompaniment_adjunct',4,410,24,'2015-06-24 09:18:39','0000-00-00 00:00:00'),(593,'2015-06-24','Seguimiento  al Kit de Inclusión Digital','Se realizó visita de seguimiento al kit de inclusión  digital con la profesional especializada en gestión Bibliotecaria en donde se conversó a cerca de los siguientes aspectos: \r\n- La universidad cuenta con dos kit de inclusión digital; sin embargo se considera que con uno basta para la atención  a las personas en situación de discapacidad del lugar dado que solo tres lo usan.\r\n- Actualmente sólo hay un pc con algunos dispositivos visibles pero la mayoría están guardados.\r\n- No se usa el software por falta de conocimiento y apropiación del mismo, incluso se presume que el equipo donde estaba instalado ya no está en la biblioteca.\r\nAl respecto de estos hallazgos se establecen compromisos y se sugiere.\r\n- Asistir a la segunda capacitación que se realizará en Julio con apoyo de la biblioteca Fernando Gómez respecto al uso del kit.\r\n- Verificar la instalación del software o en su defecto solicitarla con tecnoayudas.\r\n- Sacar el resto del kit del maletín pues se explicó a la funcionaria cómo elementos como teclados de alto contraste con perfectamente utilizables por personas con baja visión, adultos o personas sin ningún tipo de discapacidad.\r\n- Mde inteligente mirará la pertinencia de continuar con dos kit de inclusión en el lugar.\r\n- ',1,'Pascual_Bravo_Seguimiento_Kit_de_inclusion_Digital.jpg','','','uploads/accompaniment/accompaniment_adjunct',8,411,23,'2015-06-24 10:57:57','0000-00-00 00:00:00'),(594,'2015-06-23','Acompañamiento Gestor TIC','Acompañamiento a la gestora TIC En el proceso de AD en el centro de lectura de Villa Guadalupe',7,'20150623_141307_HDR.jpg','','','uploads/accompaniment/accompaniment_adjunct',4,463,10,'2015-06-24 13:08:42','0000-00-00 00:00:00'),(595,'2015-06-23','Acompañamiento a curso AD','Acompañamiento al curso de AD en el centro de lectura Villa del Socorro',12,'20150623_141201_HDR.jpg','','','uploads/accompaniment/accompaniment_adjunct',3,463,10,'2015-06-24 13:10:19','0000-00-00 00:00:00'),(596,'2015-06-25','Certificación seguimiento Curso y Gestores','Seguimiento evaluación y certificación de los dos grupos de AD del sitio',20,'20150625_143044_HDR.jpg','20150625_144036_HDR.jpg','20150625_144706_HDR.jpg','uploads/accompaniment/accompaniment_adjunct',6,466,10,'2015-06-25 16:52:55','0000-00-00 00:00:00'),(597,'2015-06-16','Acompañamiento al curso Alfabetización Digital','El acompañamiento se gesta en la medida que se da la interacción con el grupo, para esto la Gestora de Cultura Digital presenta el programa  a las personas del curso y el gestor TIC dicta la clase. ',7,'Casa_de_la_Cultura_Pedregal_Seguimiento_Gestor_TIC_1.jpg','Casa_de_la_Cultura_Pedregal_Seguimiento_Gestor_TIC_2.jpg','','uploads/accompaniment/accompaniment_adjunct',4,487,24,'2015-06-25 17:23:50','0000-00-00 00:00:00'),(598,'2015-06-10','Certificación Curso','Se certificó el taller de narrativas digitales en la Biblioteca La Esperanza',8,'IMG_7851.JPG','IMG_7849.JPG','IMG_7850.JPG','uploads/accompaniment/accompaniment_adjunct',4,479,42,'2015-06-26 10:33:21','0000-00-00 00:00:00'),(599,'2015-06-24','Acompañamiento Gestores TIC','Se acompañó al gestor TIC en el punto de navegación para brindar asesorías en caso de que lo necesitará, además se le hizo un pequeño seguimiento.',0,'Casa_de_Gobierno_San_Antonio_de_Prado_Acompanamiento_Gestor_TIC.jpg','','','uploads/accompaniment/accompaniment_adjunct',4,333,15,'2015-06-26 15:05:09','0000-00-00 00:00:00'),(600,'2015-06-24','Acompañamiento Curso','Se hizo acompañamiento al gestor TIC en el curso de alfabetización digital y gobierno en línea.',0,'Unidad_Integral_6_de_Belen_Acompanamiento_Gestor_TIC.jpg','','','uploads/accompaniment/accompaniment_adjunct',4,362,15,'2015-06-26 15:11:48','0000-00-00 00:00:00'),(601,'2015-06-24','Acompañamiento Curso','Se acompañó a la gestora en el curso de alfabetización digital y gobierno en línea.',0,'Unidad_Integral_6_de_Belen_Acompanamiento_Gestor_Pascual_Bravo_Carolina.jpg','','','uploads/accompaniment/accompaniment_adjunct',5,362,15,'2015-06-26 15:12:58','0000-00-00 00:00:00'),(602,'2015-06-26','Acompañamiento Curso','Se acompañó al estudiante del Pascual Bravo en la novena sesión del curso de alfabetización digital y gobierno en línea con emprendedores.',0,'Cedezo_Belen_Acompanamiento_curso_AD_y_GEL_Estudiante_Pascual_Bravo_Alejandro.jpg','','','uploads/accompaniment/accompaniment_adjunct',5,176,15,'2015-06-26 15:18:16','0000-00-00 00:00:00'),(603,'2015-06-26','Acompañamiento Curso','Se acompañó al Gestor TIC en la novena sesión del curso de alfabetización digital y gobierno en línea con emprendedores.',0,'Cedezo_Belen_Acompanamiento_curso_AD_y_GEL_Gestor_TIC.jpg','','','uploads/accompaniment/accompaniment_adjunct',4,176,15,'2015-06-26 15:19:24','0000-00-00 00:00:00'),(604,'2015-07-02','Certificación seguimiento Curso y Gestores','Certificación del curso, retroalimetacion y acompañamiento a la gestora tic',14,'Centro_de_lectura_guadalupe_A_D_2.jpg','Centro_de_lectura_guadalupe_A_D.jpg','','uploads/accompaniment/accompaniment_adjunct',4,463,10,'2015-07-02 16:47:25','0000-00-00 00:00:00'),(605,'2015-07-09','Seguimiento a Kit de Inclusión Digital','Se realizó una reunión con el rector de la Institución para proponerle la promoción del Kit de inclusión digital, a través de un proceso de formación con esta población. El rector aprobó la propuesta y quedó como compromiso convocar el grupo en la comuna.',2,'Institucion_Educativa_Jose_Maria_Bernal_Seguimiento_al_Kit_de_inclusion.jpg','','','uploads/accompaniment/accompaniment_adjunct',8,124,43,'2015-07-09 15:21:28','0000-00-00 00:00:00');
/*!40000 ALTER TABLE `accompaniments` ENABLE KEYS */;
UNLOCK TABLES;

--
-- Table structure for table `agents`
--

DROP TABLE IF EXISTS `agents`;
/*!40101 SET @saved_cs_client     = @@character_set_client */;
/*!40101 SET character_set_client = utf8 */;
CREATE TABLE `agents` (
  `id_agent` int(11) NOT NULL AUTO_INCREMENT,
  `person_id` bigint(15) NOT NULL,
  `zone_id` int(11) NOT NULL,
  `agent_estado` varchar(45) NOT NULL,
  `creation_date` datetime NOT NULL,
  `modification_date` timestamp NOT NULL DEFAULT '0000-00-00 00:00:00' ON UPDATE CURRENT_TIMESTAMP,
  `user_id` int(11) NOT NULL,
  PRIMARY KEY (`id_agent`),
  UNIQUE KEY `person_id_2` (`person_id`),
  KEY `zone_id` (`zone_id`),
  KEY `user_id` (`user_id`),
  CONSTRAINT `agents_ibfk_1` FOREIGN KEY (`person_id`) REFERENCES `people` (`id_person`) ON UPDATE CASCADE,
  CONSTRAINT `agents_ibfk_3` FOREIGN KEY (`zone_id`) REFERENCES `zones` (`id_zone`) ON UPDATE CASCADE,
  CONSTRAINT `agents_ibfk_4` FOREIGN KEY (`user_id`) REFERENCES `users` (`id_user`) ON UPDATE CASCADE
) ENGINE=InnoDB AUTO_INCREMENT=40 DEFAULT CHARSET=latin1;
/*!40101 SET character_set_client = @saved_cs_client */;

--
-- Dumping data for table `agents`
--

LOCK TABLES `agents` WRITE;
/*!40000 ALTER TABLE `agents` DISABLE KEYS */;
INSERT INTO `agents` VALUES (5,526,1,'Inactivo','0000-00-00 00:00:00','2015-03-04 13:26:12',0),(7,518,1,'1','0000-00-00 00:00:00','2015-03-31 16:36:51',0),(8,530,4,'Inactivo','0000-00-00 00:00:00','2015-03-04 13:26:32',0),(9,531,3,'Activo','0000-00-00 00:00:00','2015-03-04 13:26:42',0),(10,516,2,'Activo','0000-00-00 00:00:00','0000-00-00 00:00:00',0),(11,523,1,'Activo','0000-00-00 00:00:00','0000-00-00 00:00:00',0),(13,525,2,'1','0000-00-00 00:00:00','2015-03-31 16:37:14',0),(14,515,2,'Activo','0000-00-00 00:00:00','0000-00-00 00:00:00',0),(15,512,3,'Inactivo','0000-00-00 00:00:00','2015-03-04 13:26:53',0),(16,527,3,'Inactivo','0000-00-00 00:00:00','2015-03-04 13:27:04',0),(17,532,4,'Activo','0000-00-00 00:00:00','0000-00-00 00:00:00',0),(18,513,4,'Activo','0000-00-00 00:00:00','0000-00-00 00:00:00',0),(20,520,1,'Inactivo','0000-00-00 00:00:00','2015-03-04 13:27:13',0),(25,535,3,'Inactivo','0000-00-00 00:00:00','2015-03-04 13:27:20',0),(26,517,4,'Activo','0000-00-00 00:00:00','0000-00-00 00:00:00',0),(27,537,5,'Activo','0000-00-00 00:00:00','0000-00-00 00:00:00',0),(28,524,5,'Activo','0000-00-00 00:00:00','0000-00-00 00:00:00',0),(29,510,5,'Activo','0000-00-00 00:00:00','0000-00-00 00:00:00',0),(30,536,5,'Activo','0000-00-00 00:00:00','0000-00-00 00:00:00',0),(31,541,5,'Activo','0000-00-00 00:00:00','0000-00-00 00:00:00',0),(32,566,3,'Activo','2015-03-04 08:25:50','0000-00-00 00:00:00',13),(33,567,2,'Activo','2015-03-04 08:30:22','0000-00-00 00:00:00',13),(34,568,1,'Activo','2015-03-04 08:36:00','0000-00-00 00:00:00',13),(35,571,4,'Activo','2015-03-09 08:19:32','0000-00-00 00:00:00',12),(36,618,2,'1','2015-04-06 12:07:34','0000-00-00 00:00:00',35),(37,881,1,'1','2015-06-10 10:50:32','0000-00-00 00:00:00',35),(38,547,4,'1','2015-06-12 14:58:31','0000-00-00 00:00:00',35),(39,935,4,'1','2015-06-16 14:34:12','0000-00-00 00:00:00',35);
/*!40000 ALTER TABLE `agents` ENABLE KEYS */;
UNLOCK TABLES;

--
-- Table structure for table `communes`
--

DROP TABLE IF EXISTS `communes`;
/*!40101 SET @saved_cs_client     = @@character_set_client */;
/*!40101 SET character_set_client = utf8 */;
CREATE TABLE `communes` (
  `id_commune` int(11) NOT NULL AUTO_INCREMENT,
  `commune_name` varchar(200) NOT NULL,
  `zone_id` int(11) NOT NULL,
  `creation_date` datetime NOT NULL,
  `modification_date` timestamp NOT NULL DEFAULT '0000-00-00 00:00:00' ON UPDATE CURRENT_TIMESTAMP,
  `user_id` int(11) NOT NULL,
  PRIMARY KEY (`id_commune`),
  UNIQUE KEY `commune_name` (`commune_name`),
  KEY `zone_id` (`zone_id`),
  KEY `user_id` (`user_id`),
  CONSTRAINT `communes_ibfk_1` FOREIGN KEY (`zone_id`) REFERENCES `zones` (`id_zone`) ON UPDATE CASCADE,
  CONSTRAINT `communes_ibfk_3` FOREIGN KEY (`user_id`) REFERENCES `users` (`id_user`) ON UPDATE CASCADE
) ENGINE=InnoDB AUTO_INCREMENT=32 DEFAULT CHARSET=latin1;
/*!40101 SET character_set_client = @saved_cs_client */;

--
-- Dumping data for table `communes`
--

LOCK TABLES `communes` WRITE;
/*!40000 ALTER TABLE `communes` DISABLE KEYS */;
INSERT INTO `communes` VALUES (1,'Comuna 1 - Popular',1,'0000-00-00 00:00:00','0000-00-00 00:00:00',0),(2,'Comuna 2 - Santa Cruz',1,'0000-00-00 00:00:00','0000-00-00 00:00:00',0),(3,'Comuna 3 - Manrique',1,'0000-00-00 00:00:00','0000-00-00 00:00:00',0),(4,'Comuna 4 - Aranjuez',1,'0000-00-00 00:00:00','0000-00-00 00:00:00',0),(5,'Comuna 5 - Castilla',2,'0000-00-00 00:00:00','0000-00-00 00:00:00',0),(6,'Comuna 6 - Doce De Octubre',2,'0000-00-00 00:00:00','0000-00-00 00:00:00',0),(7,'Comuna 7 - Robledo',2,'0000-00-00 00:00:00','0000-00-00 00:00:00',0),(8,'Comuna 8 - Villa Hermosa',3,'0000-00-00 00:00:00','0000-00-00 00:00:00',0),(9,'Comuna 9 - Buenos Aires',3,'0000-00-00 00:00:00','0000-00-00 00:00:00',0),(10,'Comuna 10 - la Candelaria',3,'0000-00-00 00:00:00','0000-00-00 00:00:00',0),(21,'Comuna 11 - Laureles - Estadio',1,'0000-00-00 00:00:00','0000-00-00 00:00:00',0),(22,'Comuna 12 - La América',1,'0000-00-00 00:00:00','0000-00-00 00:00:00',0),(23,'Comuna 13 - San Javier',4,'0000-00-00 00:00:00','0000-00-00 00:00:00',0),(24,'Comuna 14 - Poblado',4,'0000-00-00 00:00:00','0000-00-00 00:00:00',0),(25,'Comuna 15 - Guayabal',4,'0000-00-00 00:00:00','0000-00-00 00:00:00',0),(26,'Comuna 16 - Belén',4,'0000-00-00 00:00:00','0000-00-00 00:00:00',0),(27,'Comuna 50 - San Sebastián de Palmitas',2,'0000-00-00 00:00:00','0000-00-00 00:00:00',0),(28,'Comuna 60 - San Cristobal ',2,'0000-00-00 00:00:00','0000-00-00 00:00:00',0),(29,'Comuna 70 - Altavista ',4,'0000-00-00 00:00:00','0000-00-00 00:00:00',0),(30,'Comuna 80 - San Antonio de Prado',4,'0000-00-00 00:00:00','0000-00-00 00:00:00',0),(31,'Comuna 90 - Santa Elena',3,'0000-00-00 00:00:00','0000-00-00 00:00:00',0);
/*!40000 ALTER TABLE `communes` ENABLE KEYS */;
UNLOCK TABLES;

--
-- Table structure for table `divtypes`
--

DROP TABLE IF EXISTS `divtypes`;
/*!40101 SET @saved_cs_client     = @@character_set_client */;
/*!40101 SET character_set_client = utf8 */;
CREATE TABLE `divtypes` (
  `id` int(11) NOT NULL AUTO_INCREMENT,
  `name` varchar(90) NOT NULL,
  `state` int(11) NOT NULL,
  `user_id` int(11) NOT NULL,
  `creation_date` datetime NOT NULL,
  `modification_date` timestamp NOT NULL DEFAULT CURRENT_TIMESTAMP ON UPDATE CURRENT_TIMESTAMP,
  PRIMARY KEY (`id`),
  UNIQUE KEY `name` (`name`),
  KEY `user_id` (`user_id`),
  CONSTRAINT `divtypes_ibfk_2` FOREIGN KEY (`user_id`) REFERENCES `users` (`id_user`) ON UPDATE CASCADE
) ENGINE=InnoDB AUTO_INCREMENT=9 DEFAULT CHARSET=latin1;
/*!40101 SET character_set_client = @saved_cs_client */;

--
-- Dumping data for table `divtypes`
--

LOCK TABLES `divtypes` WRITE;
/*!40000 ALTER TABLE `divtypes` DISABLE KEYS */;
INSERT INTO `divtypes` VALUES (0,'No asignado',1,12,'2015-03-19 09:34:19','2015-03-19 14:34:26'),(2,'Charla',1,35,'2015-03-31 11:38:35','0000-00-00 00:00:00'),(3,'Activaciones Pedagógicas ',1,35,'2015-03-31 11:38:47','0000-00-00 00:00:00'),(4,'Eventos',1,35,'2015-03-31 11:39:39','0000-00-00 00:00:00'),(5,'Activación Zona WiFi',1,35,'2015-04-13 13:21:45','0000-00-00 00:00:00'),(6,'Intervención de sitios de gobierno',0,0,'0000-00-00 00:00:00','2015-05-22 15:29:45'),(7,'Otros',0,0,'0000-00-00 00:00:00','2015-05-22 15:29:46'),(8,'Gobierno En Línea',1,35,'2015-06-19 18:30:52','0000-00-00 00:00:00');
/*!40000 ALTER TABLE `divtypes` ENABLE KEYS */;
UNLOCK TABLES;

--
-- Table structure for table `divulgations`
--

DROP TABLE IF EXISTS `divulgations`;
/*!40101 SET @saved_cs_client     = @@character_set_client */;
/*!40101 SET character_set_client = utf8 */;
CREATE TABLE `divulgations` (
  `id_divulgation` int(11) NOT NULL AUTO_INCREMENT,
  `divulgation_date` date NOT NULL,
  `divulgation_name` varchar(200) NOT NULL,
  `divulgation_description` text NOT NULL,
  `participant_number` int(11) NOT NULL,
  `activity_place` varchar(200) NOT NULL,
  `divulgation_adjunct` varchar(256) NOT NULL,
  `divulgation_adjunct1` varchar(256) NOT NULL,
  `divulgation_adjunct2` varchar(256) NOT NULL,
  `dir` varchar(200) NOT NULL,
  `divulgation_type_id` int(11) NOT NULL,
  `population_type_id` int(11) NOT NULL,
  `site_id` int(11) NOT NULL,
  `user_id` int(11) NOT NULL,
  `creation_date` datetime NOT NULL,
  `modification_date` timestamp NOT NULL DEFAULT '0000-00-00 00:00:00' ON UPDATE CURRENT_TIMESTAMP,
  PRIMARY KEY (`id_divulgation`),
  KEY `site_id` (`site_id`),
  KEY `user_id` (`user_id`),
  KEY `divulgations_ibfk_3_idx` (`divulgation_type_id`),
  KEY `divulgations_ibfk_4_idx` (`population_type_id`),
  CONSTRAINT `divulgations_ibfk_5` FOREIGN KEY (`divulgation_type_id`) REFERENCES `divtypes` (`id`) ON UPDATE CASCADE,
  CONSTRAINT `divulgations_ibfk_6` FOREIGN KEY (`population_type_id`) REFERENCES `population_types` (`id_population_type`) ON UPDATE CASCADE,
  CONSTRAINT `divulgations_ibfk_7` FOREIGN KEY (`site_id`) REFERENCES `sites` (`id_site`) ON UPDATE CASCADE,
  CONSTRAINT `divulgations_ibfk_8` FOREIGN KEY (`user_id`) REFERENCES `users` (`id_user`) ON UPDATE CASCADE
) ENGINE=InnoDB AUTO_INCREMENT=129 DEFAULT CHARSET=latin1;
/*!40101 SET character_set_client = @saved_cs_client */;

--
-- Dumping data for table `divulgations`
--

LOCK TABLES `divulgations` WRITE;
/*!40000 ALTER TABLE `divulgations` DISABLE KEYS */;
INSERT INTO `divulgations` VALUES (17,'2014-03-25','Lanzamiento nuevos sitios conectados','Se realizó una invitación para participar en el lanzamiento de los sitios nuevos.Y se tomaron los datos de tres personas como candidatos para hacer parte de un vídeo. ',3,'Parque Biblioteca de Belén','','','','',7,0,352,0,'0000-00-00 00:00:00','2015-05-22 15:29:46'),(19,'2014-05-17','Activación nuevo punto de conectividad','Asiste Comunicación Pública, Contenidos y Apropiación a la activación del nuevo punto de conectividad. Consistió en 3 espacios: Mi Medellín, uso libre de internet y trámites y servicios en línea. Los visitantes del mercado Arví se mostraron interesados en conocer el programa MDE Ciudad Inteligente y en consultar la mesa de votación para las elecciones presidenciales. Igualmente se brindó información para algunos turistas de otras regiones del país.',10,'Parque Arví','','','','',3,0,317,0,'0000-00-00 00:00:00','2015-05-22 15:29:46'),(20,'2014-06-19','Intervención CAV de Belencito','Se realizó intervención en el CAV, anuncio a través del micrófono sobre el programa, el uso del punto de navegación, los  trámites y servicios  en línea que se pueden hacer. Atención en el punto de navegación donde se les dio asesoría a las personas que se acercaron interesados en conocer las paginas para buscar empleo, cursos en el SENA y averiguar sobre indemnizaciones y ayudas para las victimas.Cambio de la información de la cartelera.',56,'CAV de Belencito ','2014_06_19_08_44_16.jpg','2014_06_19_09_59_18.jpg','CAV_de_Belencito_Intervencion_2.jpg','uploads/divulgation/divulgation_adjunct',7,0,335,0,'0000-00-00 00:00:00','2015-05-22 15:29:46'),(21,'2014-04-08','Video para inauguración 17 sitios con conexi','Intervención en el parque de Belén con la filmación del vídeo promocional para la inauguración de los 17 sitios públicos del programa.',2,'Parque Belén','','','','',7,0,352,0,'0000-00-00 00:00:00','2015-05-22 15:29:46'),(22,'2014-07-13','Activación nuevo punto de conectividad','Stand de Medellín Ciudad Inteligente con uso libre de internet, trámites en línea y bicilicuadora. Se acercan varias personas del corregimiento y de la ciudad a participar de las actividades. También se hace una jornada complementaria repartiendo volantes y afiches por las diferentes veredas.',149,'Parque de Santa Elena','','','','',3,0,319,0,'0000-00-00 00:00:00','2015-05-22 15:29:46'),(23,'2014-04-24','Inauguración 17 sitios con internet libre','Intervención en el parque de Belén - inauguración de los 17 sitios públicos nuevos de Medellín. alli se contó con la participación de las personas en los stand donde se les brindo información sobre la plataforma MiMedellin e información general del evento. ',80,'Parque Belén','','','','',4,0,193,0,'0000-00-00 00:00:00','2015-05-22 15:29:46'),(24,'2014-06-20','Activación parque del Poblado','Se realizó entrega de afiches y volantes a las personas que visitan el parque del poblado. se hablo con ellos sobre la conexión libre a la wifi del programa y en muchas ocasiones se les indico la forma correcta de conectarse. ',100,'Parque del Poblado ','Parque_de_El_Poblado.jpg','Parque_del_Poblado_Activacion_1.jpg','','uploads/divulgation/divulgation_adjunct',3,0,354,0,'0000-00-00 00:00:00','2015-05-22 15:29:46'),(25,'2014-06-20','Previo a la activación ','Entrega de Afiches y volantes en el punto de navegación y sitio de gobierno.  ',100,'Casa de Gobierno Altavista','Parque_Altavista_antesala_activacion.jpg','','','uploads/divulgation/divulgation_adjunct',6,0,353,0,'0000-00-00 00:00:00','2015-05-22 15:29:46'),(26,'2014-06-22','Activación pedagógica en el parque de Altavista','Asiste Comunicación Pública, Contenidos y Apropiación a la activación del nuevo punto de conectividad. Consistió en 3 espacios: Mi Medellín, uso libre de Internet y trámites y servicios en línea.  participo variada población de altavista.  ',100,'Parque de Altavista','Parque_Altavista_Activacion_2.jpg','prueba1.jpg','Parque_de_Altavista_Activacion1.jpg','uploads/divulgation/divulgation_adjunct2',3,0,353,0,'0000-00-00 00:00:00','2015-05-22 15:29:46'),(27,'2014-07-02','Previo a la activación ','Entrega de afiches y volantes previo a la activación del parque principal de San Antonio de Prado',100,'Parque San Antonio de Prado','','','','',3,0,452,0,'0000-00-00 00:00:00','2015-05-22 15:29:46'),(28,'2014-06-18','Trámites en línea','Se llevó a cabo la jornada de trámites con víctimas. La atención fue muy exitosa en tanto hubo afluencia de público y las dudas de los asistentes pudieron ser subsanadas a través de los trámites en línea. De los más solicitados fueron el sisbén, página de Sofia Plus, citas por chat, empleo, fosyga.Es necesario que este tipo de jornadas se realicen a lo sumo cada mes ya que las personas que asisten al cav valoran y necesitan todo tipo de ayuda e información',60,'Telecentro Palermo','','','','',6,0,247,0,'0000-00-00 00:00:00','2015-05-22 15:29:46'),(29,'2014-06-12','Actividad Festival','En esta actividad se activó el sitio realizando la promoción, entrega de afiches e instalación de publicidad.Esta actividad fue planeada por comunicación pública y participamos acompañándolos en las actividades ya mencionadas y  en el punto de navegación con trámites y correos electrónicos',100,'Parque de la vida, plazoleta y alrededores','','','','',3,0,318,0,'0000-00-00 00:00:00','2015-05-22 15:29:46'),(30,'2014-06-20','Activación Parque de Aranjuez-Inspección de ','Se realizó una jornada de información sobre servicios y tramites en línea. Se invitó a la comunidad cercana al parque a que conocieran El Programa Medellín Ciudad Inteligente, y los puntos de navegación en la ciudad, entre ellos el de la Inspección de Aranjuez. ',52,'Parque de Aranjuez','','','','',3,0,255,0,'0000-00-00 00:00:00','2015-05-22 15:29:46'),(31,'2014-07-12','Festival Viva el Internet Parque de la Floresta','Se realizó una jornada de información sobre servicios y tramites en línea. Se invitó a la comunidad cercana al parque a que conocieran El Programa Medellín Ciudad Inteligente. Se invitó a la gente a conectarse desde dispositivos móviles a la red de el programa en el Parque de la Floresta. ',100,'Parque de la Floresta','Festival_viva_el_Internet_Parque_La_Floresta.','','','uploads/divulgation/divulgation_adjunct',3,0,263,0,'0000-00-00 00:00:00','2015-05-22 15:29:46'),(33,'2014-11-20','Intervención CAV Belencito','Intervervención con diferentes actividades, asesorías en el punto de navegación en trámites y servicios, asesorías en dispositivos móviles e inscripción de usuarios para procesos de formación en alfabetización digital y herramientas web 2.0',250,'CAv Belencito','IMG_1156.JPG','IMG_1158.JPG','IMG_1160.JPG','uploads/divulgation/divulgation_adjunct',6,0,335,38,'0000-00-00 00:00:00','2015-05-22 15:29:46'),(34,'2014-12-03','Días de playa','\"Sensibilización MiMedellin\r\nEn el evento \"\"Días de playa\"\" propuesto por el Teatro Pablo Tobón y  la alcaldía de Medellín. Se busca que los ciudadanos participen de la plataforma de MiMedellin con sus opiniones.\r\nObservación: conexión a internet muy lenta.\r\nAgentes: Clara y Maria Paulina, apoyo estudiante de PP Paula.\"\r\n',43,'Avenida La Playa','Escuela_del_maestro_evento_dic3_3.jpg','','','uploads/divulgation/divulgation_adjunct',4,0,302,20,'2014-12-17 11:39:17','2015-05-22 15:29:46'),(35,'2014-12-05','Días de playa','\"Sensibilización MiMedellin\r\nEn el evento \"\"Días de playa\"\" propuesto por el Teatro Pablo Tobón y  la alcaldía de Medellín. Se busca que los ciudadanos participen de la plataforma de MiMedellin con sus opiniones.\r\nObservación: conexión a internet muy lenta.\r\nAgentes: Cristian y Mónica\"\r\n',70,'Avenida La Playa','Escuela_del_maestro_evento_dic5_2.jpg','Escuela_del_maestro_evento_dic5_4.jpg','','uploads/divulgation/divulgation_adjunct',4,0,302,20,'2014-12-17 11:45:25','2015-05-22 15:29:46'),(36,'2014-12-09','Días de playa','\"Sensibilización MiMedellin\r\nEn el evento \"\"Días de playa\"\" propuesto por el Teatro Pablo Tobón y  la alcaldía de Medellín. Se busca que los ciudadanos participen de la plataforma de MiMedellin con sus opiniones.\r\nObservación: Ese día estuvo muy lluvioso, se atendieron muy pocas personas. Conexión a internet muy lenta.\r\nAgentes: Cindy y Rosa, apoyo estudiante de PP Alejandra\"\r\n',10,'Avenida La Playa','Escuela_del_maestro_evento_dic9.jpg','','','uploads/divulgation/divulgation_adjunct',4,0,302,20,'2014-12-17 11:55:18','2015-05-22 15:29:46'),(37,'2014-12-11','Días de playa','\"Sensibilización MiMedellin\r\nEn el evento \"\"Días de playa\"\" propuesto por el Teatro Pablo Tobón y  la alcaldía de Medellín. Se busca que los ciudadanos participen de la plataforma de MiMedellin con sus opiniones.\r\nObservación: conexión a internet muy lenta.\r\nAgentes: Alejandro y Carolina\"\r\n',16,'Avenida La Playa','Escuela_del_maestro_evento_dic11_1.jpg','Escuela_del_maestro_evento_dic11_2.jpg','','uploads/divulgation/divulgation_adjunct',4,0,302,20,'2014-12-17 11:58:07','2015-05-22 15:29:46'),(38,'2014-12-16','Días de playa','\"Sensibilización MiMedellin\r\nEn el evento \"\"Días de playa\"\" propuesto por el Teatro Pablo Tobón y  la alcaldía de Medellín. Se busca que los ciudadanos participen de la plataforma de MiMedellin con sus opiniones.\r\nObservación: Conexión a internet muy lenta.\r\nAgentes: Cindy y Rosa\"\r\n',20,'Avenida La Playa','Escuela_del_maestro_evento_dic16_2.jpg','Escuela_del_maestro_evento_dic16.jpg','','uploads/divulgation/divulgation_adjunct',4,0,302,20,'2014-12-17 14:38:26','2015-05-22 15:29:46'),(39,'2015-05-22','SENSNN2015-21','Charla de Navegar sin naufragar con grados 4o',40,'Auditorio Biblioteca','IE_Santa_Catalina_de_Sena_Charla_de_Navegar_sin_Naufragar_con_estudiantes_de_grado_4o.JPG','','','uploads/divulgation/divulgation_adjunct',2,1,357,38,'2015-05-25 16:34:36','0000-00-00 00:00:00'),(40,'2015-06-02','SEILG2015-22','Divulgación de la Red Wifi a los visitantes del Parque. Verificación del funcionamiento de la red.',5,'Parque Bicentenario','Parque_Bicentenario_activacion_zona_wifi.jpg','','','uploads/divulgation/divulgation_adjunct',5,4,539,20,'2015-06-02 16:47:27','0000-00-00 00:00:00'),(41,'2015-06-02','SEILG2015-23','Divulgación de la Red Wifi a los visitantes del Parque. Verificación del funcionamiento de la red.',3,'Parque de Boston','Parque_de_Boston_activacion_zona_wifi.jpg','','','uploads/divulgation/divulgation_adjunct',5,4,571,20,'2015-06-02 16:55:55','0000-00-00 00:00:00'),(42,'2015-06-03','SENSNN2015-24','Charla de Navegar sin Naufragar con los estudiantes del grado 5o de la IE',120,'Sala de Proyecciones','INEM_Jose_Felix_Restrepo_Charla_NSN.JPG','INEM_Jose_Felix_Restrepo_Charla_NSN_2.JPG','','uploads/divulgation/divulgation_adjunct',2,1,343,38,'2015-06-03 13:53:35','0000-00-00 00:00:00'),(43,'2015-06-03','SEIGEL2015-25','Charla de Gobierno en Línea para jóvenes del grado 10°.',38,'Aula de informática ','Institucion_Educativa_Jose_Maria_Bernal_Charla_Gobierno_en_Linea_10.jpg','','','uploads/divulgation/divulgation_adjunct',2,4,124,43,'2015-06-09 09:39:01','0000-00-00 00:00:00'),(44,'2015-06-03','SENSNN2015-26','Charla de Navegar Sin Naufragar para niños.',82,'Auditorio de la institución.','Institucion_Educativa_Antonio_Ricaurte_Charla_Navegar_Sin_Naufragar.jpg','','','uploads/divulgation/divulgation_adjunct',2,1,328,43,'2015-06-09 09:42:09','0000-00-00 00:00:00'),(45,'2015-06-03','SENSNN2015-27','Charla de Navegar Sin Naufragar para niños.',40,'Biblioteca de la institución.','Centro_Educativo_El_Manzanillo_Charla_de_Navegar_Sin_Naufragar.jpg','','','uploads/divulgation/divulgation_adjunct',2,1,127,43,'2015-06-09 09:44:09','0000-00-00 00:00:00'),(46,'2015-06-02','SEID2015-28','Se llevó a cabo una sensibilización respecto a la experiencia exitosa que ha tenido la biblioteca Fernando Gómez Martínez en el tema de inclusión Digital.  Asisitieron 3 funcionarios de Buen comienzo la huerta, Centro integrado San Cristóbal y biblioteca Doce de octubre. El espacio formativo se llevó a cabo a manera de una clase de sistemas con un  grupo de personas con discapacidad cognitiva utilizando diferentes herramientas del kit tanto del hardware como del software de manera que los funcionarios pudieran observar estrategias de acercamiento, lenguaje y el uso de algunos programas.',3,'Sala digital','Biblioteca_Fernando_Gomez_Sensibilizacion_Kit_de_inclusion.PDF','Fernando_G_M_Sensibilizacion_Inclusion_D.jpg','','uploads/divulgation/divulgation_adjunct',7,10,268,23,'2015-06-09 14:48:45','2015-06-09 20:02:11'),(47,'2015-06-02','SEILG2015-29','Divulgación de la red Wifi para los comerciantes, funcionarios del tránsito y visitantes del Parque.',7,'Parque','Parque_Berrio_Activacion_Zona_Wifi.jpg','','','uploads/divulgation/divulgation_adjunct',5,2,538,40,'2015-06-09 16:03:19','0000-00-00 00:00:00'),(48,'2015-06-03','SEILG2015-30','Divulgación de la Red Wifi a los visitantes de la unidad deportiva. Verificación del funcionamiento de la red. Algunos de los usuarios comentan que la red se cae frecuentemente. ',12,'Unidad deportiva','Unidad_deportiva_Miraflores_activacion_zona_wifi.jpg','','','uploads/divulgation/divulgation_adjunct',5,4,533,20,'2015-06-09 16:07:30','0000-00-00 00:00:00'),(49,'2015-06-02','SEILG2015-31','Divulgación de la Red Wifi a los visitantes del Parque y asesoría para conectarse a la red.',4,'Parque','Parque_Bolivar_Activacion_Zona_Wifi_4.jpg','Parque_Bolivar_Activacion_Zona_Wifi_5.jpg','Parque_Bolivar_Activacion_Zona_Wifi_6.jpg','uploads/divulgation/divulgation_adjunct',5,2,540,40,'2015-06-09 16:08:54','0000-00-00 00:00:00'),(50,'2015-06-05','SEILG2015-32','Se realizó sensibilización del uso de la Zona Wifi del Parque principal del corregimiento de Altavista, uno de los usuarios ya conocía la red y manifestó satisfacción con esta.  ',3,'Parque principal de Altavista.','Parque_de_Altavista_Sensibilizacion_Zona_Wifi.jpg','','','uploads/divulgation/divulgation_adjunct',5,4,353,43,'2015-06-10 08:15:12','0000-00-00 00:00:00'),(51,'2015-06-02','SEILG2015-33','Divulgación de la red WiFI entre los visitantes del parque.',4,'Inmediaciones del parque','Parque_Pies_Descalzos_Divulgacion_WIFI_6.jpg','Parque_Pies_Descalzos_Divulgacion_WIFI_8.jpg','Parque_Pies_Descalzos_Divulgacion_WIFI_4.jpg','uploads/divulgation/divulgation_adjunct',5,2,542,17,'2015-06-11 09:23:32','0000-00-00 00:00:00'),(52,'2015-06-02','SEILG2015-34','Divulgación de la Red WIFI a los visitantes del Parque.',2,'Parque','Parque_Periodista_Divulgacion_WIFI_1.jpg','Parque_Periodista_Divulgacion_WIFI_2.jpg','','uploads/divulgation/divulgation_adjunct',5,2,544,17,'2015-06-11 09:35:16','0000-00-00 00:00:00'),(53,'2015-06-02','SEILG2015-35','Divulgación de la red Wifi libre para los visitantes, comerciantes y empleados del Municipio.',8,'Plazoleta','Plazoleta_Cisneros_Activacion_Zona_Wifi_1.jpg','Plazoleta_Cisneros_Activacion_Zona_Wifi_2.jpg','Plazoleta_Cisneros_Activacion_Zona_Wifi_3.jpg','uploads/divulgation/divulgation_adjunct',5,2,572,40,'2015-06-11 11:55:41','0000-00-00 00:00:00'),(54,'2015-06-03','SENSNN2015-36','Charla Navegar Sin Naufragar para el grupo 5°3 de la Sede Antonia Santos.',39,'Aula de Informática','I_E_Javiera_Londono_Sede_Antonia_Santos_5_3_Charla_Navegar_Sin_Naufragar_1-0.jpg','I_E_Javiera_Londono_Sede_Antonia_Santos_5_3_Charla_Navegar_Sin_Naufragar_4-0.jpg','I_E_Javiera_Londono_Sede_Antonia_Santos_5_3_Charla_Navegar_Sin_Naufragar_5-0.jpg','uploads/divulgation/divulgation_adjunct',2,1,309,40,'2015-06-11 13:39:57','0000-00-00 00:00:00'),(55,'2015-06-09','SEGELL2015-37','Divulgación de la Red Wifi a los usuarios de la Tesorería, se les informa de otros puntos de la ciudad en donde pueden encontrar wifi libre, además de algunos trámites que se pueden realizar en línea . Verificación del funcionamiento de la red.',2,'Sala de espera Tesorería Municipal','Tesoreria_municipal_activacion_zonawifi_1.jpg','','','uploads/divulgation/divulgation_adjunct',5,2,437,20,'2015-06-12 14:34:32','0000-00-00 00:00:00'),(56,'2015-06-04','SEDM2015-38','Se realizó una pequeña activación de la zona wifi del parque, se le comento a las personas de la existencia de la red y se les enseño a ingresar, además se converso con una persona en particular quién utiliza la red para ingresar a sus redes sociales.',1,'Parque principal','Parque_San_Antonio_de_Prado_Divulgacion_RED_WIFI.jpg','','','uploads/divulgation/divulgation_adjunct',5,2,452,15,'2015-06-12 14:39:12','0000-00-00 00:00:00'),(57,'2015-06-09','SEILG2015-39','Divulgación de la Red Wifi a los visitantes de la Plazoleta, además de informarles sobre otros puntos de navegación libre en la ciudad. Verificación del funcionamiento de la red.',9,'Plazoleta','Plazoleta_La_Alpujarra_activacion_zona_wifi.jpg','','','uploads/divulgation/divulgation_adjunct',5,2,546,20,'2015-06-12 14:52:24','0000-00-00 00:00:00'),(58,'2015-06-10','SEIMC2015-40','Charla de sensibilización al Curso de Alfabetización Digital y Gobierno en Línea.',8,'Salón de Por Mis Derechos','Por_Mis_Derechos_Sensibilizacion_Curso_AD_y_GEL_4.jpg','Por_Mis_Derechos_Sensibilizacion_Curso_AD_y_GEL_3.jpg','Por_Mis_Derechos_Sensibilizacion_Curso_AD_y_GEL_2.jpg','uploads/divulgation/divulgation_adjunct',3,2,321,40,'2015-06-12 16:26:25','0000-00-00 00:00:00'),(59,'2015-06-11','SENSNA2015-41','Charla de Navegar Sin Naufragar en el marco de curso de alfabetización digital para personas de la comuna 5',5,'sala de lectura','Biblioteca_Mario_Gaviria_Suarez_Charla_NSN.JPG','Biblioteca_Mario_Gaviria_Suarez_Charla_NSN_2.JPG','','uploads/divulgation/divulgation_adjunct',2,3,471,42,'2015-06-17 08:22:22','0000-00-00 00:00:00'),(60,'2015-06-16','SEILG2015-42','Divulgación de la red Wifi del parque central. Muy pocas personas transitan en la mañana por el lugar. ',2,'Parque','Parque_Santa_Elena_Divulgacion_Wifi_2.JPG','Parque_Santa_Elena_Divulgacion_Wifi_3.JPG','','uploads/divulgation/divulgation_adjunct',5,2,319,17,'2015-06-17 14:13:56','0000-00-00 00:00:00'),(61,'2015-06-10','SEILG2015-43','Se visitó el centro de servicios y se divulgó la presencia de la red WIFI, a la vez que se incentivó a  los usuarios a visitar páginas de estudio y empleo. También se pensó en una estrategia diferente para el registro de las planillas ya que que la recepción se olvidan en ocasiones de entregarlas, por tanto se ubicaron de forma visible en los pc',6,'Centro de servicios San Cristóbal','Centro_de_servicios_San_C_Activacion_Zona_Wifi.jpg','','','uploads/divulgation/divulgation_adjunct',5,2,567,23,'2015-06-17 14:22:34','0000-00-00 00:00:00'),(62,'2015-06-17','SEILG2015-44','Se hizo divulgación de la zona WIFI',7,'Hall','Metrosalud_Castilla_Divulgacion_Zona_Wifi_2.JPG','Metrosalud_Castilla_Divulgacion_Zona_Wif.JPG','','uploads/divulgation/divulgation_adjunct',5,2,475,42,'2015-06-18 10:13:46','0000-00-00 00:00:00'),(63,'2015-06-17','SEILG2015-45','Se le contó a varias personas en el lugar de la existencia de la red WIFI',5,'Canchas','Parque_Juanes_de_la_Paz_Divulgacion_Zona_Wif.JPG','','','uploads/divulgation/divulgation_adjunct',5,4,473,42,'2015-06-18 10:16:32','0000-00-00 00:00:00'),(64,'2015-06-17','SEILG2015-46','Se le contó a varias personas en la terminal de la red WIFI',6,'salas de espera','Terminal_del_Norte_Divulgacion_Zona_Wif_2.JPG','Terminal_del_Norte_Divulgacion_Zona_Wif.JPG','','uploads/divulgation/divulgation_adjunct',5,2,476,42,'2015-06-18 10:18:33','0000-00-00 00:00:00'),(65,'2015-06-18','SEDM2015-47','Divulgacion de la red Wifi con comunidad y visitantes de la plazoleta',15,'plazoleta MAMM','PLazoleta_MAMM_Ciudad_del_rio_Activacion_Wifi_2.jpg','Plazoleta_MAMM_Ciudad_del_rio_Activacion_Wifi.jpg','','uploads/divulgation/divulgation_adjunct',5,4,554,38,'2015-06-18 15:30:10','2015-07-02 21:18:53'),(66,'2015-06-18','SEILG2015-48','Divulgacion red Wifi con visitantes del parque',23,'parque','Parque_el_Poblado_activacion_wifi.jpg','','','uploads/divulgation/divulgation_adjunct',5,2,354,38,'2015-06-18 16:33:18','2015-07-02 21:19:41'),(67,'2015-06-12','SENDF2015-49','Se realizó reunión con el club de cultura Digital de la Biblioteca Fernando Botero que está conformado por aquellas personas que ya han estado varios años en el parque y han pasado por procesos de A.D , web 2.0 entre otros pero que no quieren abandonar el espacio; por ende el programa se articula con el parque biblioteca y el punto Vive Digital para continuar acompañando el club a través de diferentes ofertas que sean pertinentes según sus necesidades e intereses. Tanto el programa como el PVD contaron las ofertas de formación, se conversó a cerca de los intereses del grupo y se concretaron propuestas de encuentro y formación',15,'Sala de reuniones PB ','PB_Fernando_Botero_Sensibilizacion.jpg','','','uploads/divulgation/divulgation_adjunct',3,3,186,23,'2015-06-19 10:29:32','0000-00-00 00:00:00'),(68,'2015-06-17','SEIMC2015-50','Luego de realizar la convocatoria y llamadas pertinentes, se fue por segunda vez al PVD en san cristóbal para iniciar curso de A.D y solo llegaron 3 personas, con las cuales se acordó realizar el proceso tipo asesoría personalizada pero abordar todos los contenidos del curso y por ende certificar el proceso dado que en  la indagación de intereses se encontró que tienen niveles diferentes tanto de manejo como conocimiento en relación al computador. Este proceso estará a cargo de la Gestora Tic',3,'PVD San Cristóbal','Punto_Vive_Digital_S_C_Activacion_Pedagogica.jpg','','','uploads/divulgation/divulgation_adjunct',3,2,186,23,'2015-06-19 10:55:30','2015-06-19 16:11:38'),(69,'2015-06-17','SEILG2015-51','Se realizó sensibilización del uso de la Zona Wifi de la Bolera, los jóvenes que estaban jugando bolos ya conocían la red y manifestaron satisfacción con esta.',15,'Pista de bolos.','Bolera_Suramericana_Sensibilizacion_Zona_Wifi.jpg','','','uploads/divulgation/divulgation_adjunct',5,4,563,43,'2015-06-19 13:48:17','0000-00-00 00:00:00'),(70,'2015-06-17','SEILG2015-52','Se realizó sensibilización del uso de la Zona Wifi, los jóvenes que estaban entrenando se enteraron de la existencia de esta, se conectaron y manifestaron alegría por poderse conectar a Internet libre y gratuito en su lugar de entrenamiento.',13,'Graderías y alrededores.','Pista_de_Bicicross_Antonio_Roldan_Betancur.jpg','','','uploads/divulgation/divulgation_adjunct',5,4,565,43,'2015-06-19 14:05:46','0000-00-00 00:00:00'),(71,'2015-06-17','SEILG2015-53','Se realizó sensibilización del uso de la Zona Wifi, muchos jóvenes se enteraron de la existencia de la red, además 2 turistas manifestaron que ya han usado varias de las redes del programa y nos felicitaron por tan buena labor. ',30,'Alrededores del Tiro Con Arco','Tiro_con_arco_Sensibilizacion_Zona_Wifi.jpg','','','uploads/divulgation/divulgation_adjunct',5,4,564,43,'2015-06-19 14:23:57','2015-06-19 19:25:37'),(72,'2015-06-17','SEILG2015-54','Se realizó sensibilización del uso de la Zona Wifi, los visitantes de parque se enteraron de la existencia de esta, se conectaron y manifestaron agradecimiento por la información.',11,'Parque','Parque_de_Cristo_Rey_Sensibilizacion_Zona_Wifi.jpg','','','uploads/divulgation/divulgation_adjunct',5,4,556,43,'2015-06-19 14:32:59','0000-00-00 00:00:00'),(73,'2015-06-10','SEIMC2015-55','Charla de sensibilización al curso de Alfabetización Digital y Gobierno en Línea para grupo de adulto mayor. Se programa inicio del Curso para el día 01 de Julio de 3:00 a 5:00 p.m.',8,'Sala de Informática','I_E_Luis_Carlos_Galan_Sarmiento_Sede_Nino_Jesus_de_Praga_Sensibilizacion_Curso_AD_y_GEL_4.jpg','I_E_Luis_Carlos_Galan_Sarmiento_Sede_Nino_Jesus_de_Praga_Sensibilizacion_Curso_AD_y_GEL.jpg','','uploads/divulgation/divulgation_adjunct',3,3,313,40,'2015-06-22 15:43:46','0000-00-00 00:00:00'),(74,'2015-06-19','SEILG2015-56','Se realizó sensibilización y activación de la zona wifi con los asistentes a la plazoleta de banderas. Gracias a un evento cerca al lugar.',20,'Plazoleta de Banderas','Plazoleta_de_Banderas.jpg','Plazoleta_de_Banderas_2.jpg','','uploads/divulgation/divulgation_adjunct',5,2,516,46,'2015-06-22 16:10:45','0000-00-00 00:00:00'),(75,'2015-06-19','SENDF2015-57','Divulgación de la red Wifi del ecoparque. El lugar es muy concurrido. Los jóvenes conocen la red y la utilizan constantemente. La cobertura es buena, aunque hace falta un poco más de alcance.',8,'Ecoparque','Ecoparque_Las_Tinajas_Divulgacion_Wifi_5.JPG','Ecoparque_Las_Tinajas_Divulgacion_Wifi_7.JPG','Ecoparque_Las_Tinajas_Divulgacion_Wifi_6.JPG','uploads/divulgation/divulgation_adjunct',5,2,528,17,'2015-06-22 16:10:56','0000-00-00 00:00:00'),(76,'2015-06-18','SEILG2015-58','Se realizó sensibilización con la persona que asistía a las tribunas del lugar, se compartió con ella asesoría en el uso del internet',1,'Diamante de Beisbol','Diamante_de_Beisbol.jpg','','','uploads/divulgation/divulgation_adjunct',5,2,505,46,'2015-06-22 16:23:19','0000-00-00 00:00:00'),(77,'2015-06-18','SEILG2015-59','Se realizó una revisión del sitio, con el fin de cerciorarse del uso correcto del lugar ',0,'Centro de servicios del Estadio','Centro_de_servicios_El_Estadio.JPG','Centro_de_servicios_El_Estadio_2.JPG','','uploads/divulgation/divulgation_adjunct',6,2,249,46,'2015-06-22 16:27:37','0000-00-00 00:00:00'),(78,'2015-06-19','SEGELL2015-60','Intervención en el punto de navegación del CAV haciendo asesorías sobre Trámites y servicios de Gobierno en Línea a los usuarios víctimas del conflicto.',30,'Punto de navegación y sala de espera','CAV_Caunces_Sensibiblizacion_GEL_1.jpg','CAV_Caunces_Sensibiblizacion_GEL_6.jpg','CAV_Caunces_Sensibiblizacion_GEL_4.jpg','uploads/divulgation/divulgation_adjunct',8,9,298,17,'2015-06-22 16:35:33','0000-00-00 00:00:00'),(79,'2015-06-17','SEILG2015-61','Divulgación de la red Wifi del parque. El sitio es muy concurrido, y el Internet es ampliamente aprovechado. En ocasiones, por tener tantos usuarios conectados, la señal es débil y lenta. ',11,'Parque','Parque_San_Antonio_Divulgacion_Wifi_1.jpg','Parque_San_Antonio_Divulgacion_Wifi_3.jpg','Parque_San_Antonio_Divulgacion_Wifi_4.jpg','uploads/divulgation/divulgation_adjunct',5,2,543,17,'2015-06-22 16:52:29','0000-00-00 00:00:00'),(80,'2015-06-19','SEILG2015-62','Activación zona WiFi del sitio.',9,'Velodromo Matin Emilio','20150619_111119_HDR.jpg','','','uploads/divulgation/divulgation_adjunct',5,2,524,10,'2015-06-23 08:22:01','0000-00-00 00:00:00'),(81,'2015-06-19','SEILG2015-63','Activación zona WiFi ',9,'Parque de la liga de Ajedrez al lado de la pista de atletismo','20150619_103332_HDR.jpg','','','uploads/divulgation/divulgation_adjunct',5,2,515,10,'2015-06-23 08:33:34','0000-00-00 00:00:00'),(82,'2015-06-19','SEILG2015-64','Activación Zona WiFi del complejo acuático y acompañamiento al evento Máster de Natación.',150,'Piscina Olimpica','20150619_140754_HDR.jpg','20150619_140159_HDR.jpg','','uploads/divulgation/divulgation_adjunct',5,2,504,10,'2015-06-23 08:36:20','0000-00-00 00:00:00'),(83,'2015-06-23','SEILG2015-65','Se visitó el lugar para contarle a gente que estuviera en el sector de la existencia de la red WIFI',5,'Pista','IMG_7831.JPG','IMG_7827.JPG','IMG_7828.JPG','uploads/divulgation/divulgation_adjunct',5,2,478,42,'2015-06-23 11:24:20','0000-00-00 00:00:00'),(84,'2015-06-11','SEILG2015-66','Activación del recurso WiFi nuevo del sitio ',100,'CAV Palermo','20150611_085922_HDR.jpg','','','uploads/divulgation/divulgation_adjunct',5,9,247,10,'2015-06-23 12:02:24','0000-00-00 00:00:00'),(85,'2015-06-11','SEGELL2015-67','Asesoría en gobierno en linea con las victimas del conflicto',25,'CAV Palermo','20150611_085922_HDR-0.jpg','','','uploads/divulgation/divulgation_adjunct',8,9,247,10,'2015-06-23 12:05:56','0000-00-00 00:00:00'),(86,'2015-06-18','SEGELL2015-68','Se realiza asesoría en trámites del Sisben y chat de atención a Victimas.',1,'Punto de Navegación Inspección 10B','Inspeccion_10B_Sensibilizacion_en_GEL.jpg','','','uploads/divulgation/divulgation_adjunct',8,9,306,40,'2015-06-23 15:21:57','0000-00-00 00:00:00'),(87,'2015-06-17','SEDM2015-69','Se realizó una corta intervención en el sitio, conversando con las personas que visitan el lugar, se identifico que la comunidad se encuentra enterada de la existencia de la red wifi libre y accede fácilmente a esta para navegar en internet.',3,'Parque principal','Parque_Principal_San_Antonio_de_Prado_Divulgacion_red_wifi.jpg','','','uploads/divulgation/divulgation_adjunct',5,2,452,15,'2015-06-23 15:31:50','0000-00-00 00:00:00'),(88,'2015-06-23','SEILG2015-70','Se hace divulgación de la red Wifi a las personas asistentes al Parque La Milagrosa en las horas de la mañana, se les cuenta de los sitios que se encuentran conectados con esta red en toda la ciudad.',10,'Parque La Milagrosa','Parque_La_Milagrosa_Sensibilizacion_activacion_zona_WIFI.jpg','','','uploads/divulgation/divulgation_adjunct',5,2,532,40,'2015-06-23 15:50:39','0000-00-00 00:00:00'),(89,'2015-06-17','SEILG2015-71','Divulgación de la red Wifi de la Plazuela San Ignacio. Muy pocos de los visitantes conocen de la red; se les cuenta sobre otros sitios en la ciudad que cuentan con el servicio. Se verifica el buen funcionamiento de la red.',9,'Plazuela','Plazuela_San_Ignacio_Activacion_zona_wifi.jpg','','','uploads/divulgation/divulgation_adjunct',5,2,547,20,'2015-06-23 16:14:10','0000-00-00 00:00:00'),(90,'2015-06-23','SEILG2015-72','Activación del punto WiFi del Sitio con los habitantes del barrio',29,'Parque de guadalupe','20150623_135508_HDR.jpg','20150623_135437_HDR.jpg','','uploads/divulgation/divulgation_adjunct',5,2,510,10,'2015-06-24 13:03:48','0000-00-00 00:00:00'),(91,'2015-06-23','SEGELL2015-73','Asesorías en gobierno en linea a los asistentes al parque de guadalupe',7,'Parque de Guadalupe','20150623_140022_HDR.jpg','','','uploads/divulgation/divulgation_adjunct',8,5,510,10,'2015-06-24 13:06:22','0000-00-00 00:00:00'),(92,'2015-06-16','SEIGEL2015-74','Charla de gobierno en línea para los asistentes al curso de alfabetización digital del Telecentro La Sierra. Las participantes se mostraron muy interesadas en la temática y se puedo avanzar ágilmente sobre los trámites en línea.',5,'Aula de informática','Telecentro_La_sierra_sensibilizacion_charla_GEL.jpg','','','uploads/divulgation/divulgation_adjunct',2,2,470,20,'2015-06-24 15:06:22','0000-00-00 00:00:00'),(93,'2015-06-24','SEILG2015-75','Se realizó sensibilización del uso de la Zona Wifi, los visitantes del Aeroparque se enteraron de la existencia de esta, se conectaron, algunos subieron a sus redes sociales las fotos que se estaban tomando en el paseo y expresaron alegría por poder conectarse libre y gratuitamente a Internet en su ciudad. ',19,'Aeroparque y sus alrededores. ','Aeroparque_Juan_Pablo_II_Divulgacion_de_la_Zona_Wifi.jpg','','','uploads/divulgation/divulgation_adjunct',5,4,558,43,'2015-06-25 08:03:36','2015-06-25 13:05:24'),(94,'2015-06-24','SEILG2015-76','Se realizó sensibilización del uso de la Zona Wifi, los deportistas que visitan la Unidad Deportiva se enteraron de su  existencia y se conectaron, incluso algunos ya la conocían y expresaron satisfacción con el funcionamiento de esta. ',12,'Unidad deportiva y sus alrededores.','Unidad_Deportiva_Maria_Luisa_Calle_Divulgacion_Zona_Wifi.jpg','','','uploads/divulgation/divulgation_adjunct',5,4,557,43,'2015-06-25 08:13:42','0000-00-00 00:00:00'),(95,'2015-06-24','SEILG2015-77','Se realizó sensibilización del uso de la Zona Wifi del lugar, 2 deportistas que entrenan frecuentemente en el coliseo, acompañadas por sus madres, se enteraron de la existencia de esta, se conectaron e incluso nos siguieron en redes sociales. Finalmente las usuarias manifestaron agradecimiento por la información.',4,'Coliseo','Coliseo_Carlos_Mauro_Hoyos_Divulgacion_de_la_Zona_Wifi.jpg','','','uploads/divulgation/divulgation_adjunct',5,8,555,43,'2015-06-25 08:24:36','0000-00-00 00:00:00'),(96,'2015-06-24','SEGELL2015-78','Activación del espacio del programa y acompañamiento y asesoría en tramites en línea.',12,'CAV America','20150624_150903_HDR.jpg','20150624_150935_HDR.jpg','','uploads/divulgation/divulgation_adjunct',6,9,246,10,'2015-06-25 08:28:45','0000-00-00 00:00:00'),(97,'2015-06-24','SEILG2015-79','Acompañamiento al sitio de gobierno.',6,'Aula Ambiental de la America','20150624_141725_HDR.jpg','20150624_141420_HDR.jpg','20150624_141416_HDR.jpg','uploads/divulgation/divulgation_adjunct',6,1,236,10,'2015-06-25 08:33:43','0000-00-00 00:00:00'),(98,'2015-06-11','SENSNN2015-80','Charla NSN',21,'UVA La Esperanza','20150611_141717_HDR.jpg','','','uploads/divulgation/divulgation_adjunct',2,1,442,10,'2015-06-25 08:41:38','0000-00-00 00:00:00'),(99,'2015-06-24','SEIGEL2015-81','Se realizó sensibilización de trámites y servicios en línea con los padres de familia de los niños que entrenan en la Unidad Deportiva María Luisa Calle, los participantes quedaron muy contentos de poder conocer la estrategia de Gobierno Abierto y nos siguieron en redes sociales para aprender más sobre esta. ',17,'Zona Wifi de la unidad deportiva.','Unidad_Deportiva_Maria_Luisa_Calle_Sensibilizacion_Gobierno_en_Linea.jpg','','','uploads/divulgation/divulgation_adjunct',8,2,557,43,'2015-06-25 08:47:30','2015-06-25 13:52:03'),(100,'2015-06-19','SEILG2015-82','Se realiza un recorrido por el espacio contándole a las personas que hay servicio de wifi libre y a los que ya sabían de está se les preguntó cómo les había ido con la conectividad y las fallas que está había presentado, las personas se encuentran felices conectándose en el espacio. ',11,'Graderías de la Centralidad Deportiva','Centralidad_Deportiva_El_Progreso_2_1.jpg','Centralidad_Deportiva_El_Progreso_2_2.jpg','','uploads/divulgation/divulgation_adjunct',5,2,485,24,'2015-06-25 14:38:57','0000-00-00 00:00:00'),(101,'2015-06-23','SEILG2015-83','Esta sensibilización fue realizada en la zona deportiva, canchas y parques del sector. Se realizó un recorrido con varios de los asistentes, invitándolos a hacer uso de este espacio, como un lugar de conexión  libre y gratuita.',30,'Unidad Deportiva Granizal','Unidad_Deportiva_de_Granizal.jpg','Unidad_Deportiva_de_Granizal_2.jpg','Unidad_Deportiva_de_Granizal_3.jpg','uploads/divulgation/divulgation_adjunct',5,4,521,46,'2015-06-25 15:55:04','0000-00-00 00:00:00'),(102,'2015-06-24','SEDM2015-84','Se realiza una charla de dispositivos móviles con las personas convocadas al espacio. ',5,'Biblioteca ','Biblioteca_Familia_La_Esperanza_Charla_Dispositivos_Moviles_1.jpg','Biblioteca_Familia_La_Esperanza_Charla_Dispositivos_Moviles_2.jpg','Biblioteca_Familia_La_Esperanza_Charla_Dispositivos_Moviles_3.jpg','uploads/divulgation/divulgation_adjunct',2,3,479,24,'2015-06-26 08:50:16','0000-00-00 00:00:00'),(103,'2015-06-24','SENDF2015-85','Se realizó una charla de Stop Motion con los niños de la Fundación Gente de Corazón en el Telecentro Los Tanques. Los niños están en situación de vulnerabilidad, por lo cual estos espacios de experimentación audiovisual y creativa permiten fortalecer habilidades comunicativas en las niños, para aportar al mejoramiento de sus relaciones, proyecto de vida, expresión y participación.',15,'Auditorio del Telecentro.','Telecentro_Los_Tanques_Charla_Narrativas_Digitales.jpg','','','uploads/divulgation/divulgation_adjunct',2,1,457,43,'2015-06-26 09:14:31','0000-00-00 00:00:00'),(104,'2015-06-11','SENDF2015-86','Se realizó la sensibilización del taller de Narrativas Digitales por medio de la actividad de sensibilización llamada \"el árbol de expectativas\", con el fin de indagar necesidades, expectativas e intereses del grupo por medio de una técnica vivencial que permite dar respuesta al ¿Qué saben los jóvenes?, ¿Qué quieren aprender? y ¿Para qué lo quieren aprender?  y así lograr obtener un diagnóstico del grupo, para elegir una ruta metodológica pertinente al proceso.\r\n',10,'Auditorio de la Casa de Gobierno Altavista.','Casa_de_Gobierno_Altavista_Sensibilizacion_Taller_de_Narrativas.jpg','','','uploads/divulgation/divulgation_adjunct',3,4,332,43,'2015-06-26 09:39:30','2015-06-26 14:42:17'),(105,'2015-06-25','SEIGEL2015-87','Se conversó con uno de los habitantes del corregimiento que estaba usando la red WIFI para comunicarse con sus familiares en Sidney. Evalúo de una manera muy positiva el servicio, hablamos de las dinámicas y características propias del sector y sobre las oportunidades de estudio, becas y demás opciones para los jóvenes hoy ',1,'Parque palmitas','Parque_Palmitas_Activacion_Zona_WIFI.jpg','','','uploads/divulgation/divulgation_adjunct',5,2,419,23,'2015-06-26 10:02:04','0000-00-00 00:00:00'),(106,'2015-06-25','SENSNN2015-88','Se visitó la casa de Gobierno palmitas y se habló con los niños y niñas acerca de las actividades que cotidianamente realizan en la web, identificando la presencia constante en las redes sociales y el desconocimiento de algunos riesgos presentes al tener facebook que era la que estaban usando en el momento. Se dieron algunas recomendaciones. Además de esto se habló con el funcionario acerca de la importancia del cuidado de los equipos en el lugar, con el vigilante se tocó el tema de las planillas y la importancia de continuar fortaleciendo este tema en la casa de Gobierno y finalmente se trató de establecer contacto con la presidente de la JAL pero no se encontraba; sin embargo, se obtuvo el contacto para gestionar próximamente la vinculación de chicos y chicas de pp a nuestro programa.',3,'Casa de Gobierno palmitas ','Casa_de_Gobierno_Palmitas_Activacion_Zona_WIFI_1.jpg','Casa_de_Gobierno_Palmitas_Activacion_Zona_WIFI_2.jpg','','uploads/divulgation/divulgation_adjunct',5,1,270,23,'2015-06-26 10:15:18','0000-00-00 00:00:00'),(107,'2015-06-25','SEIMC2015-89','Sensibilización de un grupo de 15 empresarios del CEDEZO Buenos Aires que serán formados en el CEDEZO La Ladera porque allí se cuenta con los recursos. 5 de ellos manifiestan necesitar alfabetización digital, manejo de dispositivos móviles; y en su gran mayoría quieren aprender marketing digital, redes sociales y administración de la página web empresarial. Ambos CEDEZO tienen el mismo coordinador.',15,'Auditorio Mascerca de Buenos Aires','CEDEZO_La_Ladera_sensibilizacion_3.jpg','CEDEZO_La_Ladera_sensibilizacion_2.jpg','','uploads/divulgation/divulgation_adjunct',3,5,170,20,'2015-06-26 11:04:24','0000-00-00 00:00:00'),(108,'2015-06-11','SEIMC2015-90','Sensibilización con el grupo de alfabetización digital con personas en situación de discapacidad. En esta oportunidad fueron convocados los dos grupos de AD, fue un poco complicada la práctica con el mouse porque solo se contaba en la sala de sistemas con 16 equipos y asisteron 30 personas; se optó porque se hicieran de dos por equipo. En la próxima sesión solo asistirán el grupo convocado para los jueves',30,'Auditorio del CEDEZO La Ladera','PB_Leon_de_Greiff_sensibilizacion_alfabetizacion_digital_discapacidad_3.jpg','PB_Leon_de_Greiff_sensibilizacion_alfabetizacion_digital_discapacidad_4.jpg','','uploads/divulgation/divulgation_adjunct',3,7,189,20,'2015-06-26 11:15:53','0000-00-00 00:00:00'),(109,'2015-06-26','SEILG2015-91','La gestora Tic Ana maría espitia acompañó el sitio y además de resolver dudas de algunos usuarios se reunió con Adriana Castrillón para conversar acerca de algunas dificultades que han presentado al rededor del centro de servicios con las dinámicas que los jóvenes desarrollan en las noches por lo cual se solicita apagar la red WIFI en este lapso de tiempo; se traslada la solicitud a la líder de conectividad y se establece contacto con la funcionaria para resolver inquietudes. De otro lado se continúa promoviendo el uso de las planillas en el lugar.',6,'Centro de servicios Lusitania','Centro_de_servicios_Lusitania_Activacion_Zona_WIFI.jpg','','','uploads/divulgation/divulgation_adjunct',5,2,272,23,'2015-06-26 11:17:33','0000-00-00 00:00:00'),(110,'2015-06-24','SEDM2015-92','la gestora Tic Ana María Espitia se reunió con 3 personas para realizar charla de dispositivos móviles en el parque principal de San Cristóbal  ',3,'Parque principal San Cristóbal','Parque_San_Cristobal_Charla_Dispositivos_Moviles.jpg','','','uploads/divulgation/divulgation_adjunct',2,2,283,23,'2015-06-26 11:24:19','0000-00-00 00:00:00'),(111,'2015-06-24','SEILG2015-93','La gestora Tic Ana María Espitia Visitó la Upss nuevo Occidente con el propósito de reunirse con Rubiel Durango y solicitar un espacio en la reunión mensual de funcionarios para que el programa realice la divulgación con todo el personal en la Unidad de salud, además de esto acompañó a algunos jóvenes en la divulgación de al red WIFI y la asesoría respecto a dudas puntuales.',6,'Sala de Espera','Upss_Nuevo_Occidente_Activacion_Zona_WIFI.jpg','','','uploads/divulgation/divulgation_adjunct',5,4,496,23,'2015-06-26 11:30:29','0000-00-00 00:00:00'),(112,'2015-03-28','SENDF2015-94','se realizó charla número 1 de narrativas digitales en el centro de derivación y diagnóstico, proceso que se adjunta a la casa de justicia Robledo',14,'Centro de derivación y diagnóstico','Centro_de_derivacion_y_Dx_Charla_1_Narrativas_D.jpg','','','uploads/divulgation/divulgation_adjunct',2,14,271,23,'2015-06-26 11:42:13','0000-00-00 00:00:00'),(113,'2015-05-12','SENDF2015-95','charlas orientadas a fortalecer habilidades comunicativas en las niñas a través del uso y experimentación de cámaras digitales, legos, grabadoras de sonido y escritura creativa, para aportar al mejoramiento de sus relaciones, expresión de emociones, percepciones de mundo, proyecto de vida, identidad personal, memoria, interacción con su entorno y participación.\r\n',14,'Centro de derivación y diagnóstico','Centro_de_derivacion_y_Dx_Charla_2_Narrativa_D.jpg','','','uploads/divulgation/divulgation_adjunct',2,14,271,23,'2015-06-26 11:45:34','0000-00-00 00:00:00'),(114,'2015-06-02','SENDF2015-96',' Charlas orientadas a fortalecer habilidades comunicativas en las niñas a través del uso y experimentación de cámaras digitales, legos, grabadoras de sonido y escritura creativa, para aportar al mejoramiento de sus relaciones, expresión de emociones, percepciones de mundo, proyecto de vida, identidad personal, memoria, interacción con su entorno y participación.',14,'Centro de derivación y diagnóstico','Centro_de_derivacion_y_Dx_Charla_3_Narrativas_D.jpg','','','uploads/divulgation/divulgation_adjunct',2,14,271,23,'2015-06-26 11:53:39','0000-00-00 00:00:00'),(115,'2015-06-15','SENDF2015-97',' Charlas orientadas a fortalecer habilidades comunicativas en las niñas a través del uso y experimentación de cámaras digitales, legos, grabadoras de sonido y escritura creativa, para aportar al mejoramiento de sus relaciones, expresión de emociones, percepciones de mundo, proyecto de vida, identidad personal, memoria, interacción con su entorno y participación.',14,'Centro de derivación y diagnóstico','Centro_de_derivacion_y_DX_Charla_4_Narrativas_D.jpg','','','uploads/divulgation/divulgation_adjunct',2,14,271,23,'2015-06-26 11:55:31','0000-00-00 00:00:00'),(116,'2015-06-26','SEILG2015-98','Se realizó activación en el cerro Nutibara en donde se les contó a las personas la existencia de zona wifi en el lugar, además se pudo identificar algunas personas que usan el wifi, las cuales piensan que este es un muy buen recurso que aprovechan al máximo.',5,'Cerro Nutibara','Cerro_Nutibara_Divulgacion_zona_wifi_1.jpg','Cerro_Nutibara_Divulgacion_zona_wifi_2.jpg','Cerro_Nutibara_Divulgacion_zona_wifi_3.jpg','uploads/divulgation/divulgation_adjunct',5,2,562,15,'2015-06-26 15:42:03','0000-00-00 00:00:00'),(117,'2015-06-26','SEILG2015-99','Socialización activación zona WiFi del programa',100,'Orquideorama, plaza azaleias, Zona trasera','20150626_111815_HDR.jpg','20150626_145011_HDR.jpg','','uploads/divulgation/divulgation_adjunct',5,2,508,10,'2015-06-30 14:50:53','0000-00-00 00:00:00'),(118,'2015-06-26','SEILG2015-100','Sensibilización activación  de la zona wifi del sitio',150,'Parque Norte','20150626_150136_HDR.jpg','20150626_150305_HDR.jpg','','uploads/divulgation/divulgation_adjunct',5,2,514,10,'2015-06-30 14:53:05','0000-00-00 00:00:00'),(119,'2015-06-26','SEILG2015-101','Se realizó sensibilización del uso de la Zona Wifi del lugar, los visitantes se enteraron de la existencia de esta y se conectaron, además algunos nos siguieron en redes sociales.	',60,'Cafetería y taquillas','Centro_Comercial_Terminal_del_Sur_Sensibilizacion_Zona_Wifi.jpg','','','uploads/divulgation/divulgation_adjunct',5,2,460,43,'2015-06-30 16:20:47','0000-00-00 00:00:00'),(120,'2015-06-26','SEILG2015-102','Se realiza un recorrido por el espacio contando a las personas el servicio de Internet wifi en el espacio. ',6,'Cancha Sintéticas y gradas del sitio','UD_Doce_de_Octubre_Activacion_zona_wifi.jpg','','','uploads/divulgation/divulgation_adjunct',5,4,484,24,'2015-06-30 16:32:58','0000-00-00 00:00:00'),(121,'2015-06-26','SEILG2015-103','Se comenta a las pocas personas que se encuentran en el sitio que ya se cuenta con el servicio de Internet Wifi. ',5,'Sala de espera externa del sitio','UPSS_Doce_de_Octubre_Activacion_zona_wifi.jpg','','','uploads/divulgation/divulgation_adjunct',5,2,489,24,'2015-06-30 16:37:28','0000-00-00 00:00:00'),(122,'2015-06-26','SENDF2015-104','En asocio con Parque biblioteca fernando Botero y punto vive Digital se dio inicio al taller de narrativas Digitales con el club de cultura Digital. Este es un grupo consolidado que asiste a la biblioteca hace ya dos años y ha recibido diferentes procesos de formación, de este modo Mde inteligente entra a hacer parte de este laboratorio iniciando con el taller de narrativas digitales dado que en conversación con el club y ofertando nuestros procesos, sus expectativas e intereses se direccionaron hacia este Taller con el propósito de narrar sus historias propias y loas de su corregimiento.',14,'PVD San Cristóbal','Punto_Vive_Digital_Fernando_Botero_Narrativas_Digitales.jpg','Punto_Vive_Digital_Fernando_Botero_Narrativas_Digitales_6.jpg','','uploads/divulgation/divulgation_adjunct',3,2,279,23,'2015-07-01 08:08:13','0000-00-00 00:00:00'),(123,'2015-06-03','SEIGEL2015-105','Se realizó una charla de gobierno en línea con estudiantes del grado once de la Institución Educativa Ciro Mendía. Ésta es la primera actividad de una serie de charlas para os estudiantes de la institución. Fue orientada por un Gestor Tic de presupuesto participativo del Pascual Bravo. ',40,'Institución Educativa Ciro Mendía','I_E_Ciro_Mendia_Charla_de_navegar_sin_naufragar_grado_Once_a_cargo_de_Gestor_tic.jpg','','','uploads/divulgation/divulgation_adjunct',2,4,250,41,'2015-07-01 08:31:07','0000-00-00 00:00:00'),(124,'2015-07-22','SEILG2015-106','Se visitó el Coliseo de Gimnasia para comunicarle a los usuarios, espectadores, deportistas y demás que existe una conexión wifi en las tribunas y que está presta para el uso libre.',10,'Coliseo De Gimnasia','IMG_9196.JPG','','','uploads/divulgation/divulgation_adjunct',5,2,501,41,'2015-07-01 08:43:24','0000-00-00 00:00:00'),(125,'2015-06-30','SEILG2015-107','Se realizó una activación de la zona wifi en donde se identificaron las personas que utilizan la red, además se identificó que la mayoría de las personas de la comunidad utiliza la red en horas de la noche.',10,'Cancha sintetica','Desarrollo_Integral_Belen_Zafra_Activacion_zona_wifi.jpg','','','uploads/divulgation/divulgation_adjunct',5,4,559,15,'2015-07-01 08:49:17','0000-00-00 00:00:00'),(126,'2015-06-25','SEILG2015-108','Se realizó sensibilización y se informó a las personas asistentes al sitio, las ventajas del uso del internet en el lugar',6,'Parque Principal de la Floresta','Parque_la_Floresta.JPG','','','uploads/divulgation/divulgation_adjunct',5,4,263,46,'2015-07-01 10:02:50','0000-00-00 00:00:00'),(127,'2015-07-04','SENDF2015-109','Se realizó activación pedagógica del taller de Narrativas Digitales dirigido a adultos mayores, por medio de la actividad de sensibilización llamada \"el árbol de expectativas\", con el fin de indagar necesidades, expectativas e intereses del grupo a través de una técnica vivencial que permite obtener un diagnóstico del grupo, para elegir una ruta metodológica pertinente al proceso.  ',30,'Sala de sistemas','Institucion_Educativa_Jose_Acevedo_y_Gomez_Activacion_pedagogica_Narrativas_Digitales.jpg','','','uploads/divulgation/divulgation_adjunct',3,3,344,43,'2015-07-07 16:29:57','2015-07-08 20:29:42'),(128,'2015-07-08','SEGELL2015-110','Divulgación de la red wifi del sitio, acompañamiento en el sitio de navegación e inscripción de personas para procesos de formación, asesorías en dispositivos móviles y Gobierno en Línea',200,'Patio Central','CAV_Belencito_Intervencion_Al_sitio.jpg','CAV_Belencito_Intervencion_al_Sitio_2.jpg','CAV_Belencito_Intervencion_al_Sitio_3.jpg','uploads/divulgation/divulgation_adjunct',6,9,335,38,'2015-07-08 16:08:26','0000-00-00 00:00:00');
/*!40000 ALTER TABLE `divulgations` ENABLE KEYS */;
UNLOCK TABLES;

--
-- Table structure for table `divulgations_people`
--

DROP TABLE IF EXISTS `divulgations_people`;
/*!40101 SET @saved_cs_client     = @@character_set_client */;
/*!40101 SET character_set_client = utf8 */;
CREATE TABLE `divulgations_people` (
  `divulgation_id` int(11) NOT NULL,
  `person_id` bigint(15) NOT NULL,
  KEY `divulgation_id` (`divulgation_id`),
  KEY `person_id` (`person_id`),
  CONSTRAINT `divulgations_people_ibfk_3` FOREIGN KEY (`divulgation_id`) REFERENCES `divulgations` (`id_divulgation`) ON UPDATE CASCADE,
  CONSTRAINT `divulgations_people_ibfk_4` FOREIGN KEY (`person_id`) REFERENCES `people` (`id_person`) ON UPDATE CASCADE
) ENGINE=InnoDB DEFAULT CHARSET=latin1;
/*!40101 SET character_set_client = @saved_cs_client */;

--
-- Dumping data for table `divulgations_people`
--

LOCK TABLES `divulgations_people` WRITE;
/*!40000 ALTER TABLE `divulgations_people` DISABLE KEYS */;
/*!40000 ALTER TABLE `divulgations_people` ENABLE KEYS */;
UNLOCK TABLES;

--
-- Table structure for table `divulgations_thematics`
--

DROP TABLE IF EXISTS `divulgations_thematics`;
/*!40101 SET @saved_cs_client     = @@character_set_client */;
/*!40101 SET character_set_client = utf8 */;
CREATE TABLE `divulgations_thematics` (
  `divulgation_id` int(11) NOT NULL,
  `thematic_id` int(11) NOT NULL,
  KEY `divulgations_thematics_ibfk_1_idx` (`divulgation_id`),
  KEY `divulgations_thematics_ibfk_2_idx` (`thematic_id`),
  CONSTRAINT `divulgations_thematics_ibfk_3` FOREIGN KEY (`divulgation_id`) REFERENCES `divulgations` (`id_divulgation`) ON UPDATE CASCADE,
  CONSTRAINT `divulgations_thematics_ibfk_4` FOREIGN KEY (`thematic_id`) REFERENCES `thematics` (`id`) ON UPDATE CASCADE
) ENGINE=InnoDB DEFAULT CHARSET=latin1;
/*!40101 SET character_set_client = @saved_cs_client */;

--
-- Dumping data for table `divulgations_thematics`
--

LOCK TABLES `divulgations_thematics` WRITE;
/*!40000 ALTER TABLE `divulgations_thematics` DISABLE KEYS */;
INSERT INTO `divulgations_thematics` VALUES (39,7),(40,8),(41,8),(42,7),(43,16),(44,7),(45,7),(46,18),(47,8),(48,8),(49,8),(50,8),(51,8),(52,8),(53,8),(54,7),(55,2),(56,6),(57,8),(58,1),(59,12),(60,8),(61,8),(62,8),(63,8),(64,8),(65,6),(66,8),(67,3),(67,16),(67,6),(68,1),(68,4),(69,8),(70,8),(71,8),(72,8),(73,1),(74,8),(75,8),(75,3),(76,8),(77,8),(78,2),(79,8),(80,8),(81,8),(82,8),(83,8),(84,8),(85,2),(86,2),(87,6),(88,8),(89,8),(90,8),(91,2),(92,16),(93,8),(94,8),(95,8),(96,2),(97,8),(98,7),(99,16),(100,8),(101,8),(102,6),(103,3),(104,3),(105,16),(106,7),(107,1),(107,5),(108,1),(109,8),(110,6),(111,8),(112,3),(113,3),(114,3),(115,3),(116,8),(117,8),(118,8),(119,8),(120,8),(121,8),(122,3),(123,16),(124,8),(125,8),(126,8),(127,3),(128,16),(128,6),(128,2);
/*!40000 ALTER TABLE `divulgations_thematics` ENABLE KEYS */;
UNLOCK TABLES;

--
-- Table structure for table `divulgations_trainers`
--

DROP TABLE IF EXISTS `divulgations_trainers`;
/*!40101 SET @saved_cs_client     = @@character_set_client */;
/*!40101 SET character_set_client = utf8 */;
CREATE TABLE `divulgations_trainers` (
  `divulgation_id` int(11) NOT NULL,
  `trainer_id` int(11) NOT NULL,
  KEY `divulgation_id` (`divulgation_id`),
  KEY `trainer_id` (`trainer_id`),
  CONSTRAINT `divulgations_trainers_ibfk_1` FOREIGN KEY (`divulgation_id`) REFERENCES `divulgations` (`id_divulgation`) ON UPDATE CASCADE,
  CONSTRAINT `divulgations_trainers_ibfk_2` FOREIGN KEY (`trainer_id`) REFERENCES `per_trainers` (`id`) ON UPDATE CASCADE
) ENGINE=InnoDB DEFAULT CHARSET=latin1;
/*!40101 SET character_set_client = @saved_cs_client */;

--
-- Dumping data for table `divulgations_trainers`
--

LOCK TABLES `divulgations_trainers` WRITE;
/*!40000 ALTER TABLE `divulgations_trainers` DISABLE KEYS */;
INSERT INTO `divulgations_trainers` VALUES (39,7),(40,10),(41,10),(42,8),(43,3),(44,3),(45,3),(46,15),(47,2),(48,10),(49,2),(50,3),(51,2),(51,10),(52,2),(52,10),(53,2),(54,2),(55,10),(56,1),(57,10),(58,2),(59,5),(60,6),(61,4),(62,5),(63,5),(64,5),(65,7),(66,7),(67,4),(68,4),(69,3),(70,3),(71,3),(72,3),(73,2),(74,20),(75,6),(76,20),(77,20),(78,10),(78,2),(79,10),(79,2),(80,8),(81,8),(82,8),(83,5),(84,8),(85,8),(86,2),(87,1),(88,2),(89,10),(90,8),(91,8),(92,10),(93,3),(94,3),(95,3),(96,8),(97,8),(98,8),(99,3),(100,9),(101,20),(102,9),(102,23),(103,3),(104,3),(105,4),(106,4),(107,10),(108,10),(109,27),(110,27),(111,27),(112,9),(108,29),(108,30),(113,3),(114,3),(115,3),(116,1),(117,8),(118,8),(119,3),(120,9),(121,9),(122,4),(123,36),(124,20),(124,8),(125,1),(126,20),(127,3),(128,7),(128,1),(128,3);
/*!40000 ALTER TABLE `divulgations_trainers` ENABLE KEYS */;
UNLOCK TABLES;

--
-- Table structure for table `mee_types`
--

DROP TABLE IF EXISTS `mee_types`;
/*!40101 SET @saved_cs_client     = @@character_set_client */;
/*!40101 SET character_set_client = utf8 */;
CREATE TABLE `mee_types` (
  `id` int(11) NOT NULL AUTO_INCREMENT,
  `name` varchar(90) NOT NULL,
  `state` int(11) NOT NULL,
  `user_id` int(11) NOT NULL,
  `creation_date` datetime NOT NULL,
  `modification_date` timestamp NOT NULL DEFAULT CURRENT_TIMESTAMP ON UPDATE CURRENT_TIMESTAMP,
  PRIMARY KEY (`id`),
  UNIQUE KEY `name` (`name`),
  KEY `user_id` (`user_id`),
  CONSTRAINT `mee_types_ibfk_2` FOREIGN KEY (`user_id`) REFERENCES `users` (`id_user`) ON UPDATE CASCADE
) ENGINE=InnoDB AUTO_INCREMENT=7 DEFAULT CHARSET=latin1;
/*!40101 SET character_set_client = @saved_cs_client */;

--
-- Dumping data for table `mee_types`
--

LOCK TABLES `mee_types` WRITE;
/*!40000 ALTER TABLE `mee_types` DISABLE KEYS */;
INSERT INTO `mee_types` VALUES (0,'No asignado',1,12,'2015-05-07 00:00:00','2015-05-22 15:27:54'),(2,'Empalme',0,0,'0000-00-00 00:00:00','2015-05-22 15:28:59'),(3,'Gestión con aliados',0,0,'0000-00-00 00:00:00','2015-05-22 15:28:59'),(4,'Seguimiento',0,0,'0000-00-00 00:00:00','2015-05-22 15:28:59'),(5,'Planeación',1,0,'0000-00-00 00:00:00','0000-00-00 00:00:00'),(6,'Inducción Gestor TIC',1,0,'0000-00-00 00:00:00','0000-00-00 00:00:00');
/*!40000 ALTER TABLE `mee_types` ENABLE KEYS */;
UNLOCK TABLES;

--
-- Table structure for table `meetings`
--

DROP TABLE IF EXISTS `meetings`;
/*!40101 SET @saved_cs_client     = @@character_set_client */;
/*!40101 SET character_set_client = utf8 */;
CREATE TABLE `meetings` (
  `id_meeting` int(11) NOT NULL AUTO_INCREMENT,
  `meeting_date` date NOT NULL,
  `meeting_title` varchar(200) NOT NULL,
  `meeting_description` text NOT NULL,
  `meeting_commitments` text NOT NULL,
  `meeting_adjunct` varchar(256) DEFAULT NULL,
  `meeting_adjunct1` varchar(256) DEFAULT NULL,
  `meeting_adjunct2` varchar(256) DEFAULT NULL,
  `dir` varchar(80) NOT NULL,
  `meeting_type_id` int(11) NOT NULL,
  `site_id` int(11) NOT NULL,
  `user_id` int(11) NOT NULL,
  `creation_date` datetime NOT NULL,
  `modification_date` timestamp NOT NULL DEFAULT '0000-00-00 00:00:00' ON UPDATE CURRENT_TIMESTAMP,
  PRIMARY KEY (`id_meeting`),
  KEY `site_id` (`site_id`),
  KEY `user_id` (`user_id`),
  KEY `meeting_type_id` (`meeting_type_id`),
  CONSTRAINT `meetings_ibfk_1` FOREIGN KEY (`site_id`) REFERENCES `sites` (`id_site`) ON UPDATE CASCADE,
  CONSTRAINT `meetings_ibfk_2` FOREIGN KEY (`user_id`) REFERENCES `users` (`id_user`) ON UPDATE CASCADE,
  CONSTRAINT `meetings_ibfk_3` FOREIGN KEY (`meeting_type_id`) REFERENCES `mee_types` (`id`) ON UPDATE CASCADE
) ENGINE=InnoDB AUTO_INCREMENT=736 DEFAULT CHARSET=latin1;
/*!40101 SET character_set_client = @saved_cs_client */;

--
-- Dumping data for table `meetings`
--

LOCK TABLES `meetings` WRITE;
/*!40000 ALTER TABLE `meetings` DISABLE KEYS */;
INSERT INTO `meetings` VALUES (38,'2014-07-08','Socialización Inclusión MDE a Red de bilbiotéca','La reunión es solicitada por Alejandra Ospina [aospina@reddebibliotecas.org.co 3007058192,5116789]La red quiere nuestra asesoría para realizar un proyecto con las bibliotecas dirigido a la población en situación de discapacidad. La idea es aportar contenidos al portal de la red que tengan que ver con el uso del kit y de mas servicios que ofrecen.Se presenta los vídeos promocionales del kit y de conectividad, se socializa sobre el concurso de diseño inclusivo y de los contenidos y accesibilidad que tendrá el metaportal, finalmente, se muestra la presentación del Kit','Apoyarlos, si lo solicitan, en el proceso del proyecto que van a desarrollar.Enviar por mail las presentaciones del KIT',NULL,NULL,NULL,'',3,163,0,'0000-00-00 00:00:00','2015-05-22 15:29:00'),(39,'2014-01-29','Seguimiento Kit de inclusión','Reunión para hablar acerca del kit de inclusión, hacer gestión del préstamo del aula, conocer las ofertas de procesos de formación para la comunidad que tiene este año la biblioteca.','Ninguno',NULL,NULL,NULL,'',4,193,0,'0000-00-00 00:00:00','2015-05-22 15:29:00'),(45,'2014-02-03','Empalme','Se hace contacto de nuevo con Yamileth Gallo encargada de la Sala Mi Barrio. Está interesada en continuar curso de alfabetización digital con la población que acude a la biblioteca, en el grupo de integración a las TIC en situación de discapacidad y en conectar a los niños pequeños con el Kit de Inclusión. Nos cuenta sobre la nueva directora Patricia Giraldo dirección.ladera@bibliotecasmedellin.gov.co. ','Agendar próxima reunión',NULL,NULL,NULL,'',2,189,0,'0000-00-00 00:00:00','2015-05-22 15:29:00'),(46,'2014-01-29','Empalme de procesos','Se realizó una reunión con la coordinadora y el gestor para darles a conocer la oferta de parte del programa e identificar algunas necesidades que ellos tenían, lo cual permitiría iniciar procesos de formación con los emprendedores.','Ninguno',NULL,NULL,NULL,'',2,176,0,'0000-00-00 00:00:00','2015-05-22 15:29:00'),(47,'2014-02-03','Empalme','Descripción de actividades a realizar este año y presentación del nuevo integrante de la zona.','Realizar seguimiento a la convocatoria del Telecentro para desarrollar actividades en estos espacios.',NULL,NULL,NULL,'',2,204,0,'0000-00-00 00:00:00','2015-05-22 15:29:00'),(48,'2014-02-03','Empalme','El Coordinador Nelson Ospina plantea la posibilidad de replantear el curso de Marketing Digital, como lo sugirió el año pasado en la evaluación de los cursos, propone que sean 20% teoría y 80% práctico. Manifiesta que le gustaría que los cursos de alfabetización digital y gobierno en línea sean ofrecidos por el Parque Biblioteca dadas las óptimas condiciones del espacio. Se puede incluir el curso de Web 2.0, cursos cortos de Excel y Power Point, Imagen de tu negocio. Contacto JAL Educación Comuna 8 Oscar Torres 3137388569. Tiene el proyecto de crear mesa de emprendimiento social. Propone iniciar Excel avanzado en Marzo posiblemente. ','Ninguno',NULL,NULL,NULL,'',2,170,0,'0000-00-00 00:00:00','2015-05-22 15:29:00'),(49,'2014-02-04','Empalme','Se hace contacto con la Promotora de Lectura Diana Carolina Valencia lectura.santaelena@bibliotecasmedellin.gov.co nos habla sobre las actividades de inclusión utilizando el Kit de manera sistemática los lunes. La directora no se encontraba en el momento de la visita, se indaga sobre la disponibilidad de la sala de Informática para realizar charlas en este espacio. Tel 538 0222 Ext 106. ','Ninguno',NULL,NULL,NULL,'',2,190,0,'0000-00-00 00:00:00','2015-05-22 15:29:00'),(57,'2014-03-11','Seguimiento','Reunión con Rosa López Directora de la Biblioteca para establecer alianzas de trabajo. Se informa sobre la dinámica de este año, en la que haremos actividades puntuales como charlas o talleres con la comunidad, pero no un proceso de curso completo como se realizó el año pasado. Se planea iniciar con una charla de Gobierno en Línea para los asistentes de la sala de computadores y programar cada 15 días talleres. ','Ninguno',NULL,NULL,NULL,'',4,190,0,'0000-00-00 00:00:00','2015-05-22 15:29:00'),(58,'2014-01-30','Seguimiento sala de sistemas','Se realizó una reunión con la gestora para verificar el estado de la sala de sistemas, se encontró que la sala continuaba en malas condiciones, por lo que no era posible iniciar procesos de formación con los emprendedores, a menos de que se gestionara en el Parque Biblioteca un espacio para iniciar.','Gestionar en el Parque biblioteca de San Antonio de Prado un aula de sistemas para iniciar procesos de formación con los emprendedores.',NULL,NULL,NULL,'',4,178,0,'0000-00-00 00:00:00','2015-05-22 15:29:00'),(59,'2014-01-30','Empalme de procesos','Se realizó una reunión con el gestor para hablar de las posibles ofertas que se manejarían con los emprendedores, por otro lado el gestor nos hace saber que se abrirá un punto de atención en el Poblado el cual será atendido por el.','Ninguno',NULL,NULL,NULL,'',2,175,0,'0000-00-00 00:00:00','2015-05-22 15:29:00'),(60,'2014-01-30','Seguimiento Kit de inclusión','Se realizó una reunión para hacerle seguimiento al kit de inclusión, la coordinadora nos cuenta que hay un grupo de personas en situación de discapacidad que están asistiendo a clases con ella, en estas clases utilizan el kit de inclusión, también se identifico que el kit esta conectado a un computador en donde las personas que las personas en situación de discapacidad pueden utilizar cuando lo requieran.','Ninguno',NULL,NULL,NULL,'',4,196,0,'0000-00-00 00:00:00','2015-05-22 15:29:00'),(64,'2014-03-12','Seguimiento','Propuesta de curso de Marketing Digital replanteando la pertinencia de las clases teóricas. Inicio Abril 23 Miércoles, Inicio Curso Marketing Digital. Se quedó en enviar los contenidos del curso. El coordinador solicita tener los contenidos del curso para ser revisados previamente. ','Ninguno',NULL,NULL,NULL,'',4,170,0,'0000-00-00 00:00:00','2015-05-22 15:29:00'),(65,'2014-03-12','Seguimiento con Directora','Contacto con la Directora de la Biblioteca Patricia Giraldo, nos proporciona sus datos de correo electrónico dirección.ladera@bibliotecasmedellin.gov.co y nos presentamos con ella para futuras actividades que se programen durante el año.','NA',NULL,NULL,NULL,'',4,189,0,'0000-00-00 00:00:00','2015-05-22 15:29:00'),(67,'2014-01-28','Reunión de enlace','Reunión de enlace con Jana Olaya, gestora del CEDEZO de San Cristóbal. Se trataron los siguientes temas:-Estado técnico de los equipos: Internet intermitente y a un equipo le falta un cargador, razón por la que no se puede usar.-Balance de los cursos y talleres del 2013: Dice que no tuvo mucha acogida pero que aún así fueron exitosos. Se requiere profundizar en temáticas más avanzadas como Power point, Excel, Blogs, entre otros. Es necesario hacer un filtro en el que se separen los grupos de alfabetización digital básica y los de talleres más avanzados.-Vinculación de Estudiantes de PP: Se pretende vincular algunos de los estudiantes más juiciosos y responsables que están interesados en prestar sus horas de labor social. Se propuso contactar a 3 estudiantes.-Intereses de empresarios: Se puntualizó que los grupos de emprendedores necesitan formación en mercadeo digital práctico, redes sociales, creación de blogs, fotografía, etc.-Grupos de empresarios: Se tomaron los datos de 13 grupos de emprendedores que podrían beneficiarse de los procesos de formación en el CEDEZO. -Disponibilidad de la sala: Se establecieron posibles horarios para llevar a cabo las formaciones. Es de carácter urgente confirmar los días y las horas de éstas, pero hasta que no se contacten los grupos y los estudiantes facilitadores, no se puede confirmar nada aún.','Llamadas a los emprendedores y a estudiantes beneficiarios de PP para planear actividades.','.JPG',NULL,NULL,'uploads/meeting/meeting_adjunct',2,169,0,'0000-00-00 00:00:00','2015-05-22 15:29:00'),(68,'2014-01-31','Seguimiento Punto de navegación','Se realizó una reunión para identificar las condiciones del punto de navegación, los registros de usuarios, además se entrego el cargador de un equipo se tenía pendiente.','Ninguno',NULL,NULL,NULL,'',4,335,0,'0000-00-00 00:00:00','2015-05-22 15:29:00'),(69,'2014-01-31','Empalme de procesos','Reunión con Ana Maria para hablar del tema de atención de usuarios en el punto de navegación, ella nos cuenta que en el momento hay unos jóvenes por la convivencia que están realizando esta labor en las tardes, lo que facilita la toma del registro.','Se quedo con el compromiso de realizar una capacitación con los jóvenes.',NULL,NULL,NULL,'',2,334,0,'0000-00-00 00:00:00','2015-05-22 15:29:00'),(70,'2014-01-29',' Seguimiento Punto de navegación','Reunión con la señora Ana lucia para verificar el estado del punto de navegación e identificar si estaban tomando el registro de usuarios, allá se pudo gestionar el servicio social de una alfabetizadora.','Ninguno',NULL,NULL,NULL,'',4,362,0,'0000-00-00 00:00:00','2015-05-22 15:29:00'),(71,'2014-01-30','Seguimiento Punto de navegación','Reunión con la secretaria para verificar la toma de registros de usuarios, se recogieron los indicadores.','Ninguno',NULL,NULL,NULL,'',4,336,0,'0000-00-00 00:00:00','2015-05-22 15:29:00'),(72,'2014-01-30','Seguimiento Punto de navegación','Se realizó una reunión para verificar el funcionamiento del punto de navegación y la toma de registro de usuario.','Ninguno',NULL,NULL,NULL,'',4,348,0,'0000-00-00 00:00:00','2015-05-22 15:29:00'),(73,'2014-01-30','Seguimiento Punto de navegación','verificar el funcionamiento del punto de navegación y la toma de registro de usuario, la funcionaria comento que el punto de navegación no contaba con internet.','Ninguno',NULL,NULL,NULL,'',4,333,0,'0000-00-00 00:00:00','2015-05-22 15:29:00'),(74,'2014-01-29','Seguimiento Punto de navegación ','Reunión para identificar las condiciones del punto de navegación y los registros de usuarios. ','Ninguno',NULL,NULL,NULL,'',4,439,0,'0000-00-00 00:00:00','2015-05-22 15:29:00'),(75,'2014-01-29','Seguimiento Punto de navegación','Reunión para identificar las condiciones del punto de navegación y los registros de usuarios.','Ninguno',NULL,NULL,NULL,'',4,438,0,'0000-00-00 00:00:00','2015-05-22 15:29:00'),(76,'2014-02-27','Gestión de estudiantes de pp','Se realizó una reunión con el edil de la comuna 16 para buscar el apoyo de estudiantes de pp en los procesos manejados por el programa en dicha comuna.','Se programa reunión para el 4 de marzo para la entrega de la base de datos de los estudiantes por PP',NULL,NULL,NULL,'',3,438,0,'0000-00-00 00:00:00','2015-05-22 15:29:00'),(77,'2014-03-11','Seguimiento','Reunión con la Coordinadora Beatriz y la docente Lillia Torres para establecer la forma de trabajo este año en temas como Inclusión con la Comunidad, Navegar sin Naufragar y trabajo con la Comunidad del Placer. Plantea reactivar el comité interveredal orientado hacia el emprendimiento. Se propone también trabajar el tema de Navegar sin Naufragar con los chicos de Media Luna. ','NA','photo5.jpg',NULL,NULL,'uploads/meeting/meeting_adjunct',4,432,0,'0000-00-00 00:00:00','2015-05-22 15:29:00'),(78,'2014-02-04','Empalme','Se habla con el encargado de la casa de gobierno, Guillermo Giraldo quien reemplazará temporalmente a Daniel guillermo.giraldo@medellin.gov.co, se observan los equipos nuevos de este espacio, están en excelentes condiciones de conectividad y los usuarios están conociendo de nuevo el servicio que cuenta con 4 computadores.','Ninguno',NULL,NULL,NULL,'',2,296,0,'0000-00-00 00:00:00','2015-05-22 15:29:00'),(79,'2014-03-11','Empalme','Reunión con Oscar Mauricio y Nicolás Londoño. Nos cuentan sobre el proceso de instalación del WIFI en el parque, dicen que ya instalaron las antenas y switches, pero está pendiente la conexión de Une. Hablamos sobre los medios para hacer difusión del nuevo servicio de conectividad a través de redes sociales, periódicos locales y bases de datos. Se deja pendiente averiguar el apoyo en la comunicación de redes de MDE. Nos invitan a la Mesa de Turismo comunitario que lidera el Parque, con 206 empresas de la zona, el próximo 20 de Marzo a las 9 am. Igualmente asistirá Juan Camilo Parra el 21 de Marzo al Comité de Sostenibilidad para contarle a varios actores de la zona sobre el servicio de WIFI en el Parque Central y en Arví. Se acuerda una reunión pendiente por definir la fecha con la Directora Ejecutiva y con todo el personal de Arví.','Ninguno',NULL,NULL,NULL,'',2,317,0,'0000-00-00 00:00:00','2015-05-22 15:29:00'),(80,'2014-03-11','Sequimiento','Se reconoce el uso del kit de inclusión digital dentro de las actividades de seguimiento. Encontramos un uso adecuado con los niños y niñas del centro desde preescolar. Tienen planeado abrir un espacio en las instalaciones del centro educativo para el uso del segundo kit con la comunidad que así lo ha solicitado. ','Ninguno',NULL,NULL,NULL,'',4,425,0,'0000-00-00 00:00:00','2015-05-22 15:29:00'),(81,'2014-03-12','Seguimiento','Propuesta de curso de Marketing Digital replanteando la pertinencia de las clases teóricas. Inicio Abril 23 Miércoles, Inicio Curso Marketing Digital. Se quedó en enviar los contenidos del curso. El coordinador solicita tener los contenidos del curso para ser revisados previamente. ','NA',NULL,NULL,NULL,'',4,170,0,'0000-00-00 00:00:00','2015-05-22 15:29:00'),(82,'2014-02-20','Seguimiento','Visita de nuevo a Espacio Público para hablar con la funcionaria Líder de Proyecto sobre la metodología de trabajo. A pesar de que habíamos acordado una cita con Isabel Pulgarín Líder, no se encontraba en el momento. Hablamos con su asistente.','Ninguno',NULL,NULL,NULL,'',4,427,0,'0000-00-00 00:00:00','2015-05-22 15:29:00'),(83,'2014-03-12','Empalme','Contacto con la Directora de la Biblioteca Patricia Giraldo, nos proporciona sus datos de correo electrónico dirección.ladera@bibliotecasmedellin.gov.co y nos presentamos con ella para futuras actividades que se programen durante el año.','NA',NULL,NULL,NULL,'',2,189,0,'0000-00-00 00:00:00','2015-05-22 15:29:00'),(84,'2014-03-13','Gestion con Aliados','Mesa de trabajo de La Sierra. Presentación del proyecto Crecer con Dignidad y MDE Inteligente. Planeación de la fiesta del niño en la Comuna 8, MDE propone apoyar la actividad con el tema de Reciclaje Electrónico con la presencia de 2.500 niños y niñas de la Comuna el 25 de Abril a las 9 am.','NA',NULL,NULL,NULL,'',3,327,0,'0000-00-00 00:00:00','2015-05-22 15:29:00'),(85,'2014-02-20','Gestión de alfabetizadores','Se realizó una reunión con el funcionario para conversar de la posibilidad de un alfabetización que este en el punto de navegación, pero le enviaron estudiantes de 9° y tuvieron dificultades con los usuarios. ','Gestionar el mueble para niños.',NULL,NULL,NULL,'',3,335,0,'0000-00-00 00:00:00','2015-05-22 15:29:00'),(86,'2014-03-19','Seguimiento kit de inclusión digital','Seguimiento al uso del kit de inclusión digital; registro fotográfico del primer usuario del kit en el Parque Biblioteca de Belén. ','Asistencia al laboratorio con personas sordas','20140313_145404.jpg','20140313_145527.jpg',NULL,'uploads/meeting/meeting_adjunct',4,193,0,'0000-00-00 00:00:00','2015-05-22 15:29:00'),(87,'2014-03-25','Gestion con aliados','Por sugerencia de Arvi, se realiza reunión con la Mesa de Turismo liderada por el Parque. En esta reunión se expone a los comerciantes de la zona el programa MCI y se responden inquietudes relacionadas con la parte técnica y de conectividad. En este espacio se aprovecha para dar a conocer el nuevo punto de conectividad del parque de Santa Elena','NA',NULL,NULL,NULL,'',3,317,0,'0000-00-00 00:00:00','2015-05-22 15:29:00'),(88,'2014-02-03','Gestión Estudiantes PP','Reunión con Ruth Estela Ospina, encargada de la JAL de San Cristóbal, para gestionar estudiantes beneficiarios de PP para atender el punto de navegación y los posibles cursos que se abran en los sitios aliados.','Enviarme por correo la base d datos de los estudiantes de PP y del Fondo EPM',NULL,NULL,NULL,'',3,269,0,'0000-00-00 00:00:00','2015-05-22 15:29:00'),(89,'2014-06-04','Seguimiento y Recolección de Indicadores','Se realizó una reunión de seguimiento con Ana María la funcionaria para verificar el estado y funcionamiento de los equipos del punto de navegación y la recolección de las planillas de registro. ','Ninguno ',NULL,NULL,NULL,'',4,334,0,'0000-00-00 00:00:00','2015-05-22 15:29:00'),(90,'2014-06-04','Reunión con el Edil Comuna 16','Reunión con el edil de la comuna 16 donde se le contó la función que cumplen los estudiantes de PP en el punto de navegación, Se hizo entrega de 2 chalecos mas y se logro obtener el apoyo de 2 estudiantes de PP para los procesos de formación que se están desarrollando en el Parque Biblioteca de Belén. ','Realizar una charla general con todos los estudiantes de PP que están interesados en prestar su servicio social con el programa. la fecha esta pendiente por confirmar.',NULL,NULL,NULL,'',3,438,0,'0000-00-00 00:00:00','2015-05-22 15:29:00'),(91,'2014-02-06','Firmas de documentos y solicitud ','Se realizo una reunión con la corregidora para que ella firmara unos  documentos de cartera, en esta reunión la corregidora aprovecho para hacer la solicitud de nuevos equipos para el punto de navegación.','Ninguno',NULL,NULL,NULL,'',2,336,0,'0000-00-00 00:00:00','2015-05-22 15:29:00'),(92,'2014-02-06','Gestión para investigación','Reunión con Paula Andrea Zorrilla, coordinadora del programa Amigos y Vecinos de Nuevo occidente, para comenzar la investigación sobre arquetipos en la zona y generar alianzas para los procesos de formación.','Ninguno',NULL,NULL,NULL,'',3,272,0,'0000-00-00 00:00:00','2015-05-22 15:29:00'),(93,'2014-02-07','Entrevista','Encuentro y entrevista con José Fernando Correa, gestor administrativo de Nuevo occidente, quien maneja un grupo juvenil y es un líder clave para la investigación sobre “arquetipos”.','Ninguno',NULL,NULL,NULL,'',3,272,0,'0000-00-00 00:00:00','2015-05-22 15:29:00'),(94,'2014-02-06','Firma de documentos y solicitud de equipos','Se realizó una reunión con la corregidora para firmar unos documentos de cartera, en esta reunión la corregidora aprovecho para hacer la solicitud de nuevos equipos para el punto de navegación.','Ninguno',NULL,NULL,NULL,'',2,336,0,'0000-00-00 00:00:00','2015-05-22 15:29:00'),(95,'2014-06-03','Acompañamiento Procesos de Formación','Se realizó acompañamiento al curso de herramientas web 2.0 que esta siendo orientado por Luisa la practicante del programa, debido a varios inconvenientes presentados con la sala de informática la sesión fue cancelada por la gestora de CEDEZO y no nos informo de dicho cambio. Se logro organizar con ella y el coordinador del CEDEZO  un horario fijo para continuar con las clases ya que la sala la habían formateado y organizado con anterioridad. Se llamo a todos los emprendedores y se confirmo continuar con la clase de manera normal la próxima semana. ','Realizar las llamadas a los emprendedores y separar el espacio de capacitación para la comunidad',NULL,NULL,NULL,'',4,174,0,'0000-00-00 00:00:00','2015-05-22 15:29:00'),(96,'2014-02-04','Gestión de estudiantes de pp','Se realizó una reunión con 4 personas de la JAL para vincular a estudiantes de presupuesto participativo en las actividades del área de apropiación.','Ninguno',NULL,NULL,NULL,'',3,348,0,'0000-00-00 00:00:00','2015-05-22 15:29:00'),(97,'2014-07-03','Acompañamiento','Visita de seguimiento y acompañamiento a las actividades que la biblioteca esta desarrollando con la comunidad y mirar estrategias de apropiación que se puedan implementar desde el acompañamiento que el programa le esta realizando al Parque Biblioteca. cuentan con 2 grupos de adultos mayores en procesos de formación en alfabetización digital y a los cuales se les va a dar una charla de gobierno en linea. ','Realizar taller de Gobierno en linea con 2 grupos de adultos mayores que se encuentran en formación. ',NULL,NULL,NULL,'',4,192,0,'0000-00-00 00:00:00','2015-05-22 15:29:00'),(98,'2014-02-12','Coordinación de procesos de formación','Se realizó una reunión con la fonoaudiologa y coordinadora de la fundación para realizar y revisar las propuestas del curso de alfabetización digital para los padres de los estudiantes.','Por parte de las personas de la fundación se quedo con los compromisos: enviar encuestas para identificar los posibles horarios y personas que participarían del curso, realizar capacitación en comunicadores.Por parte del programa: fijar fecha de inicio y realizar agendas para el curso.',NULL,NULL,NULL,'',2,215,0,'0000-00-00 00:00:00','2015-05-22 15:29:00'),(99,'2014-02-20','Gestión de estudiantes de pp','Se realizó una reunión con 12 representantes de cada barrio que conforma el nodo 1 de la comuna 13, en donde se les dio a conocer la estrategia del programa y se les presentó la propuesta de trabajo para los estudiantes por pp, pues la idea era empezar a contar con estos.','Ellos quedaron con el compromiso de enviarnos la base de datos de los estudiantes por pp. Desde el programa se quedo con el compromiso de realizar una reunión con el representante de Full producciones para realizar un taller de audiovisuales para un grupo de niños que están capacitando en esta temática.  ',NULL,NULL,NULL,'',3,206,0,'0000-00-00 00:00:00','2015-05-22 15:29:00'),(100,'2014-06-04','Acompañamiento','Se realizó visita de acompañamiento y firma de constancias por parte de la presidenta del Club de Vida Alegrías. adicional se realizó la recolección de registro de usos del punto de navegación del mes de mayo. ','Ninguno',NULL,NULL,NULL,'',4,335,0,'0000-00-00 00:00:00','2015-05-22 15:29:00'),(101,'2014-04-03','Gestión espacio para procesos de formación','Reunión con el señor Julian para gestionar espacio de la biblioteca para cursos de alfabetización digital con los emprendedores y taller de gobierno en linea con la comunidad.','Ninguno',NULL,NULL,NULL,'',2,194,0,'0000-00-00 00:00:00','2015-05-22 15:29:00'),(102,'2014-04-03','Convocatoria emprendedores para procesos de formac','Reunión con la Gestora para organizar un grupo de emprendedores para abrir un curso de alfabetización digital.','Enviar correo con los posibles horarios y temas a tratar en el curso.',NULL,NULL,NULL,'',2,178,0,'0000-00-00 00:00:00','2015-05-22 15:29:00'),(103,'2014-06-05','Reunión Seguimiento','Reunión con la profesora encargada del aula abierta para agendar actividades para el próximo semestre. Se programaron 4 charlas de navegar sin naufragar para estudiantes de  los grados 4° y 5°','Quedo pendiente confirmar la fecha y la hora de las charlas con los estudiantes',NULL,NULL,NULL,'',4,128,0,'0000-00-00 00:00:00','2015-05-22 15:29:00'),(104,'2014-04-03','Gestión de alfabetizadores','Reunión con el coordinador y un profesor encargado de la labor social de los estudiantes para gestionar dos alfabetizadores para la atención del punto de navegación del CAV de Belencito.','Facilitar dos alfabetizadores para atender en el punto de navegación.',NULL,NULL,NULL,'',2,355,0,'0000-00-00 00:00:00','2015-05-22 15:29:00'),(105,'2014-04-02','Procesos de formación','Reunión con el corregidor donde nos contextualizó sobre el corregimiento, se les preguntaron por posibles puntos para ser conectados;  se habló del curso de alfabetización digital para la comunidad aledaña. ','Enviar invitación para participar del curso de alfabetización digital.',NULL,NULL,NULL,'',3,332,0,'0000-00-00 00:00:00','2015-05-22 15:29:00'),(106,'2014-04-01','Inicio de procesos con la IE','Reunión ante el interés de la psicóloga de la institución de las charlas de Navegar sin naufragar. Se concertaron fechas y grupos para empezar a impactar la institución.\"','Envió de información requerida de la institución educativa; aprobación del cronograma de trabajo por parte del rector de la institución.',NULL,NULL,NULL,'',2,338,0,'0000-00-00 00:00:00','2015-05-22 15:29:00'),(107,'2014-04-01','Convocatoria procesos de formación','Reunión para gestionar cursos.','Se van a realizar convocatorias para conformar dos grupos.',NULL,NULL,NULL,'',2,174,0,'0000-00-00 00:00:00','2015-05-22 15:29:00'),(108,'2014-03-20','Seguimiento kit de inclusión digital','Se realizo una reunión corta con la coordinadora para verificar el estado del kit de inclusión','Trasladar el kit de inclusión para la sede Carlos Betancur',NULL,NULL,NULL,'',4,130,0,'0000-00-00 00:00:00','2015-05-22 15:29:00'),(109,'2014-03-27','Seguimiento kit de inclusión digital','Se realizó una reunión para compartir las actas y documentos del traslado del kit de inclusión a la sede Carlos Betancur','Hacer efectivo el traslado del kit de inclusión digital',NULL,NULL,NULL,'',4,130,0,'0000-00-00 00:00:00','2015-05-22 15:29:00'),(110,'2014-03-20','Seguimiento inclusión','Se realizó una reunión con la docente de aula de apoyo para identificar el número de estudiantes en situación de discapacidad que tiene la sede, para trasladar el kit de inclusión.','Se quedó con el compromiso acelerar el proceso del traslado del kit de inclusión.',NULL,NULL,NULL,'',4,140,0,'0000-00-00 00:00:00','2015-05-22 15:29:00'),(111,'2014-06-10','Reunión Seguimiento procesos de Formación','Reunión con la gestora y el coordinador del CEDEZO y el gestor del PIL para solucionar los inconvenientes que se estan presentando con el curso de herramientas web con los emprendedores debido a la mala comunicación y la mala información que se le da a los participantes. debido a esto, se han cancela 2 clases con los emprendedores se logro llegar a un acuerdo se 4 horas la proxima semana y dar cierre al curso con los emprendedores. se contro con el acompañamiento de gabriel profesional de inclusion 2 agentes,  practicante y 2 funcionarios del cedezo','Llamar a los participantes del curso ',NULL,NULL,NULL,'',4,174,0,'0000-00-00 00:00:00','2015-05-22 15:29:00'),(112,'2014-03-04','Estudiantes por PP','Reunión en el vicepresidente de la JAL, entrega base de datos de estudiantes por PP. Pone a disposición un espacio para la reunión informativa para los estudiantes. Revisión del punto de navegación','Confirmación del día y la hora de la reunión con los estudiantes por PP',NULL,NULL,NULL,'',3,438,0,'0000-00-00 00:00:00','2015-05-22 15:29:00'),(113,'2014-03-11','Seguimiento punto de navegación','Reunión con el encargado del punto de navegación para analizar la atención en el punto de navegación','Se propone la atención de alfabetizadores de la IE Perpetuo Socorro',NULL,NULL,NULL,'',4,335,0,'0000-00-00 00:00:00','2015-05-22 15:29:00'),(114,'2014-03-14','Reporte de mal funcionamiento PC','Reporte del mal funcionamiento de algunos  equipos al funcionario encargado, además, de notificar la presencia del practicante en el punto de navegación','Reporte en Aranda por parte del funcionario',NULL,NULL,NULL,'',4,335,0,'0000-00-00 00:00:00','2015-05-22 15:29:00'),(115,'2014-03-14','Inscripción curso AD y GEL','Reunión en el club de vida para invitar a los interesados en recibir el curso de alfabetización digital y en el taller de trámites en línea.','Envío de formato de inscripción a cursos o talleresEntrega de formato de inscripción diligenciado',NULL,NULL,NULL,'',3,335,0,'0000-00-00 00:00:00','2015-05-22 15:29:00'),(116,'2014-03-26','Inscripción curso AD y GEL','Recolección de inscritos para el curso de alfabetización digital y gobierno en línea','Entrega de listado de interesados',NULL,NULL,NULL,'',3,335,0,'0000-00-00 00:00:00','2015-05-22 15:29:00'),(117,'2014-03-26','Empalme presentación practicante','Presentación de la practicante al funcionario encargado del sitio, explicación de la dinámica del lugar.','Ninguno',NULL,NULL,NULL,'',2,335,0,'0000-00-00 00:00:00','2015-05-22 15:29:00'),(118,'2014-03-21','Empalme presentación practicante','Presentación de los practicantes en el sitio.','Firmar la hora de llegada y de salida del práctica del punto de navegación',NULL,NULL,NULL,'',2,438,0,'0000-00-00 00:00:00','2015-05-22 15:29:00'),(119,'2014-06-05','Seguimiento Kit de inclusión','Reunión para conocer cómo avanza el trabajo con el laboratorio con personas sordas.  La actividad se programará cada 15 días, para mejorar su periodicidad.','Ninguno',NULL,NULL,NULL,'',4,193,0,'0000-00-00 00:00:00','2015-05-22 15:29:00'),(120,'2014-06-16','Acompañamiento Procesos de Formación','Se realizó reunión de acompañamiento con el dinamizador del telecentro, se hablo sobre el kit de inclusión y experiencias significativas que se ha tenido en el telecentro con personas en situación de discapacidad. Adicional a eso se realizaron unas propuestas de acompañamiento y formación en charlas y talleres para los niños de la comunidad. ','Realizar la convocatoria de los niños que van a participar del taller de navegar sin naufragar para el segundo semestre.',NULL,NULL,NULL,'',4,206,0,'0000-00-00 00:00:00','2015-05-22 15:29:00'),(121,'2014-03-27','Convocatoria taller GEL','Reunión para la convocatoria y concertación de fechas para inicio del taller de gobierno en línea de usuarios del Telecentro','El funcionario se compromete a empezar a realizar la convocatoria a la comunidad para el taller de gobierno en línea.',NULL,NULL,NULL,'',4,210,0,'0000-00-00 00:00:00','2015-05-22 15:29:00'),(122,'2014-03-27','Convocatoria taller GEL','Reunión para la convocatoria y concertación de fechas para inicio del taller de gobierno en línea de usuarios del Telecentro','El funcionario se compromete a empezar a realizar la convocatoria a la comunidad para el taller de gobierno en línea.',NULL,NULL,NULL,'',4,210,0,'0000-00-00 00:00:00','2015-05-22 15:29:00'),(123,'2014-06-13','Seguimiento Kit de inclusión','La Docente Astrid de la Institución Educativa está realizando un proceso de investigación sobre los elementos del kit de inclusión para las personas en situación de discapacidad para la comunidad y como este es útil y pertinente para su Institución. realiza la solicitud de kit de inclusión digital.Se concreta visita de caracterización del kit de inclusión digital para el 2 de julio. Quedo pendiente concretar un taller de Gobierno en linea para los estudiantes de la IE. ','Se le propone a la docente concretar para ese mismo día un reunión con la rectora para proponerle el taller de GEL para jóvenes',NULL,NULL,NULL,'',4,121,0,'0000-00-00 00:00:00','2015-05-22 15:29:00'),(124,'2014-03-13','Inscripción curso AD y GEL','Convocatoria para el proceso de formación en AD y GEL de emprendedores del CEDEZO.','Iniciar la convocatoria',NULL,NULL,NULL,'',4,176,0,'0000-00-00 00:00:00','2015-05-22 15:29:00'),(125,'2014-06-12','Reunión Seguimiento procesos de Formación','Se realizo una reunión con dos funcionarios de la biblioteca, con el objetivo de agendar talleres de gobierno en línea para los grupos de adultos mayores que están en procesos de formación en alfabetización digital, se habló de los contenidos y se formulo la idea de recortar las sesiones debido al tiempo que el programa tiene para finalizar los cursos.','Enviar los contenidos de Gobierno en linea a los funcionarios ',NULL,NULL,NULL,'',4,192,0,'0000-00-00 00:00:00','2015-05-22 15:29:00'),(126,'2014-03-25','proceso de inscripción','Proceso de inscripción al curso de AD y GEL. Solicitud de préstamo del vídeo beam para los procesos de formación en el Parque Biblioteca de Belén ','Préstamo del vídeo beam los viernes',NULL,NULL,NULL,'',4,176,0,'0000-00-00 00:00:00','2015-05-22 15:29:00'),(127,'2014-03-14','seguimiento aula abierta','Se realizó una reunión con el vicerrector de la IE para conversar acerca del tema de aula abierta.','Desde el programa Medellín Ciudad Inteligente se quedo con el compromiso de agendar unas charlas de internet seguro y talleres de gobierno en línea para los estudiantes.',NULL,NULL,NULL,'',4,343,0,'0000-00-00 00:00:00','2015-05-22 15:29:00'),(128,'2014-06-17','Seguimiento a los procesos de formación','Reunión con los funcionarios del CEDEZO donde se trataron temas como los inconvenientes presentados en el curso de herramientas web 2.0 con los emprendedores. fueron 3 sesiones que se cancelaron debido a la mala comunicación con uno de los funcionarios y debido a esto los emprendedores no siguieron participando del taller.   Quedo pendiente programar una reunión para mirar la conveniencia de los cursos para el segundo semestre. (participaron 3 personas)','Programar una reunión para el segundo semestre para mirar los procesos de formación.',NULL,NULL,NULL,'',4,174,0,'0000-00-00 00:00:00','2015-05-22 15:29:00'),(129,'2014-03-18','Empalme presentación practicante','Presentación del practicante a la líder del sitio','firmar llegada y salida del practicante',NULL,NULL,NULL,'',2,362,0,'0000-00-00 00:00:00','2015-05-22 15:29:00'),(130,'2014-03-13','Atención punto de navegación alfabetizadores','Reunión con el personero de la IE Yermo y Parres para gestionar alfabetizadores para el punto de navegación','Indagar sobre los interesados en realizar su labor social en el punto de navegación ',NULL,NULL,NULL,'',3,362,0,'0000-00-00 00:00:00','2015-05-22 15:29:00'),(131,'2014-03-25','Inscripción curso AD y GEL','Recoger listados de interesados en el curso de alfabetización digital de los usuarios del club de vida','Programación de fecha y hora de inicio del curso',NULL,NULL,NULL,'',4,362,0,'0000-00-00 00:00:00','2015-05-22 15:29:00'),(132,'2014-03-26','Seguimiento','Contacto con funcionarias y definición de forma de trabajo. Las funcionarias de este sitio se habían negado a reunirse con nosotros, pero por intermedio de Biviana Arango fue posible hacerlo. Se habla sobre la posibilidad de hacer capacitaciones con el personal del sitio y con algunos usuarios y usuarias. ','NA',NULL,NULL,NULL,'',4,427,0,'0000-00-00 00:00:00','2015-05-22 15:29:00'),(133,'2014-03-04','Registro de uso pc','Recolección de indicadores de registro de uso del punto de navegación','Inscripción de personas interesadas en el curso de alfabetización digital ',NULL,NULL,NULL,'',4,362,0,'0000-00-00 00:00:00','2015-05-22 15:29:00'),(134,'2014-03-20','Empalme presentación practicante','Presentación de la practicante a la funcionaria del sitio ','Firmar fecha y hora de entrada y salida de la practicante',NULL,NULL,NULL,'',2,348,0,'0000-00-00 00:00:00','2015-05-22 15:29:00'),(135,'2014-03-21','Empalme presentación practicante','Presentación del practicante a la funcionaria del sitio ','Firmar fecha y hora de entrada y salida de la practicante',NULL,NULL,NULL,'',2,348,0,'0000-00-00 00:00:00','2015-05-22 15:29:00'),(136,'2014-03-27','Empalme presentación practicante','Presentaciones de los practicantes del programa a la funcionaria del sitio.','Firmar fecha y  hora de llegada del practicante',NULL,NULL,NULL,'',2,333,0,'0000-00-00 00:00:00','2015-05-22 15:29:00'),(137,'2014-03-20','Seguimiento kit de inclusión digital','Seguimiento al uso del kit de inclusión digital. Tienen a disposición de los usuarios algunos dispositivos en la sala de informática; además, tienen actividades programadas semanalmente para personas en situación de discapacidad ','Continuar con el acompañamiento',NULL,NULL,NULL,'',4,196,0,'0000-00-00 00:00:00','2015-05-22 15:29:00'),(138,'2014-01-20','Empalme','Visita de presentación y empalme con la funcionaria encargada de procesos de formación y educación en por mis derechos, antes conocido como por una vida mas digna','Se programa una próxima visita para cuadrar agendas de intervención y procesos de formación y seguimiento del sitio','IMG219.jpg',NULL,NULL,'uploads/meeting/meeting_adjunct',2,321,0,'0000-00-00 00:00:00','2015-05-22 15:29:00'),(139,'2014-03-27','Inscripción taller GEL','Reunión para iniciar con convocatorias para el taller de gobierno en línea para los usuarios de la biblioteca','Invitación para participar en el taller GEL en el telecentro',NULL,NULL,NULL,'',4,195,0,'0000-00-00 00:00:00','2015-05-22 15:29:00'),(140,'2014-06-20','Reunión  procesos de Formación','Se realizó reunión con el encargado del telecentro donde nos contó sobre los cursos que están desarrollando.  se va a dar inicio con 2 talleres cortos de gobierno en linea con las personas de la comunidad.  esta pendiente la convocatoria desde el telecentro.  Para el segundo semestre iniciar con cursos de herramientas web 2.0 para la comunidad.','Convocatoria taller gobierno en linea ',NULL,NULL,NULL,'',4,207,0,'0000-00-00 00:00:00','2015-05-22 15:29:00'),(141,'2014-06-20','Reunión  procesos de Formación','Se realizó reunión con el encargado del telecentro donde nos contó sobre los cursos que están desarrollando.  Se va a dar inicio con 2 talleres cortos de gobierno en linea con las personas de la comunidad.  esta pendiente la convocatoria desde el telecentro y hablar con el edil de la comuna para invitar a mas personas. ','Convocatoria a la comunidad de Belén Rosales ',NULL,NULL,NULL,'',4,208,0,'0000-00-00 00:00:00','2015-05-22 15:29:00'),(142,'2014-03-13','seguimiento aula abierta','Se realizó una reunión con la docente encargada del aula abierta, para verificar el estado de los equipos y presentarle a los practicantes.','Préstamo del aula de informática para capacitaciones de los emprendedores del CEDEZO de Altavista',NULL,NULL,NULL,'',4,128,0,'0000-00-00 00:00:00','2015-05-22 15:29:00'),(143,'2014-03-13','Seguimiento kit de inclusión digital','Se realizó una reunión con la docente del aula de apoyo para hacer seguimiento del kit de inclusión, verificando el estado del kit y las actividades que se han realizado con el.','Continuar con el seguimiento al uso del kit de inclusión digital','Seguimient_KIt_de_inclusion_IE.jpg','Seguimient_KItdeinclusionIE_jpg.jpg','Seguimiento_jpg.jpg','uploads/meeting/meeting_adjunct',4,126,0,'0000-00-00 00:00:00','2015-05-22 15:29:00'),(144,'2014-04-07','Seguimiento','Reunión con practicantes y con el docente Henry López para trabajar en conjunto en la revista digital de la IE que está en proceso de iniciar. El docente manifiesta que tienen el apoyo de otra IE en la comuna 5 (IE Colegio Loyola para la Ciencia y Tecnología), y de una docente universitaria que es voluntaria en el proceso. El docente nos facilita nombres de chicos para participar en el proyecto de investigación con Ruta N.','N',NULL,NULL,NULL,'',4,326,0,'0000-00-00 00:00:00','2015-05-22 15:29:00'),(145,'2014-04-08','Seguimiento','Telecentro Los Mangos. Se habló sobre la posibilidad de capacitar alfabetizadores en gobierno en línea, 4 en la tarde y 4 en la mañana. También se habla sobre la posibilidad de integrarnos a las clases de 5 a 6 pm los jueves, con el tema de Gobierno en Línea. ','N',NULL,NULL,NULL,'',4,204,0,'0000-00-00 00:00:00','2015-05-22 15:29:00'),(146,'2014-04-09','Seguimiento','-	Parque Arví. Reunión con la Directora Ejecutiva y personal administrativo de la Corporación para establecer la forma de trabajo y activación del internet en el parque. Se sugiere hacer contactos con Sapienza para el espacio que se tendrá ','N',NULL,NULL,NULL,'',4,317,0,'0000-00-00 00:00:00','2015-05-22 15:29:00'),(147,'2014-04-10','Seguimiento','IE Alfonso López. Se gestionan procesos de aula abierta en la IE con dos cursos, a las 7:30 y a la 1 pm los miércoles. Se trabajará a futuro el grupo de periodismo digital y compra de cámaras. Contacto Cristina Guarín 3147017306 cristinaisabelgs@gmail.com psicóloga.','N',NULL,NULL,NULL,'',4,290,0,'0000-00-00 00:00:00','2015-05-22 15:29:00'),(148,'2014-03-21','Informativa del kit de inclusión','La rectora de la institución se mostró muy deceptiva  y puso a disposición los equipos necesarios para la instalación del kit de inclusión digital. La docente de aula de apoyo con muchos deseos de tener un kit de inclusión para poder trabajar con los estudiantes con capacidades diversas que cuenta la institución.','Entrega de la caracterización de la institución para el kit de inclusión digital',NULL,NULL,NULL,'',4,346,0,'0000-00-00 00:00:00','2015-05-22 15:29:00'),(149,'2014-03-04','Seguimiento kit de inclusión digital','Seguimiento al kit de inclusión digital, verificación de las personas inscritas al curso que se empezará a dictar a partir del 10 de marzo, con 4 grupos de personas con necesidades especiales','Acompañamiento alguna de las sesiones',NULL,NULL,NULL,'',4,206,0,'0000-00-00 00:00:00','2015-05-22 15:29:00'),(150,'2014-03-13','Empalme presentación practicante','Se realizó una visita de seguimiento al sitio y se presentaron a los practicantes.','Firmar fecha y hora de llegada y salida del practicante',NULL,NULL,NULL,'',2,332,0,'0000-00-00 00:00:00','2015-05-22 15:29:00'),(151,'2014-01-28','Empalme','Visita de presentación y empalme con la funcionaria encargada, se identifica el sitio se hace una breve caracterización visual del sitio. ','Se propone una nueva reunión para hablar sobre el acompañamiento en el sitio y la posibilidad de una persona que acompañe el sitio en la realización de tramites en línea y otros usos.',NULL,NULL,NULL,'',2,291,0,'0000-00-00 00:00:00','2015-05-22 15:29:00'),(152,'2014-03-13','Apoyo a propuesta','Se realizó una reunión con Carlos Bedoya el coordinador de Full Production para identificar la manera de apoyarlos desde los contenidos del programa.','Propuesta de una nueva reunión',NULL,NULL,NULL,'',3,206,0,'0000-00-00 00:00:00','2015-05-22 15:29:00'),(153,'2014-01-27','Reunión exploratoria de actividades','Se realiza primera reunión del año para determinar actividades de seguimiento al punto de navegación y posibles cursos que se realizarán en el Cav.Se sugiere por parte del coordinador acompañar el punto de navegación con unas charlas en la sala de espera del centro en dónde se expongan páginas que el coordinador estará pendiente en recopilar.Se visita el hogar educativo que es dirigido por religiosas (Sor ángela Quintero, 3114411385 / sorangelam@yahoo.com) quienes trabajan con el SENA en cursos de corte y cepillado, belleza en genral, panadería, cocina, gastronimía, peinado infantil, entre otros.En el mes se realizan distintos acompañamientos al punto de navegación.','Pendiente nueva reunión con el coordinador del CAV.',NULL,NULL,NULL,'',4,298,0,'0000-00-00 00:00:00','2015-05-22 15:29:00'),(155,'2014-04-08','Seguimiento Kit de Inclusión','Se verifica la disponibilidad y usabilidad del Kit de inclusion en la IE. Se intenta conseguir un nuevo contacto en la institución que se encargue del uso de estos elementos. Los encargados no dan razón del Kit ni ningún proyecto referido a este.','Se compromete el encargado de revisar la ubicación del Kit y de verificar que se proyecto se hará en la IE. Pendiente próxima visita.','20140312_144331.jpg',NULL,NULL,'uploads/meeting/meeting_adjunct',4,422,0,'0000-00-00 00:00:00','2015-05-22 15:29:00'),(156,'2014-05-15','Seguimiento Kit de Inclusión','Se realiza la visita pendiente para hacer seguimiento al KIT. Se recorre las instalaciones de la IE para ubicar el KIT, no se logra ni ubicar los dispositivos ni saber quién es el encargado pues el docente Reinaldo ya no hace parte del equipo encargado de los procesos de informática. El Rector no se hace responsable, el coordinador no tiene ni idea, el profesor encargado de la sala de tecnología tampoco sabe.Se les pide la mayor colaboración para que el proceso sea éxitoso pero no hay mayor receptividad. ','Se queda de enviar fotos del KIT cuándo lo ubiquen y realizar un proyecto con las herramientas. Se decide poner a la IE con el KIT en Rojo en el semáforo de uso.',NULL,NULL,NULL,'',4,422,0,'0000-00-00 00:00:00','2015-05-22 15:29:00'),(157,'2014-02-13','Contacto inicial para actividades','Reunión con el profe Rigo y el Rector Juan Carlos para conversar sobre actividades que se pueden realizar este año en la IE.El proceso que mas interesa es Aula abierta y mantener las buenas relaciones con esta IETambien nos interesa tener alfabetizadores de esta IE para el punto de navegación de Mascerca de BS As. Contacto: Yolanda Ramirez Coordinadora de Alfabetización','Pendiente agendar charlas e intervenciones en la IE',NULL,NULL,NULL,'',4,293,0,'0000-00-00 00:00:00','2015-05-22 15:29:00'),(158,'2014-03-26','Alumnos en punto de navegación','Se visita la IE para informar a los encargados que en el punto de navegación del Mascerca de BS AS  hay estudiantes de la I E que no van a clases o se escapan para estar en los computadores  del punto.','Pendientes de informar si los estudiantes siguen yendo en horas escolares al punto',NULL,NULL,NULL,'',4,293,0,'0000-00-00 00:00:00','2015-05-22 15:29:00'),(159,'2014-04-11','Fechas de actividades','Reunión con el profe Rigo para cuadrar actividades.Él está interesado en que participemos en el aula abierta realizado los martes y miércoles de 6 a 8 pm. Le propongo que podemos tener una sesión de GEL o Asesoría en cámaras o celulares.Él preguntará a los participante en qué están interesados y me propondrá fecha y tema','Vía correo enviar fecha y tema para participar en el aula abierta.',NULL,NULL,NULL,'',4,293,0,'0000-00-00 00:00:00','2015-05-22 15:29:00'),(160,'2014-02-13','Exploración de actividades','Exploración de las actividades que podemos realizar en esta biblioteca.El personal de la biblioteca expone los procesos de formación que realizan y vemos como podemos articularnos con ellos, ademas que hacen parte de la fundación EPM quienes nos apoyan.','Consultar la posibilidad de trabajar juntos con los lideres correspondientes.',NULL,NULL,NULL,'',3,163,0,'0000-00-00 00:00:00','2015-05-22 15:29:00'),(161,'2014-02-24','Cronograma de actividades','Se programa las charlas de GEL en la biblioteca.Se realiza los contactos pertinentes para trabajar con el proyecto de inclusión que tienen en la biblioteca incluyendo el KIT de inclusión. Se plantea la forma en que vamos a trabajar juntos.Se plantea como será nuestra participación en una semana para TIC.','Cumplir con las expectativas y fechas planteadas',NULL,NULL,NULL,'',3,163,0,'0000-00-00 00:00:00','2015-05-22 15:29:00'),(162,'2014-04-21','Reunión Actividades de inclusión','Definimos la forma en que nos uniremos a la propuesta de inclusión que tiene la biblioteca. Dahiana y Marcela quienes son empleadas deben realizar un proyecto de inclusión. Hemos decidido que realizaremos una sensibilización a los empleados de la biblioteca y otros de varios proyectos de la fundación EPM.','Establecer la metodología de trabajo del taller de sensibilización y establecer la fecha del taller.',NULL,NULL,NULL,'',3,163,0,'0000-00-00 00:00:00','2015-05-22 15:29:00'),(163,'2014-05-09','Seguimiento inclusión','Programar la sensibilización del kit de inclusión digital para el comité  Rompiendo barreras de  la institución','Confirmar la sensibilización para la semana institucional',NULL,NULL,NULL,'',4,360,0,'0000-00-00 00:00:00','2015-05-22 15:29:00'),(164,'2014-05-09','Seguimiento punto de navegación','Recoger indicadores de registro de uso. Sin embargo, estaban en bodega y la funcionaria no tenia las llaves; solicitan que se llame cuando se vayan a recoger las planillas','Llamar para confirmar la recolección de los indicadores de uso de los equipos',NULL,NULL,NULL,'',4,334,0,'0000-00-00 00:00:00','2015-05-22 15:29:00'),(165,'2014-05-06','seguimiento aula abierta','Se realizó una reunión con la coordinadora y la bibliotecaria para realizar seguimiento de aula abierta y agendar charlas de navegar sin naufragar.','Llamar a confirmar las charlas',NULL,NULL,NULL,'',4,347,0,'0000-00-00 00:00:00','2015-05-22 15:29:00'),(166,'2014-04-01','Gestión de procesos de formación','Se realizó una reunión con la gestora del CEDEZO y una persona del PIL para gestionar cursos con la comunidad.','Se van a realizar convocatorias para conformar dos grupos.',NULL,NULL,NULL,'',2,174,0,'0000-00-00 00:00:00','2015-05-22 15:29:00'),(167,'2014-04-01','Gestión de espacio para cursos','Se realizó una reunión con un funcionario de la biblioteca para gestionar el aula de sistemas y poder iniciar con los procesos de formación.','Enviar correo para confirmar espacio.',NULL,NULL,NULL,'',3,191,0,'0000-00-00 00:00:00','2015-05-22 15:29:00'),(168,'2014-04-01','Kit de inclusión','Se realizó una reunión para agendar una sensibilización del kit de inclusión.','Ninguno',NULL,NULL,NULL,'',2,344,0,'0000-00-00 00:00:00','2015-05-22 15:29:00'),(169,'2014-04-10','Seguimiento','Se establece contacto con comunicadora catalina.montoya@medellin.gov.co, quien aprueba publicar información en su pantalla principal con una resolución de 1080x1920 Full HD. Tel: 2291304 Ext 282.','N','IMG_20140129_WA0015.jpg',NULL,NULL,'uploads/meeting/meeting_adjunct',4,427,0,'0000-00-00 00:00:00','2015-05-22 15:29:00'),(170,'2014-05-06','Préstamo de vídeo beam','Reunión para gestionar la reserva del vídeo beam, porque lo prestaron para otro evento, sin tener en cuenta el inicio del taller','Contar el con vídeo beam para todo el taller',NULL,NULL,NULL,'',4,174,0,'0000-00-00 00:00:00','2015-05-22 15:29:00'),(171,'2014-04-10','Seguimiento','IE Sol de Oriente. Presentación de estudiantes de la revista digital acompañados del docente y con el apoyo de Rosa de Zona 1. Está enfocado en estudiantes de 11°, parte de la necesidad de comunicación interna de la IE, tiene secciones como deporte, diseño, humor, datos curiosos, democracia. Inició desde Marzo del presente año, busca incentivar la lectura crítica. Rosa sugiere como tareas para la próxima sesión tener un manual de estilo acordado entre todos, definir cada sección a qué corresponde, crear un nombre, justificación, explicar secciones de la revista y encargados, periodicidad. Próxima reunión jueves 8 de mayo a las 3:30 pm.','N','IMG_20140411_WA0016.jpg',NULL,NULL,'uploads/meeting/meeting_adjunct',4,326,0,'0000-00-00 00:00:00','2015-05-22 15:29:00'),(172,'2014-04-01','Gestión de procesos de formación para empren','Se realizó una reunión con el gestor empresarial del CEDEZO, en donde el gestor realizo una propuesta de intervención para los emprendedores.','Ninguno',NULL,NULL,NULL,'',2,175,0,'0000-00-00 00:00:00','2015-05-22 15:29:00'),(173,'2014-04-21','Empalme','Se ingresa como sitio nuevo en la base de datos de zona 3. Los encargados son Maryluz López 2924764 telecentrosmlm@gmail.com y Jose Luis Salinas de la JAC. Tel 2923025 y 3105256854 jlsalinas55@gmail.com. Se acuerda iniciar un curso de GEL el 9 de Mayo en el Telecentro.','N',NULL,NULL,NULL,'',2,205,0,'0000-00-00 00:00:00','2015-05-22 15:29:00'),(174,'2014-01-20','Empalme','Reunión de empalme y presentación de los agentes de la zona con la presentación de la profesional encargada de educación y procesos de formación.','se pide un acompañamiento en el sitio para el día 22 de enero en la mañana para la realización de procesos de inscripción al Sena de los usuarios del lugar ','photo4_6.jpg',NULL,NULL,'uploads/meeting/meeting_adjunct',2,321,0,'0000-00-00 00:00:00','2015-05-22 15:29:00'),(175,'2014-04-10','Empalme agente dinamizador','Se asistió al sitio para presentar a la agente dinamizadora Carolina a los funcionarios, se hizo reconocimiento de la zona con ella.','Ninguno',NULL,NULL,NULL,'',2,334,0,'0000-00-00 00:00:00','2015-05-22 15:29:00'),(176,'2014-04-28','Gestión','Reunión con la docente encargada del proceso, solicita hacer explícito por escrito el acuerdo para trabajar con Medellín Ciudad Inteligente, pero la líder Juana Fuentes manifiesta que estos procesos son acuerdos de voluntades más que compromisos. La docente finalmente acepta la intervención sin requerimientos de documentos.','N',NULL,NULL,NULL,'',3,447,0,'0000-00-00 00:00:00','2015-05-22 15:29:00'),(177,'2014-07-10','Programación de talleres','Reunión para programar talleres de gobierno en línea con los grados 11.','Ninguno',NULL,NULL,NULL,'',2,346,0,'0000-00-00 00:00:00','2015-05-22 15:29:00'),(178,'2014-01-28','Empalme','Visita de presentación y empalme con la funcionario encargado, se identifica el sitio se hace una breve caracterización visual del sitio.   ','Se propone una nueva reunión para hablar sobre el acompañamiento en el sitio y la posibilidad de una persona que acompañe el sitio en la realización de tramites en línea y otros usos ',NULL,NULL,NULL,'',2,306,0,'0000-00-00 00:00:00','2015-05-22 15:29:00'),(179,'2014-04-28','Seguimiento','Se habla con el rector para definir el espacio de clase de la IE con un solo grupo, dada la baja asistencia al grupo de la tarde. ','N',NULL,NULL,NULL,'',4,290,0,'0000-00-00 00:00:00','2015-05-22 15:29:00'),(180,'2014-01-28','Empalme','Visita de empalme y presentación de los dinamizadores con la profesional encargada del sitio luz marina.','Se propone una nueva reunión para hablar sobre el acompañamiento en el sitio y la posibilidad de una persona que acompañe el sitio en la realización de tramites en línea y otros usos ','photo5_6.jpg',NULL,NULL,'uploads/meeting/meeting_adjunct',2,300,0,'0000-00-00 00:00:00','2015-05-22 15:29:00'),(181,'2014-05-06','Préstamo de aula de informática','Préstamo de aula para taller de mercadeo digital CEDEZO de Guayabal. Se obtiene una respuesta positiva por parte de la coordinadora y prestan el espacio los mares de 2:00 p.m. a 4:00 p.m.','Quedó pendiente el aula que facilitarían para el taller',NULL,NULL,NULL,'',3,175,0,'0000-00-00 00:00:00','2015-05-22 15:29:00'),(182,'2014-04-09','Empalme agente dinamizador','Se asistió al sitio para presentar a la agente dinamizadora Carolina a los funcionarios, se hizo reconocimiento de la zona con ella.','Ninguno',NULL,NULL,NULL,'',2,176,0,'0000-00-00 00:00:00','2015-05-22 15:29:00'),(183,'2014-01-28','Empalme','Reunión de empalme y presentación de los agentes dinamizadores con la inspectora martha.','Se propone una nueva reunión para hablar sobre el acompañamiento en el sitio y la posibilidad de una persona que acompañe el sitio en la realización de tramites en línea y otros usos ','Salvador_9b.JPG',NULL,NULL,'uploads/meeting/meeting_adjunct',2,307,0,'0000-00-00 00:00:00','2015-05-22 15:29:00'),(184,'2014-05-06','Seguimiento','Se habla con el rector de la IE Alfonso López para solucionar el tema de la estabilidad en la sala de MCI, que funciona con el sistema de la nube y en la clase pasada se tuvo inconvenientes para iniciar el sistema. ','N',NULL,NULL,NULL,'',4,290,0,'0000-00-00 00:00:00','2015-05-22 15:29:00'),(185,'2014-04-10','Verificación estado de los equipos','Se realizo una visita para verificar el estado de los equipos. (2 funcionarios)','Ninguno',NULL,NULL,NULL,'',4,176,0,'0000-00-00 00:00:00','2015-05-22 15:29:00'),(186,'2014-05-06','Programar taller de GEL','Se realizó una reunión para agendar talleres de Gobierno en línea con los estudiantes de once grado.','La IE quedo con el compromiso de enviar un correo con la confirmación de los talleres.',NULL,NULL,NULL,'',4,344,0,'0000-00-00 00:00:00','2015-05-22 15:29:00'),(187,'2014-04-07','Gestión de procesos de formación','Reunión para gestionar espacio e iniciar cursos.','Enviar correo de confirmación.',NULL,NULL,NULL,'',2,194,0,'0000-00-00 00:00:00','2015-05-22 15:29:00'),(188,'2014-04-07','Convocatoria emprendedores para procesos de formac','Reunión para iniciar convocatoria de cursos de alfabetización digital (1 funcionaria)','Ninguno',NULL,NULL,NULL,'',2,178,0,'0000-00-00 00:00:00','2015-05-22 15:29:00'),(189,'2014-01-29','Empalme','Visita de reconocimiento empalme y presentación de los agentes dinamizadores con la funcionara encargada del sitio.','Se propone una nueva reunión para hablar sobre el acompañamiento en el sitio y la posibilidad de una persona que acompañe el sitio en la realización de tramites en línea y otros usos ',NULL,NULL,NULL,'',2,427,0,'0000-00-00 00:00:00','2015-05-22 15:29:00'),(190,'2014-05-09','Seguimiento kit de inclusión digital','Se realizo una reunión con dos docentes y el coordinador de la IE, para verificar el estado del Kit de inclusión, las personas encargadas nos cuentan que están esperando la instalación del software por parte de mesa de ayuda.','Programación del taller de sensibilización del kit de inclusión digital ',NULL,NULL,NULL,'',4,140,0,'0000-00-00 00:00:00','2015-05-22 15:29:00'),(191,'2014-01-29','Empalme','Reunión de empalme y presentación de los agentes dinamizadores con la directora de archivo histórico','Se propone una nueva reunión para hablar sobre el acompañamiento en el sitio y la posibilidad de una persona que acompañe el sitio en la realización de tramites en línea y otros usos ','2009100604481900000224410000081759.jpg',NULL,NULL,'uploads/meeting/meeting_adjunct',2,292,0,'0000-00-00 00:00:00','2015-05-22 15:29:00'),(192,'2014-04-08','Seguimiento kit de inclusión digital','Reunión con el dinamizador del Telecentro para dialogar sobre la estrategia que ha venido implementando con las personas con capacidades diversas. Utilización de las herramientas motrices del software del kit, van por niveles de dificultad: la ranita, naves espaciales y rompecabezas. (1 personas)','Ninguno',NULL,NULL,NULL,'',4,206,0,'0000-00-00 00:00:00','2015-05-22 15:29:00'),(193,'2014-03-11','Gestión PP','Reunión con Javier Castro, encargado de bienestar institucional, con el fin de gestionar alianzas y obtener información sobre los estudiantes beneficiarios de PP y del Fondo EPM para su articulación con el programa.','Envío de la base de datos de los estudiantes para establecer contactos.Gestionar la participación en alguna feria institucional para divulgar el programa y el kit de inclusión digital.',NULL,NULL,NULL,'',3,406,0,'0000-00-00 00:00:00','2015-05-22 15:29:00'),(194,'2014-05-09','Seguimiento talleres a la comunidad','Se habló con el encargado de la biblioteca para el envío de las evidencias del taller de gobierno en línea que se esta dictando con apoyo del Telecentro.','Envío de evidencias',NULL,NULL,NULL,'',4,195,0,'0000-00-00 00:00:00','2015-05-22 15:29:00'),(195,'2014-05-09','Seguimiento','Se acuerda cita con la docente para separar las fechas de las charlas de internet seguro.','N',NULL,NULL,NULL,'',4,312,0,'0000-00-00 00:00:00','2015-05-22 15:29:00'),(196,'2014-04-08','Gestión para divulgación de procesos','Reunión con aliados  para la divulgación de información para personas con capacidades diversas','Ninguno',NULL,NULL,NULL,'',3,206,0,'0000-00-00 00:00:00','2015-05-22 15:29:00'),(197,'2014-04-10','Empalme agente dinamizador','Se realizo una reunión con el coordinador y la gestora del CEDEZO para presentar a la agente dinamizadora Carolina, además se hablo del tema de las convocatorias para los cursos. (2 funcionarios), se le contó a Carolina los procesos que se tenían en el CEDEZO.','Ninguno',NULL,NULL,NULL,'',2,174,0,'0000-00-00 00:00:00','2015-05-22 15:29:00'),(198,'2014-05-09','Seguimiento','Se acuerda cita con el docente para la siguiente semana, para organizar la forma de trabajo.','Ninguno','IMG_0645.JPG',NULL,NULL,'uploads/meeting/meeting_adjunct',4,299,0,'0000-00-00 00:00:00','2015-05-22 15:29:00'),(199,'2014-03-05','Gestión de procesos','Reunión con el director, el técnico en cultura digital  y el encargado de logística para gestionar la articulación de procesos de formación.','Participar en la actividad Vos con voz\"\" para hablar del tema de inclusión digital para personas en situación de discapacidad.\"',NULL,NULL,NULL,'',3,186,0,'0000-00-00 00:00:00','2015-05-22 15:29:00'),(200,'2014-02-25','Reunionol','Reunión para buscar alternativas para cuadrar en el sitio un practicante de pp de manera continua.','buscar alternativas de manera conjunta para encontrar alguien que acompañe el sitio','IMG219-0.jpg',NULL,NULL,'uploads/meeting/meeting_adjunct',4,321,0,'0000-00-00 00:00:00','2015-05-22 15:29:00'),(201,'2014-05-15','Seguimiento talleres a la comunidad','Se realizó una reunión corta para hablar acerca de los cursos que se están dictando en el parque biblioteca.','Continuar con los procesos de formación ',NULL,NULL,NULL,'',4,178,0,'0000-00-00 00:00:00','2015-05-22 15:29:00'),(202,'2014-05-12','Seguimiento','Se agendan charlas de Navegar sin Naufragar con estudiantes del grado 8°, la docente manifiesta que hay un manejo inadecuado de las redes sociales en situaciones difíciles a nivel grupal.','Ninguno','IMG_1321.JPG',NULL,NULL,'uploads/meeting/meeting_adjunct',4,312,0,'0000-00-00 00:00:00','2015-05-22 15:29:00'),(203,'2014-03-14','Seguimiento punto de navegación','Reunión de empalme y seguimiento al punto de navegación para reconocer las dinámicas de uso y apropiación de la comunidad y las posibles dificultades en la prestación de servicios.','Enviar formatos de registro de usuario.Hacer el reporte a S@mi de un computador que está fallando.',NULL,NULL,NULL,'',4,270,0,'0000-00-00 00:00:00','2015-05-22 15:29:00'),(204,'2014-02-27','Empalme','Empalme presentación y reconocimiento del sitio','Seguimiento continuo','aula_rio.jpg',NULL,NULL,'uploads/meeting/meeting_adjunct',2,236,0,'0000-00-00 00:00:00','2015-05-22 15:29:00'),(205,'2014-05-23','Estudiantes por PP','Se realizó reunión con el edil de lsa comuna 16 para conseguir acompañamiento de chicos de PP en los procesos de formación que se estan llevando a cabo en el parque biblioteca de Bélen y unas IE cercanas.','Quedó pendiente la confirmación y listado de los chicos que nos van apoyas a mas tardar el martes 27 de mayo',NULL,NULL,NULL,'',4,438,0,'0000-00-00 00:00:00','2015-05-22 15:29:00'),(206,'2014-04-07','Gestión procesos de formación con personas e','Se realizo una reunión con una persona encargada de inclusión social y un líder comunitario, para identificar posibles ofertas de cursos con adultos mayores y personas en situación de discapacidad. ','Ninguno',NULL,NULL,NULL,'',3,333,0,'0000-00-00 00:00:00','2015-05-22 15:29:00'),(207,'2014-05-21','Seguimiento talleres a la comunidad','Reunión de seguimiento a los cursos que se están realizando en el CEDEZO con los emprendedores de la zona. se hablo sobre la mala conexión a internet y se realizó el requerimiento para la revisión de los equipos con la mesa de ayuda. ','Adicional se quedo pendiente hacer la convocatoria para el taller de gobierno en linea con la comunidad y la convocatoria para iniciar con un curso de alfabetización digital con emprendedores para el segundo semestre.',NULL,NULL,NULL,'',4,174,0,'0000-00-00 00:00:00','2015-05-22 15:29:00'),(208,'2014-04-09','Gestión de procesos de formación','Se realizo una visita a la biblioteca para organizar el taller de gobierno en línea.','Iniciar convocatoria por parte de la biblioteca.',NULL,NULL,NULL,'',2,195,0,'0000-00-00 00:00:00','2015-05-22 15:29:00'),(209,'2014-03-14','Empalme Palmitas rural','Reunión con la coordinadora rural para comenzar a pensar las actividades y las estrategias de articulación entre el programa y los centros educativos.','Gestionar estudiantes beneficiarios de PP con los líderes de la JAL',NULL,NULL,NULL,'',2,397,0,'0000-00-00 00:00:00','2015-05-22 15:29:00'),(210,'2014-05-23','Propuesta de charla NSN','Reunión con la rectora profe encargada de la institución para presentarle la propuesta de acompañamiento. Charlas de internet seguro para estudiantes de 3° y 4°: Recomiendan hacer contacto con el vicerrector académico del INEM para que autorice dichas charlas','Contactar al vicerrector académico para programar las charlas',NULL,NULL,NULL,'',4,342,0,'0000-00-00 00:00:00','2015-05-22 15:29:00'),(211,'2014-04-07','Kit de inclusión','Se realizo una reunión con el coordinador de la IE, para verificar el traslado del kit de inclusión.','Ninguno',NULL,NULL,NULL,'',2,140,0,'0000-00-00 00:00:00','2015-05-22 15:29:00'),(212,'2014-05-23','seguimiento aula abierta','Reunión con la profesora enlace para darle a conocer la propuesta de intervención; pero se encontraban en una capacitación, por tanto se concreta una próxima reunión.','Se concreta una reunión para la semana siguiente',NULL,NULL,NULL,'',4,330,0,'0000-00-00 00:00:00','2015-05-22 15:29:00'),(213,'2014-04-09','Procesos de formación','Se realizo una visita a la biblioteca para organizar el taller de gobierno en línea.','Ninguno',NULL,NULL,NULL,'',2,210,0,'0000-00-00 00:00:00','2015-05-22 15:29:00'),(214,'2014-03-14','Empalme Palmitas rural','Reunión de empalme y articulación con la escuela para analizar la posibilidad de realizar algún proceso de formación en el sitio.','Hacer el reporte a mesa de ayuda de los equipos que están presentando fallas de hardware y de conexión.',NULL,NULL,NULL,'',2,398,0,'0000-00-00 00:00:00','2015-05-22 15:29:00'),(215,'2014-04-23','Labores de los funcionarios con MDE ciudad intelig','Se realizó una reunión con 8 funcionarios para identificar las funciones que tienen las diferentes secretarías con respecto a los equipos de MDE Ciudad Inteligente; a esta reunión asistieron los siguientes funcionarios: Melida Barrientos(Servicio a la ciudadanía), Patricia(coordinadora casa de justicia), Ana  (profesional de apoyo coordinación casa de justicia), Diana Mesa, Milena Palacio (encargadas jóvenes por la vida), Sandra Milena Vasquez, Olga (coordinadoras Casas de juasticia), Biviana Arango, Cindy Jaramillo (Mde Ciudad Inteligente).','Ninguno',NULL,NULL,NULL,'',2,334,0,'0000-00-00 00:00:00','2015-05-22 15:29:00'),(216,'2014-04-07','Kit de inclusión','Se realizó una socialización del seguimiento del uso del kit de inclusión digital 2014.Propuesta de capacitación a 20 funcionarios de la UIA para el 7 de mayo de 2:00 a 6:00 pm.Conformación de un equipo interdisciplinario en las 19 instituciones educativas, tres encuentros uno en mayo, otro en agosto y el último en octubre.','Envío del consolidado del seguimiento al kit de inclusión digital.',NULL,NULL,NULL,'',2,451,0,'0000-00-00 00:00:00','2015-05-22 15:29:00'),(217,'2014-03-14','Empalme ','Reunión de empalme y articulación con el colegio para analizar la posibilidad de realizar algún proceso de formación en el sitio. Al parecer no hay espacio disponible en la sala de sistemas ya que la institución está sobre ofertada.','Encontrar un espacio disponible para convocar a la comunidad.',NULL,NULL,NULL,'',2,276,0,'0000-00-00 00:00:00','2015-05-22 15:29:00'),(218,'2014-04-23','Reunión','Se realizó una reunión con el señor Francisco (de la comunidad), pues nos ayudaría con un vídeo que se utilizaría en el lanzamiento de los nuevos sitios.','Ninguno',NULL,NULL,NULL,'',2,193,0,'0000-00-00 00:00:00','2015-05-22 15:29:00'),(219,'2014-03-14','Articulación de procesos','Reunión de articulación y empalme con la gestora de servicios. Hay una muy buena recepción y disposición de la biblioteca para trabajar con el programa.  Se definen algunas temáticas específicas como: Gobierno en Línea con su grupo de informática de nivel III, charlas de navegar sin naufragar para niños y taller de narrativas con jóvenes.','Elaborar un plan de acción posible de ejecutar en la medida de las posibilidades.',NULL,NULL,NULL,'',3,185,0,'0000-00-00 00:00:00','2015-05-22 15:29:00'),(220,'2014-05-21','seguimiento aula abierta','Se realizó una reunión con las docentes encargadas del aula abierta, para hacer el seguimiento correspondiente al aula abierta, ellas me contaron que hay un grupo de adultos que están validando el bachillerato y están utilizando la sala de sistemas para la clase de tecnología, se planeo con ellas los posibles cursos que están dispuestas a dar y se agendo una charla de Navegar sin naufragar con los estudiantes de quinto grado para el próximo martes.','Charla de NSN',NULL,NULL,NULL,'',4,351,0,'0000-00-00 00:00:00','2015-05-22 15:29:00'),(221,'2014-04-23','Gestión de vídeo beam','Reunión para solicitar el préstamo del vídeo beam para los cursos de alfabetización en el Parque Biblioteca; solamente pueden prestarlo el viernes, los otros días tienen otras capacitaciones para los emprendedores.','Préstamo del vídeo beam los viernes en la mañana',NULL,NULL,NULL,'',2,176,0,'0000-00-00 00:00:00','2015-05-22 15:29:00'),(222,'2014-05-21','Propuesta de charla NSN','Se realizó una reunión con la rectora y la coordinadora de la IE, para agendar charlas de Navegar sin Naufragar con los grados sextos y séptimos, ambas se mostraron muy interesadas y dispuestas.','Agendar charlas NSN',NULL,NULL,NULL,'',4,123,0,'0000-00-00 00:00:00','2015-05-22 15:29:00'),(223,'2014-02-11','Empalme','Visita para empalme, reunión para conocer el patronato, caracterizar de las necesidades de la población que allí se impacta, análisis de la propuesta de intervención ','Se planea una próxima reunión, se propone realizar una convocatoria para realizar cursos de alfabetización digital','Patronato.jpg',NULL,NULL,'uploads/meeting/meeting_adjunct',2,214,0,'0000-00-00 00:00:00','2015-05-22 15:29:00'),(224,'2014-04-22','Gestión de espacio para cursos','Reunión con el rector de la IE Cristobal Colon y el docente de informática para solicitar el espacio de aula abierta y poder dar inicio al curso de alfabetización digital con las personas del club de vida del CAV de Belencito. ','Quedo pendiente hablar con el docente para mirar la disponibilidad de la sala y poder llamar a confirmar a las personas.',NULL,NULL,NULL,'',3,335,0,'0000-00-00 00:00:00','2015-05-22 15:29:00'),(225,'2014-07-02','Manejo de outlook','Por solicitud de la funcionaria se llevó a cabo un espacio donde se asesoró sobre el manejo de algunas herramientas que ofrece outlook, en vista de la necesidad que representa para ellos tener un buen manejo de las mismas.','Se recuerda el compromiso pactado bajo acta por disponer espacios de capacitación sobre Gobierno en Línea con los funcionarios, dado que la mayoría no conocen el portal de ciudad ni el de Gobierno y por tanto los beneficios que ofrecen.Se habla nuevamente de la necesidad de dinamizar las intervenciones de los chicos y chicas de jóvenes por la vida en los puntos de navegación, a través de algunas herramientas como páginas llamativas para los niños y niñas, con propósitos educativos y de la asesoría en algunos trámites en línea de utilidad para los adultos.',NULL,NULL,NULL,'',4,242,0,'0000-00-00 00:00:00','2015-05-22 15:29:00'),(226,'2014-04-23','Gestión de procesos de formación','Reunión con las directora del Club de Vida Alegría para contarle cómo va el proceso de consecución de aula de informática para el curso y el taller para los adultos mayores. Se propone realizar el taller en el Telecentro y hacer contacto con el dinamizador para contar con su colaboración. ','Ninguno',NULL,NULL,NULL,'',2,335,0,'0000-00-00 00:00:00','2015-05-22 15:29:00'),(227,'2014-04-24','Gestión de espacio para cursos','Reunión para gestionar préstamo de aula de informática talleres de GL del Club de Vida de la CAV de Belencito. Se recibe una respuesta positiva y la oferta de horarios disponibles.','Informar sobre los horarios definitivos.',NULL,NULL,NULL,'',3,206,0,'0000-00-00 00:00:00','2015-05-22 15:29:00'),(228,'2014-05-29','Propuesta de charla NSN','Se realizó una reunión con la profesora Lyda Morales para evaluar el tema de aula abierta, así mismo se agendo una charla de internet seguro para los grados cuartos con las profesoras.','Confirmar charla NSN','Reunion_IE_Monsenor.jpg','Seguimiento_Aula_abierta.jpg',NULL,'uploads/meeting/meeting_adjunct1',4,132,0,'0000-00-00 00:00:00','2015-05-22 15:29:00'),(229,'2014-05-15','Seguimiento','Reunión con la docente para programar charlas de internet seguro con los estudiantes, ya que el año pasado se desarrolló proceso con la comunidad y la docente considera difícil convocar de nuevo a los padres de familia. ','N',NULL,NULL,NULL,'',4,426,0,'0000-00-00 00:00:00','2015-05-22 15:29:00'),(230,'2014-02-25','Reunión','Reunión para presentar la practicante de pp que continuara acompañando el sitio para cumplir con sus horas de servicio socia a la comunidad.','Se planea una nueva reunión para hablar de las horas y firmar el convenio','photo4_6-0.jpg',NULL,NULL,'uploads/meeting/meeting_adjunct',4,321,0,'0000-00-00 00:00:00','2015-05-22 15:29:00'),(231,'2014-05-26','Reunión exploratoria de actividades','Esta reunión muy corta se realizó con el animo de programar actividades en la institución. Por cuestión de las dinámicas institucionales y por cierre de periodo escolar no tuvimos mayor receptividad por parte de los encargados y del psicólogo.','Regresar  la institución con propuestas concretas','IMG_20140526_WA0004.jpg',NULL,NULL,'uploads/meeting/meeting_adjunct',4,295,0,'0000-00-00 00:00:00','2015-05-22 15:29:00'),(232,'2014-03-26','Reunión exploratoria de actividades','Se realiza la reunión para conocer al nuevo personal encargado y las actividades que están realizando.Se propone trabajar charlas especificas con las estudiantes ya que el año pasado la intervención contempló alfabetización digital avanzada y las mismas chicas que están este año ya pasaron por este curso.','Regresar con las propuestas concretas de las charlas',NULL,NULL,NULL,'',4,212,0,'0000-00-00 00:00:00','2015-05-22 15:29:00'),(233,'2014-05-23','Reunión Ruta de intervención','Esta reunión se realizó con el animo de programar las intervenciones que tendrá la practicante que acompañará el punto de navegación. Se deja claro que por cuestiones de contratación este año no podemos tener un acompañamiento constante en el punto como se hizo el año pasado. Es necesario esto por la insistencia del coordinador.El coordinador expone que es ideal que podamos acompañar procesos en la Casa vivero ubicada en Sol de Oriente (nos desplazamos para conocerla) y en Esfuerzos de Paz 1 en dónde realizan procesos de memoria con jóvenes en situación vulnerable.','Se programa reunión para conocer proceso en Esfuerzo de Paz #1','20140523_101651.jpg','20140523_101655.jpg',NULL,'uploads/meeting/meeting_adjunct',4,298,0,'0000-00-00 00:00:00','2015-05-22 15:29:00'),(234,'2014-05-15','Seguimiento','Reunión con el docente Felipe para realizar intervención con los niños de primaria. El año anterior se realizaron charlas de internet seguro, en esta ocasión se espera trabajar sobre temas de web 2.0. El docente manifiesta que la sala de colegio en la nube ha tenido una conexión muy inestable y con algunas descargas de energía. Se trata de evaluar esta situación con la sede principal y se hace seguimiento telefónico.','N',NULL,NULL,NULL,'',4,434,0,'0000-00-00 00:00:00','2015-05-22 15:29:00'),(235,'2014-05-27','Reunión Líder Juvenil','En esta reunión se conoce el proceso cultural y social que ha acompañado el funcionario del CAV y que esta liderando la comunidad para sacar a los jóvenes de situaciones de vulnerabilidad social.Ellos tienen una casa como espacio de encuentro para realizar actividades culturales, reuniones de la JAL, tienen poca intervención del Estado y poseen una alta participación de la comunidad.En esta reunión se plantea intervenir la comunidad joven con un taller de narrativas para apoyar el proceso de memoria que de alguna forma lleva el CAV ','Programar los talleres de Narrativas, planearlo para adaptarlo a el objetivo con la comunidad y realizar una caracterización social y técnica del sitio para conectividad.','IMG_20140527_WA0000.jpg','IMG_20140527_WA0003.jpg','IMG_20140527_WA0006.jpg','uploads/meeting/meeting_adjunct',3,298,0,'0000-00-00 00:00:00','2015-05-22 15:29:00'),(236,'2014-05-15','Seguimiento','Reunión con el coordinador del centro educativo para planear charla de internet seguro. El coordinador se ha mostrado resistente a abrir el aula a la comunidad, se trata de hacer reencuadre sobre este asunto.','N',NULL,NULL,NULL,'',4,431,0,'0000-00-00 00:00:00','2015-05-22 15:29:00'),(237,'2014-04-22','Programación de actividades','La reunión se realiza con el animo de programar charlas de NSN con grupos conformados por líderes de los grupos que se detecten tengan problemáticas de usos de las redes sociales.La coordinadora Aliria aprovecha la visita para solicitar intervención en su sede (Escuela)Se programa para mayo 6, 2 charlas en la sede principaly para may 7 y 13, dos charlas en la sede escuela.En total asistieron 69 personas.','Regresar en segundo semestre','20140506_114822.jpg','IMG_20140507_WA0019.jpg','IMG_20140507_WA0021.jpg','uploads/meeting/meeting_adjunct',4,424,0,'0000-00-00 00:00:00','2015-05-22 15:29:00'),(238,'2014-04-30','Procesos de formación','Reunión con la gestora del CEDEZO y coordinador del PIL para dar inicio al curso de herramientas web 2.0 con emprendedores del CEDEZO. en total son 18 personas que están terminando el curso de alfabetización digital con el SENA y quieren continuar con segundo nivel. fecha de inicio 6 de mayo. ','Definir fecha de inicio del curso ',NULL,NULL,NULL,'',2,191,0,'0000-00-00 00:00:00','2015-05-22 15:29:00'),(239,'2014-04-29','Definición de horarios procesos de formación','Definición de horario para el curso de alfabetización digital; la fundación se encarga de hacer la convocatoria. Pendiente curso en Arasaac en tablets para otros padres.','Ninguno',NULL,NULL,NULL,'',2,215,0,'0000-00-00 00:00:00','2015-05-22 15:29:00'),(240,'2014-04-23','Programación de actividades','La reunión se realiza con el animo de programar charlas de NSN y Gobierno en línea para intervenir en la institución.Tambien se indaga sobre la posibilidad de abrir un aula abierta en la IE. El rector manifiesta que es temeroso por que ya se han robado implementos de la sala de computo.Se programa y se envía por correo del rector. GEL con grupos de 8° y 9° NSN Con 5°, 6° y 7°  todas para el 3 de Julio','Regresar en segundo semestre.','IMG_2057.JPG','IMG_2070.JPG','IMG_2071.JPG','uploads/meeting/meeting_adjunct',4,301,0,'0000-00-00 00:00:00','2015-05-22 15:29:00'),(241,'2014-01-22','Planteamiento de actividades','Primer acercamiento del año con los funcionarios para proponer intervención.En esta conversación se manifiesta por parte de Carlos Mario que cualquier proceso de formación con docentes debe hacerse en el vivero del Software imposibilitando la intervención con procesos formativos nuestros.La intervención en este sitio se limitará a la activación y seguimiento del punto de navegación.','Hacer seguimiento al punto de navegación.',NULL,NULL,NULL,'',4,302,0,'0000-00-00 00:00:00','2015-05-22 15:29:00'),(242,'2014-04-29','Exploración de actividades','Se realiza  una visita a la IE para programar actividades. La docente por cuestiones de la dinámica institucional y por cierre de mitad de año no podía atendernos libremente. Se le pidió que se comunicara con nosotros, se le dejó la tarjeta, pero nunca se contactó.Se realizaron otras visitas mas y la docente no se encontraba en las instalaciones.','Intervenir en el segundo semestre',NULL,NULL,NULL,'',4,303,0,'0000-00-00 00:00:00','2015-05-22 15:29:00'),(243,'2014-07-03','Cierre de procesos','Se llevó a cabo una reunión con el coordinador del telecentro para evaluar el proceso desarrollado con el curso de Alfabetización digital y Gobierno en línea, además de esto se compartieron todos los contenidos del programa, con el propósito de que él los revisara para generar nuevas propuestas en el siguiente semestre. Willmar se mostró muy interesado en la dotación del kit de inclusión digital y realizó un recuento de las reuniones que se han desarrollado entre el telecentro y tecnoayudas ,también relata la convocatoria hecha de un grupo de personas en situación de discapacidad de la comuna muy interesadas en tener procesos formativos en el telecentro villa del socorro.','Mirar la posibilidad de que uno de los kit de inclusión sea para el telecentro.',NULL,NULL,NULL,'',4,198,0,'0000-00-00 00:00:00','2015-05-22 15:29:00'),(244,'2014-04-30','Programación de actividades','Reunión de programación de actividades y seguimiento al aula abierta que realizan los sábados por medio de monitores estudiantiles.Se propone al Coordinador Álvaro Villa y profe Nancy conformar un grupo de lideres y monitores de 10 y 11° que reproduzcan la información con un taller de NSN .Se programa para el 22 de Mayo','Intervenir en segundo semestre','IMG_0560.JPG','IMG_0682.JPG','IMG_0684.JPG','uploads/meeting/meeting_adjunct',4,304,0,'0000-00-00 00:00:00','2015-05-22 15:29:00'),(245,'2014-03-20','Empalme y planeación','Reunión de empalme y planeación con el equipo gestor sobre las actividades que se llevarán a cabo en la institución por parte del programa. Se planeó un posible curso y se gestionaron alfabetizadores como acompañantes del proceso de formación.','Establecer un espacio (día y hora) para el curso.Realizar la inducción a los alfabetizadores.Planear charlas de Navergar sin Naufragar.',NULL,NULL,NULL,'',2,417,0,'0000-00-00 00:00:00','2015-05-22 15:29:00'),(246,'2014-06-05','Panorama de intervención','Se llevó a acabo al reunión con el rector de la I.E Fe y alegría granizal y con las docentes orientadoras de once y de tecnolgía e informática para generar acuerdos de intervención. El aula Abierta no funciona actualmente por ausencia de personas a cargo de los recursos y espacios de la I.E','Se pactó realizar intervención con los chicos y chicas del grado once, específicamente la charla de Gobierno en línea para estudiantes y con algunos niños y niñas representantes de grados como seto y octavo la charla de Navegar sin naufragar. Esto se llevará a cabo una vez se retomen procesos en el mes de Agosto.',NULL,NULL,NULL,'',3,253,0,'0000-00-00 00:00:00','2015-05-22 15:29:00'),(247,'2014-06-11','Funcionamiento punto de navegación','La reunión tuvo como objetivo concretar algunos acuerdos en relación al punto de navegación, al papel de los chicos del programa jóvenes por la vida y en relación a la formación de funcionarios. Los acuerdos pudieron concretarse y se explicitaron algunas dinámicas respecto al funcionamiento del punto de navegación. Se evidenció la necesidad de que los funcionarios conozcan el portal de ciudad y el de gobierno, información que arrojó la encuesta aplicada por MDE ','- Capacitación en Outlook para Adriana Ruiz y Auxiliar el 02 de Julio- Capacitación en Gobierno en Línea para funcionarios el o3 de Julio 3 p.m- Escaneo de las planillas o registros de uso  en el punto de navegación dado que no pueden volver a',NULL,NULL,NULL,'',4,242,0,'0000-00-00 00:00:00','2015-05-22 15:29:00'),(248,'2014-06-11','Identificación de dificultades','Se llevó a cabo una reunión con Willmar osorio para identificar las razones por las cuales  han desertado algunas personas del curso de A.D  y conversar a cerca del proceso. Dentro de las razones expuestas se mencionó la situación de violencia de Aranjuez, dado que dos de las participantes iban desde allí y no pudieron volver; otra de las razones es la comunicación que tienen entre las personas del curso con al practicante y las personas que ven el curso con Willmar y las comparaciones en relación a la celeridad de nuestro curso, en comparación el ofrecido por el telecentro.','Se generaron compromisos para la continuidad de los procesos.   1. Compartir con willmar la oferta educativa del programa con el propósito de generar propuestas de intervención en el telecentro.                      2. Llevar  al equipo la propuesta de disminuir la celeridad del curso dado que se trata de un nivel básico y hay contenidos que quedan flojos lo que produce inseguridad e inconformidad entre los usuarios. ',NULL,NULL,NULL,'',4,198,0,'0000-00-00 00:00:00','2015-05-22 15:29:00'),(249,'2014-03-31','Reunión exploratoria de actividades','Reunión de primer contacto para proponer actividades puntuales en la IE. El coordinador se muestra receptivo frente a las charlas propuestas. Dice que es mejor que vayamos al comité académico un lunes para que expongamos la propuesta.También se contactó a la psicóloga Sor para hacer seguimiento de Aula abierta y ver cómo podemos apoyarlos.','Confirmar Agenda para asistir al comité',NULL,NULL,NULL,'',4,305,0,'0000-00-00 00:00:00','2015-05-22 15:29:00'),(250,'2014-05-12','Reunión con comité','Asiste el agente Juan Camilo Parra a esta reunión con 6 Docentes y directivos para realizarle propuesta de intervención y Aula abierta.Los docentes consideran que se debe realizar intervención en la sede escuela Juan Cancio Restrepo es Cl. 45 Nº 31-63 Tel.  2391959 con 4°aSe programa charla de NSN para el 5 de jun 2014','Intervenir en Segundo semestre','20140605_100138.jpg','20140605_100202.jpg','20140605_104648.jpg','uploads/meeting/meeting_adjunct',4,305,0,'0000-00-00 00:00:00','2015-05-22 15:29:00'),(251,'2014-03-26','Planeación','Reunión de planeación para iniciar el curso de alfabetización digital para la comunidad y las charlas de Navegar sin Naufragar con los grados 6° y 7°.','Realizar la convocatoria para la inscripción al curso.',NULL,NULL,NULL,'',3,417,0,'0000-00-00 00:00:00','2015-05-22 15:29:00'),(252,'2014-01-21','Seguimiento del punto de información','Se realiza primera visita del año para realizarle seguimiento al punto de navegación. La inspectora manifiesta su inconformidad por que el punto no tiene alguien todo el tiempo que lo esté monitoriando, se queja por que los usuarios son en su mayoría niños y no hay quién los controle, manifiesta que no le gusta ese servicio.','Compromiso de enviar un practicante tan pronto estén disponibles para este servicio.',NULL,NULL,NULL,'',4,307,0,'0000-00-00 00:00:00','2015-05-22 15:29:00'),(253,'2014-03-18','Seguimiento kit de inclusión','Primer seguimiento al kit de inclusión digital con el fin de establecer estrategias de divulgación y apropiación en la comunidad educativa y aledaña al sitio. Se planteó retomar el grupo del 2012 para realizar un proceso de formación más avanzado.','Convocatoria del grupo para realizar el curso de alfabetización digital y gobierno en línea.  ',NULL,NULL,NULL,'',4,410,0,'0000-00-00 00:00:00','2015-05-22 15:29:00'),(254,'2014-07-01','Procesos de formación ','Propuesta de charla de internet seguro para los niños usuarios del Telecentro, pendiente fecha y hora. Colaboración para la caracterización de CORAPAS y del Complejo deportivo','Pendiente fecha y hora de la charla',NULL,NULL,NULL,'',4,206,0,'0000-00-00 00:00:00','2015-05-22 15:29:00'),(255,'2014-03-18','Gestión Estudiantes PP','Encuentro con dos estudiantes beneficiarias de presupesto participativo que tienen interés en hacer parte del programa como facilitadoras de procesos de formación y acompañantes de punto de navegación de la comuna 6','Acta de compromiso con la correspondiente firma de la JAL.',NULL,NULL,NULL,'',3,277,0,'0000-00-00 00:00:00','2015-05-22 15:29:00'),(256,'2014-07-08','Acompañamiento 2014','Reunión con el técnico en cultura digital Juan Guillermo Ramírez y el coordinador para mirar el acompañamiento a realizar este año.Queda pendiente apenas reiniciemos actividades, programar una charla de Navegar sin Naufragar con el grupo que asiste a la capacitación sobre internet, una charla sobre Gobierno en Línea con el grupo de alfabetizadores que acompaña la biblioteca y realizar un taller de narrativas con el grupo de generación de contenidos de la biblioteca que es conformado por estudiantes de la Institución Educativa Jesús Rey.','Programar las fechas de las actividades pendientes',NULL,NULL,NULL,'',2,268,0,'0000-00-00 00:00:00','2015-05-22 15:29:00'),(257,'2014-07-03','Seguimiento y procesos de formación ','Reunión de seguimiento y acompañamiento a los procesos que realiza la IE ademas se programo con el con el coordinador  dos charlas de Internet seguro para estudiantes de 4° y 5°. ','Quedo pendiente programar la fecha y la hora de dichas charlas para el segundo semestre. ',NULL,NULL,NULL,'',4,361,0,'0000-00-00 00:00:00','2015-05-22 15:29:00'),(258,'2014-07-08','Seguimiento kit de inclusión','Acompañamiento al grupo Otras formas de leer y escribir con personas en situación de discapacidad en la sala de informática, en esta sesión el grupo estaba trabajando con algunos dispositivos del kit de inclusión.Beatriz Atehortúa es la persona encargada y el técnico en cultura digital Juan Guillermo Ramírez la apoya en el acompañamiento personalizado a los participantes. Beatriz cuenta que el trabajo se viene desarrollando armónicamente y que recientemente han adquirido dos equipos muy buenos, una maquina para imprimir en braille y un escaner que lee textos en voz alta.','Ninguno',NULL,NULL,NULL,'',4,268,0,'0000-00-00 00:00:00','2015-05-22 15:29:00'),(259,'2014-07-03','Seguimiento Kit de inclusión','Caracterización kit de inclusión digital, se hace un recorrido por la las dos sedes para conocer las condiciones de accesibilidad y las características de las aulas de informática.La docente está muy interesada en tener el kit de inclusión digital para continuar desarrollando su investigación sobre los beneficios probables a las herramientas de software y hardware','ninguno',NULL,NULL,NULL,'',4,359,0,'0000-00-00 00:00:00','2015-05-22 15:29:00'),(260,'2014-07-04','Seguimiento a los procesos de formación','Reunión para solicitar el logo de la biblioteca para las constancias de los participantes del taller de gobierno en línea y programar otros talleres mas para el segundo semestre. ','ninguno',NULL,NULL,NULL,'',4,192,0,'0000-00-00 00:00:00','2015-05-22 15:29:00'),(261,'2014-05-07','Primer contacto con la institución','Previamente se había solicitado esta reunión con los coordinadores del tema de discapacidad.Esta institución entra por KIT por la división que tuvieron de las herramientas desde la sede central y corresponde a Zona 3  la sede fraternidad.Esta institución posee un trabajo juicioso y sistemático respecto a el trabajo con la comunidad educativa en situación de discapacidad. El Kit en el momento de la visita estaba instalado en una sala especializada y destinada únicamente para este propósito, ya tenian un protocolo designado para el uso de estos disositivos.Se sugiere realizar una capacitación con los funcionarios para obtener mejor información del software.','Pendiente cuadrar agendas con los funcionarios del ITM','IMG_20140507_WA0003.jpg','IMG_20140507_WA0008.jpg','IMG_20140507_WA0000.jpg','uploads/meeting/meeting_adjunct',4,308,0,'0000-00-00 00:00:00','2015-05-22 15:29:00'),(262,'2014-07-03','Seguimiento a los procesos de formación','Reunión para acordar taller de gobierno en línea para jóvenes de la IE en el segundo semestre del año. ','programar las fechas y la hora de dichos talleres ',NULL,NULL,NULL,'',4,358,0,'0000-00-00 00:00:00','2015-05-22 15:29:00'),(263,'2014-04-01','Reunión exploratoria de actividades','Se realiza reunión para concretar actividades.Primero se habla con la rectora quién esta muy ocupada y me pide que me dirija con el coordinador de la jornada que también está muy ocupado. Se realiza una conversación para que entienda el objetivo de la intervención que ademas viene desde el año pasado por Divertic y se desea continuar el proceso.El coordinador anota todo en su computadora y acordamos una fecha máxima para que nos responda con el cronograma de las actividades.Se esperó el plazo acordado y no tuvimos respuesta. Vía telefónica intente  recuperar el proceso pero fue un intento fallido ya que en la IE tenían una emergencia y no podían atenderme','Intervenir en segundo semestre, si no muestran mayor interés descartala de las IE',NULL,NULL,NULL,'',4,311,0,'0000-00-00 00:00:00','2015-05-22 15:29:00'),(264,'2014-07-08','Acompañamiento 2014','Reunión con la rectora y la coordinadora académica para programar dos charlas sobre Gobierno en Línea con estudiantes de once grado.','Ninguno',NULL,NULL,NULL,'',2,414,0,'0000-00-00 00:00:00','2015-05-22 15:29:00'),(265,'2014-04-28','Reunión exploratoria de actividades','Esta reunión se realizó para programar actividades en al IE y indagar sobre la posibilidad de realizar un aula abierta este año de la misma forma que el año pasado.La coordinadora accede a abrirnos un espacio en su agenda la cuál confirmamos vía correo electrónico y que cancela diciendo que ese día hay des-escolarización. No se puede realizar la intervención en la IEEn cuanto a el aula abierta dice que está interesada pero se debe hacer una convocatoria amplia en la IE y que debemos hacerla nosotros.','Intervenir segundo semestre',NULL,NULL,NULL,'',4,448,0,'0000-00-00 00:00:00','2015-05-22 15:29:00'),(266,'2014-07-08','Programación','Reunión con la coordinadora para programar dos charlas sobre Navegar sin Naufragar y una charla sobre Gobierno en Línea con estudiantes de once en la biblioteca de la Institución.','Realizar procesos de formación sobre alfabetización digital.',NULL,NULL,NULL,'',2,226,0,'0000-00-00 00:00:00','2015-05-22 15:29:00'),(267,'2014-07-08','Evaluación acompañamiento primer semestre','Reunión con la gestora empresarial Diana Londoño para evaluar el acompañamiento realizado durante este primer semestre.La gestora expone que los temas abordados son pertinentes y que los emprendedores han manifestado satisfacción sobre estos, sobre la facilitadora, manifiesta que fue puntual, comprometida y atenta al proceso individual de los participantes ya que constantemente realizaba asesorías personalizadas.Sugiere que los cursos y talleres se realicen dos veces por semana para que terminen más rápido y se puedan realizar varios en el semestre.','Realizar preinscripción a las personas interesadas.',NULL,NULL,NULL,'',4,167,0,'0000-00-00 00:00:00','2015-05-22 15:29:00'),(268,'2014-06-17','Apertura de cursos con Víctimas',' Debido a  una solicitud del cav se proyectaba intervenir un grupo de victimas con Alfabetización Digital; sin embargo,  de las personas convocadas sólo llegaron 4 por tanto se pensará en este tipo de intervención para el mes de Agosto. Se planeó la jornada de trámites y se expresó la viabilidad del punto de navegación.  ','Una vez se reinicien los procesos, el cav se compromete a convocar  personas de la comuna que estén interesadas en desarrollar procesos de Alfabetización digital u otro tipo de propuestas acordes a la oferta del programa.',NULL,NULL,NULL,'',3,247,0,'0000-00-00 00:00:00','2015-05-22 15:29:00'),(269,'2014-07-08','Seguimiento','Visita de seguimiento con la funcionaria del sitio. se recogieron las planillas del mes de julio y se pego la información sobre el mantenimiento de los equipos. quedo pendiente iniciar inscripciones para cursos de alfabetización digital  en el segundo semestre.  ','ninguno',NULL,NULL,NULL,'',4,362,0,'0000-00-00 00:00:00','2015-05-22 15:29:00'),(270,'2014-07-10','Seguimiento Kit de inclusión','Se realizó visita se seguimiento a las actividades que realiza el parque Biblioteca y el uso que se le esta dando al KIT de inclusión. ademas se hablo sobre los cursos de alfabetización digital que están finalizando con personas de la unidad integral y el préstamo del espacio para el segundo semestre. ','ninguno',NULL,NULL,NULL,'',4,193,0,'0000-00-00 00:00:00','2015-05-22 15:29:00'),(271,'2014-07-11','Seguimiento a los procesos de formación','Reunión con el Rector  se habla de los procesos de formación que está implementando el programa, además sobre kit de inclusión digital ','ninguno',NULL,NULL,NULL,'',4,340,0,'0000-00-00 00:00:00','2015-05-22 15:29:00'),(272,'2014-07-11','Seguimiento Kit de inclusión','Reunión para conversar sobre el uso del kit de inclusión y las actividades que vienen desarrollando con las personas en situación de discapacidad.Se robaron una bola de un mouse del kit de inclusión digital ','averiguar si es posible reponer la bola del mouse',NULL,NULL,NULL,'',4,196,0,'0000-00-00 00:00:00','2015-05-22 15:29:00'),(273,'2014-05-20','Gestion','Reunion con Hammer para hacer seguimiento al proceso de aula abierta y a la sala de MD. Manifiesta que tiene dos grupos con los que ha trabajado desde febrero del presente año en temas de Informatica básica y avanzada.','N',NULL,NULL,NULL,'',3,313,0,'0000-00-00 00:00:00','2015-05-22 15:29:00'),(274,'2014-07-08','Procesos de formación ','Reunión con la coordinadora del la IE para conversar acerca de Aula abierta, los procesos de formación que estan dictando desde la IE y los posibles procesos que se realizaran el próximo semestre.','ninguno',NULL,NULL,NULL,'',4,290,0,'0000-00-00 00:00:00','2015-05-22 15:29:00'),(275,'2014-05-21','Seguimiento','Reunion con el docente para hacer seguimiento al programa y para programar actividades con las estudiantes.','N',NULL,NULL,NULL,'',4,299,0,'0000-00-00 00:00:00','2015-05-22 15:29:00'),(276,'2014-05-21','Seguimiento','Reunion de seguimiento del proceso de aula abierta en la IE. Se define la forma de trabajo con los estudiantes.','N',NULL,NULL,NULL,'',4,310,0,'0000-00-00 00:00:00','2015-05-22 15:29:00'),(277,'2014-05-29','Programar charlas de NSN','Se realizo una reunión con la profesora Lyda Morales para evaluar el tema de aula abierta, así mismo se agendo una charla de internet seguro para los grados cuartos con las profesora','Confirmación de charlas de NSN',NULL,NULL,NULL,'',4,132,0,'0000-00-00 00:00:00','2015-05-22 15:29:00'),(278,'2014-07-15','Seguimiento','Entrega de constancias de participación en el taller de Gobierno en Linea. Se reciben los dispositivos del kit de inclusión prestados por el programa (se encuentran en buen estado)','Prestarles nuevamente los dispositivos. Envio de fotos de la entrega de constancias',NULL,NULL,NULL,'',4,192,0,'0000-00-00 00:00:00','2015-05-22 15:29:00'),(279,'2014-03-19','Seguimiento kit de inclusión','Reunión para el seguimiento del uso y apropiación del kit por parte de la comunidad universitaria. Se evidenció que los estudiantes, trabajadores, docentes y personal administrativo tienen conocimiento de la existencia de estos dispositivos ya que se encuentra instalado a la entrada de la biblioteca, aún así, sólo un docente en situación de discapacidad física es el único que lo ha utilizado. ','Gestionar estudiantes beneficiarios de PP para dinamizar el uso del kit','20140319_142117.jpg','20140319_145936.jpg',NULL,'uploads/meeting/meeting_adjunct',4,411,0,'0000-00-00 00:00:00','2015-05-22 15:29:00'),(280,'2014-07-08','Seguimiento y capacitación kit de inclusión','Sensibilización sobre el kit de inclusión digital a la docente Patricia Zapata, que es la nueva persona encargada de este. Se reconocieron cada uno de los dispositivos, conectándolos y probando cada uno para conocer mejor su funcionamiento.La docente manifestaba a lo largo de la sensibilización que este kit se podría aprovechar mejor con estudiantes de primaria, por lo tanto queda pendiente presentarle esta sugerencia al rector para hacer el traslado a la otra sede.El kit no tenía en su interior el software de Tecnoayudas, solamente se encontraba hablando con July. Por esta razón queda pendiente indagar con la docente anterior sobre su ubicación.La docente manifiesta interés en trabajar y aprovechar el kit de inclusión y luego del traslado se comprometió a solicitar a Mesa de Ayuda la instalación del software en los portátiles disponibles ya que la sala de informática tiene colegio en la nube.','Trasladar kit de inclusión a la sede de primaria.Solicitud a Mesa de ayuda de instalación del software de tecnoayudas.','Seguimiento_y_capacitacion_kit_de_inclusion_4','Seguimiento_y_capacitacion_kit_de_inclusion_7','Seguimiento_y_capacitacion_kit_de_inclusion_9','uploads/meeting/meeting_adjunct',4,281,0,'0000-00-00 00:00:00','2015-05-22 15:29:00'),(281,'2014-03-19','Seguimiento kit de inclusión','Seguimiento al uso y apropiación del kit por parte de la comunidad universitaria. Hasta el momento es usado para el servicio de consulta libre para estudiantes con discapacidad. La mayoría de los dispositivos estan en la sede de Boston.','Sistematización del uso del kit.Planeación de actividades concretas para personas en situación de discapacidad.','20140319_155814.jpg','20140319_160238.jpg',NULL,'uploads/meeting/meeting_adjunct',4,412,0,'0000-00-00 00:00:00','2015-05-22 15:29:00'),(282,'2014-07-09','Cierre procesos primer semestre','Reunión con la coordinadora para exponerle que se pueden continuar procesos a partir de agosto, ella expresa que la comunidad está muy pendiente de poder seguir en estos procesos.','Iniciar nuevos talleres con la comunidad',NULL,NULL,NULL,'',4,402,0,'0000-00-00 00:00:00','2015-05-22 15:29:00'),(283,'2014-03-20','Seguimiento kit de inclusión','Reunión de seguimiento al uso y apropiación del kit de inclusión por parte de la comunidad educativa y aledaña al sitio. Se encontró que en ocasiones usan el software con primaria y sexto para actividades lúdicas en diferentes materias. Solicitan una jornada de capacitación con Tecnoayudas para los docentes. Requieren instalación de software Jaws, Mekanta y Songr, porque son los programas que requieren las personas de Corpani.','Ninguna.',NULL,NULL,NULL,'',4,275,0,'0000-00-00 00:00:00','2015-05-22 15:29:00'),(284,'2014-03-20','Seguimiento kit de inclusión','Reunión de seguimiento al uso y apropiación del kit de inclusión. Esta biblioteca se ha destacado por sus propuestas de inclusión y tiene muy buena experiencia en el manejo del kit, principalmente con el programa otras formas de leer y escribir\"\", el cual lo enfocan en el manejo de las TIC, en este espacio las personas con discapacidad aprenden a manejar hardware y software a partir de herramientas básicas, informática básica y juegos accesibles. Aún así, los invidentes requieren la instalación del Jaws, porque no se sienten cómodos con el programa del kit.\"','Sistematizar su experiencia con el uso del kit.',NULL,NULL,NULL,'',4,268,0,'0000-00-00 00:00:00','2015-05-22 15:29:00'),(285,'2014-03-20','Seguimiento kit de inclusión','Reunión con el docente encargado del kit para conocer los usos y apropiación de éste por parte de la comunidad educativa y aledaña. El docente se encuentra elaborando un programa de experiencias integradoras con niños y padres de familia usando algunas programas del software.','Una vez lista la propuesta, articular acciones con el programa para llevarla a cabo.',NULL,NULL,NULL,'',4,413,0,'0000-00-00 00:00:00','2015-05-22 15:29:00'),(286,'2014-07-10','Seguimiento kit de inclusión','Acompañamiento a la clase con la docente del aula de apoyo y un grupo de cinco estudiantes de primaria. La herramienta que más usan del kit es el software, para ello tienen dos portátiles en los que trabajan estudiantes de prescolar, primero y segundo grado, los programas que más usan son los juegos y los cuentos. La única dificultad que han tenido es que los portátiles tienen poco volumen y las estudiantes casi no escuchan, este problema se está solucionando con unos parlantes que los directivos asignaron con este fin.El trabajo con el kit se viene realizando durante una hora, tres días a la semana y las estudiantes que lo usan en su mayoría tienen discapacidades  cognitivas: síndrome down, mutismo selectivo, problemas de lenguaje y TDAH (trastorno por deficit de atención con hiperactividad), discapacidad auditiva (implante coclear).En general se ve un buen uso del kit, las estudiantes se ven apropiadas de los juegos, saben como manejarlos correctamente y se nota que los difrutan la docente hace un buen acompañamiento al guiar la selección de los juegos, resolver dudas, aprovechar los componentes de los juegos y cuentos para preguntarles conceptos y hacer relaciones.','Queda pendiente que la docente aproveche más el uso de los dispositivos, sobre todo los teclados y los mouse.','seguimiento_kit_1.JPG','seguimiento_kit_2.JPG','seguimiento_kit_3.JPG','uploads/meeting/meeting_adjunct',4,225,0,'0000-00-00 00:00:00','2015-05-22 15:29:00'),(287,'2014-07-10','Cierre de procesos primer semestre','Reunión con el rector para tener continuidad con los procesos de formación con la comunidad en general y la facilitadora de PP Vanessa Taborda a partir de agosto.','Ninguno',NULL,NULL,NULL,'',4,225,0,'0000-00-00 00:00:00','2015-05-22 15:29:00'),(288,'2014-03-21','Seguimiento kit de inclusión','Reunión con la coordinadora del sitio para conocer el uso del kit por parte de la comunidad educativa. Se evidenció un muy buen manejo y proceso de apropiación de estas herramientas por parte de los docentes y estudiantes, siendo un sitio modelo\"\" a la hora de utilizarlas. Están en una fase de caracterización de saberes previos de los estudiantes utilizando los implementos del kit. El grupo de la docente del taller de hábitos de trabajo es el que mas uso tiene del kit. Utilizan mucho los pulsadores, el soporte, los mouse trackball, software de imágenes y pictogramas, los programas de NEE,  juegos de aprendizaje y el software de reconocimiento facial.\"','Sistematizar sus experiencias para dar a conocer el uso óptimo del kit a diferentes instituciones.','20140321_101136.jpg',NULL,NULL,'uploads/meeting/meeting_adjunct',4,444,0,'0000-00-00 00:00:00','2015-05-22 15:29:00'),(289,'2014-07-10','Actividades de 2014','Reunión con el rector y con la bibliotecaria para mirar el acompañamiento a realizar durante el presente año.','En la primera parte del semestre se realizaran dos charlas sobre gobierno en línea con estudiantes de once grado y durante el segundo semestre se realizará un taller sobre narrativas con un docente y un grupo de la institución educativa que trabaja sobre temas audiovisuales.',NULL,NULL,NULL,'',2,229,0,'0000-00-00 00:00:00','2015-05-22 15:29:00'),(290,'2014-05-21','Seguimiento','Reunion para definir algunas actividades con las estudiantes durante el segundo semestre.','N',NULL,NULL,NULL,'',4,309,0,'0000-00-00 00:00:00','2015-05-22 15:29:00'),(291,'2014-05-21','Seguimiento','Seguimiento al aula abierta de la IE, asiste Juan Camilo Perez para hablar con la docente sobre las posibles actividades a realizar en el segundo semestre del año.','N',NULL,NULL,NULL,'',4,325,0,'0000-00-00 00:00:00','2015-05-22 15:29:00'),(292,'2014-05-28','Seguimiento','La sala ha venido presentando varios inconvenientes este año, se hace seguimiento telefónico a través de Sami, dicen que hay una interrupción del servicio por las constantes tormentas de la zona. Se le explica esta version al docente confirmando que lo van a solucionar lo mas rápido posible.','N',NULL,NULL,NULL,'',4,434,0,'0000-00-00 00:00:00','2015-05-22 15:29:00'),(293,'2014-03-21','Seguimiento kit de inclusión','Reunión de seguimiento al kit de inclusión de la biblioteca para conocer su nivel de uso y apropiación por parte de la comunidad. Se evidención que el kit se presta bajo supervisión. Los teclados y mouse son los mas usados. Personas de baja visión utilizan la lupa y el software narrador. A veces utilizan los equipos para entretenimiento y asuntos de trabajo. El teclado multicolor fue utilizado con niños para lecto-escritura. Requieren otra capacitación sobre el software y el trato con las personas en situación de discapacidad con Tecnoayudas. ','Gestionar una nueva capacitación con Tecnoayudas.',NULL,NULL,NULL,'',4,453,0,'0000-00-00 00:00:00','2015-05-22 15:29:00'),(294,'2014-07-15','Presentación de la agente dinamizadora y gesti','En esta reunión se presenta la agente dinamizadora, se recolectan los datos del nuevo rector que asume el cargo en esta institución educativa, se gestiona el espacio para dictar una charla planeada con la antigua rectora. ','Para el segundo semestre se realizarán charlas con los grados décimo y once de la institución educativa. ','IE_Luis_Lopez_de_Mesa_Empalme_Comuna_7_Julio.',NULL,NULL,'uploads/meeting/meeting_adjunct',2,418,0,'0000-00-00 00:00:00','2015-05-22 15:29:00'),(295,'2014-05-28','Seguimiento','Reunion con Rosa Lopez para hacer seguimiento al kit de inclusion.','N',NULL,NULL,NULL,'',4,290,0,'0000-00-00 00:00:00','2015-05-22 15:29:00'),(296,'2014-03-27','Empalme ','Reunión para comenzar a planificar los procesos de articulación entre la institución y el programa, teniendo en cuenta que Nuevo Occidente es un sector para priorizar. Hay buena disposición de trabajo, pero muy pocos espacios disponibles en la sala de sistemas, lo que dificultaría el desarrollo de procesos de formación.','Hacer una convocatoria pública para un curso de alfabetización digital.',NULL,NULL,NULL,'',2,405,0,'0000-00-00 00:00:00','2015-05-22 15:29:00'),(297,'2014-05-28','Programar charlas de NSN','Se visito el centro educativo y se reprogramó la charla de navegar sin naufragar para la semana siguiente.','Programar taller de manejo del tablero digital',NULL,NULL,NULL,'',4,139,0,'0000-00-00 00:00:00','2015-05-22 15:29:00'),(298,'2014-06-03','Seguimiento','Reunión con la docente para acordar taller Conéctate con ellos, la docente se muestra receptiva e informa que en el centro educativo están haciendo aula abierta con el Pascual Bravo los sábados, se analiza la posibilidad de que apoyemos esta actividad durante estos dos meses.','Ninguno',NULL,NULL,NULL,'',4,432,0,'0000-00-00 00:00:00','2015-05-22 15:29:00'),(299,'2014-05-27','Programar taller de GEL jóvenes','Reunión con la rectora y la profe enlace de la institución para presentarle la propuesta de acompañamiento. Se acuerda el taller de gobierno en línea para jóvenes, estudiantes de 10° y 11°','Envío de oferta de intervención y propuesta de fechas de los talleres de gobierno en línea para estudiantes',NULL,NULL,NULL,'',4,330,0,'0000-00-00 00:00:00','2015-05-22 15:29:00'),(301,'2014-05-28','Seguimiento aula abierta','Reunión para presentar la propuesta de acompañamiento por parte del programa. Se ofrece el taller de GL para jóvenes de 10° y 11°. Solicitan una charla de tablero digital y manejo de tablet para docentes; se acuerda que solo para 5 docentes.Continúan con el aula abierta, el viernes 30 de mayo se gradúan 10 padres de familia','Se le envían opalinas para la impresión de los certificados.',NULL,NULL,NULL,'',4,340,0,'0000-00-00 00:00:00','2015-05-22 15:29:00'),(302,'2014-05-28','Seguimiento kit de inclusión','Seguimiento al kit de inclusión digital. Tienen un equipo con los dispotivos conectados, no lo ponen en la aula de informática, por el tipo de población que acude allí (porque son inquietos).Actividad con personas en situación de discapacidad dos veces a la semana miércoles de 10: 00 a 12:00 y jueves de 2:00 a 4:00 pm (alfabetización digital)','Continuar con el acompañamiento',NULL,NULL,NULL,'',4,196,0,'0000-00-00 00:00:00','2015-05-22 15:29:00'),(303,'2014-05-27','Seguimiento aula abierta','Se realizo una reunión con el coordinador para hablar del aula abierta, quien se noto muy interesado en volver a desarrollar aula abierta, sin embargo dice que se debe buscar un estudiante de pp que colabore con este proceso, por otro lado se pretende agendar charlas Navegar sin Naufragar para los grados cuartos y quintos.','Se tiene agendada otra reunión para hacer el cronograma de actividades.',NULL,NULL,NULL,'',4,357,0,'0000-00-00 00:00:00','2015-05-22 15:29:00'),(304,'2014-05-22','Solución de situación puntual','Con el apoyo de la Practicante Lesly pudimos solucionar una problemática con unas chicas que no obedece a los funcionarios del sitio y bebían líquidos sobre los PC, de hecho una de las chicas de la rabia tiró un café que afortunadamente no cayó sobre el PC.La practicante queda con la directriz de realizar un trabajo educativo con la cantidad de niños que asisten insistiendo en la apropiación de la información que apoye a punto y que los niños en dado momento pueden ayudar a otros usuarios.','Hacer seguimiento a las chicas del inconveniente',NULL,NULL,NULL,'',4,438,0,'0000-00-00 00:00:00','2015-05-22 15:29:00'),(305,'2014-05-29','Seguimiento aula abierta','se realizo una reunión con el docente encargado para hablar acerca de aula abierta.','Continuar con el acompañamiento','Seguimiento.jpg',NULL,NULL,'uploads/meeting/meeting_adjunct',4,134,0,'0000-00-00 00:00:00','2015-05-22 15:29:00'),(306,'2014-05-29','Programar charlas de NSN','Reunión para agendar charlas para los niños.','Confirmación de fechas',NULL,NULL,NULL,'',4,195,0,'0000-00-00 00:00:00','2015-05-22 15:29:00'),(307,'2014-05-29','Seguimiento kit de inclusión','Se realizó seguimiento al kit de inclusión.','Programar sensibilización kit de inclusión digital',NULL,NULL,NULL,'',4,140,0,'0000-00-00 00:00:00','2015-05-22 15:29:00'),(308,'2014-05-29','Presentación de la agente dinamizadora y gesti','El Agente Dinamizador Alejandro Marín presenta a la nueva Agente Mónica Castañeda, se realizan preguntas sobre los procesos de formación que se han llevado a cabo durante el año, ella comenta que el Aula Abierta ha estado suspendida y que no se han realizado más capacitaciones en la sala de Medellín Digital, Socorro Vergara la rectora informa que entregará el cargo puesto que se va a jubilar y deja encargada a la coordinadora de llevar a cabo los procesos.','Se planean talleres de gobierno en línea con los grados décimo y once de la institución educativa para el mes de julio.Se recomienda llamar a la coordinadora para concertar los espacios y separar las horas de trabajo puesto que para estas fechas asumirá su cargo el nuevo Rector.',NULL,NULL,NULL,'',2,418,0,'0000-00-00 00:00:00','2015-05-22 15:29:00'),(309,'2014-05-29','Programar charlas de NSN','Reunión para agendar charlas para los niños.','Confirmación de la charla',NULL,NULL,NULL,'',4,210,0,'0000-00-00 00:00:00','2015-05-22 15:29:00'),(310,'2014-06-03','Seguimiento Kit','Reunión con la docente para acordar charla de internet seguro con los chicos. También se hace seguimiento al kit de inclusión digital. El segundo kit está casi listo y adecuado para la comunidad y será abierto al uso en las mañanas.','N',NULL,NULL,NULL,'',4,425,0,'0000-00-00 00:00:00','2015-05-22 15:29:00'),(311,'2014-04-22','Reunión exploratoria de actividades','Esta IE ha sido muy poco receptiva frente a nuestro trabajo este año se realizará el último esfuerzo para trabajar allí.Se realiza la visita para programar actividades y el coordinador no se ocupa de nosotros la rectora no se encontraba, decidimos buscar a la docente Ángela Londoño quién ha demostrado tener mayor disponibilidad de trabajo. Nos informan que ella ahora trabaja en una de las sedes. Nos dirigimos allí para conversar con ella, está incapacitada, intentamos por mail y celular y nunca fue posible la comunicación con ella.','Intervenir en el segundo semestre',NULL,NULL,NULL,'',4,315,0,'0000-00-00 00:00:00','2015-05-22 15:29:00'),(312,'2014-06-03','Seguimiento','El coordinador informa que la convocatoria para iniciar el curso, aún no es suficiente que se debe extender una semana más. Se realiza la gestión del espacio en la biblioteca. ','N',NULL,NULL,NULL,'',4,173,0,'0000-00-00 00:00:00','2015-05-22 15:29:00'),(313,'2014-05-27','Reunión exploratoria de actividades','En esta reunión se socializa con el profesor recién encargado del proyecto de informática los objetivos que persigue el programa y cómo podemos apoyarlos en la IE.Temas:Aula abierta. El docente está dispuesto a realizar un espacio con los padres de familia de la comunidad educativa, consultando previamente con la rectora quien recalca que el docente debe saber que es a mérito propio y no es remunerable.Programamos una charla con jóvenes lideres y que reproducirán la información en la IE sobre Gobierno en línea para el 9 de Julio de 10.30 a 12 m','Concretar el Aula Abierta.',NULL,NULL,NULL,'',4,316,0,'0000-00-00 00:00:00','2015-05-22 15:29:00'),(314,'2014-02-20','Contacto inicial para actividades','Este sitio ingresa este año cómo uno de los sitios nuevos conectados en la ciudad. En este parque se instalará punto de navegación con 4 equipos y cómo sitio público en la plazoleta beneficiando a la instituciones cercanas y a la comunidad de esta zona de la ciudad.Se realiza la primera reunión en diciembre del año pasado y se continúa este año para realizar actividades que promuevan y divulguen los beneficios de este servicio que tendrá el parque.Se abordó el tema de realizar un trabajo de promoción previo a la instalación del servicio entre ellos socializar la propuesta con los líderes zonales.','Se programa reunión con líderes para el 24 de febrero','IMG_201411220_WA0000.jpg',NULL,NULL,'uploads/meeting/meeting_adjunct',2,318,0,'0000-00-00 00:00:00','2015-05-22 15:29:00'),(315,'2014-02-24','Reunión con lideres','La reunión se realiza con los líderes de la comunidad impactada por el proyecto a quienes se socializa la propuesta del punto de navegación y del wifi libre con que contarán próximamente.Esta reunión es acompañada por Biviana Arango quién de forma detallada les explica a los asistentes el rango de operación técnica del servicio y las ventajas que tienen con esta conexión.Se les comenta las posibles rutas de intervención que podemos tener tales cómo cursos de alfabetización digital, charlas de manejo de celulares entre otros.Se les pide el especial favor del registro de uso de los equipos, de ayudarnos con el cuidado de los equipos y que la comunidad le de el mayor beneficio.','Mantenerlos al tanto a través de la comunicadora de la llegada de los equipos. ',NULL,NULL,NULL,'',3,318,0,'0000-00-00 00:00:00','2015-05-22 15:29:00'),(316,'2014-03-21','Gestion con aliadas','Reunión con el comité de sostenibilidad de la cámara de comercio de Arvi con empresarios de santa Elena, para presentar el programa a los comerciantes de la zona.','Nueva reunión con los practicantes.',NULL,NULL,NULL,'',3,317,0,'0000-00-00 00:00:00','2015-05-22 15:29:00'),(317,'2014-02-26','Informe PC con internet','Se informa a los funcionarios y a la comunidad que el servicio de punto de navegación y wifi libre esta habilitado para el disfrute ciudadano.Se hace acompañamiento en la prueba de la velocidad y de la usabilidad técnica de la herramienta.','Continuar con las pruebas para verificar que funcione bien',NULL,NULL,NULL,'',4,318,0,'0000-00-00 00:00:00','2015-05-22 15:29:00'),(318,'2014-04-08','Presentación y empalme ','Presentación de la nueva agente dinamizadora y empalme de los procesos que se vienen realizando en la institución educativa, se desarrolla la presentación del programa a los asistentes del curso por parte de la agente dinamizadora Rosa Pérez, además de la preinscripción de los asistentes a este. ','Acompañar el aula abierta una mes al mes.Enviar la totalidad de los contenidos del curso.Enviar las fotos tomadas ese día.','IE_Fe_y_Alegria_Villa_de_la_Candelaria_Alfabe',NULL,NULL,'uploads/meeting/meeting_adjunct',2,409,0,'0000-00-00 00:00:00','2015-05-22 15:29:00'),(319,'2014-04-29','Reunión de seguimiento y planificación de ac','Se visita la sede para verificar el uso de los equipos y verificar un AP que está por fuera de unas láminas y corre el peligro de ser hurtado, se solicita por medio escrito y presencial hacer la gestión para poner el AP encima de las láminas.Por otro lado, este mes se ha acompañado el sitio con la presencia de la practicante Lesly Amparo ayudando a los usuarios con creación de correos electrónicos y trámites en línea.','Seguimiento a la gestión de la ubicación del AP',NULL,NULL,NULL,'',4,318,0,'0000-00-00 00:00:00','2015-05-22 15:29:00'),(320,'2014-07-10','Planeación Charla GEL en la institución','Se programó una charla con los grados 11° sobre Gobierno en Línea, donde se tocarían temas como ofertas de estudio y empleo, páginas de universidades y demás opciones para cuando los y las estudiantes terminen el colegio se orienten de mejor manera.','La charla se realizará el lunes 14 de julio a las 7 am.',NULL,NULL,NULL,'',4,265,0,'0000-00-00 00:00:00','2015-05-22 15:29:00'),(321,'2014-07-04','Planteamiento de actividades','En esta reunión se tocó varios temas:1. Percepción del servicio y comentarios de los usuarios. La funcionaria manifiesta que le han notificado que aveces el servicio deja de funcionar, se le aconseja que identifique las horas y en que equipos se conecta el usuario que no le sirve la señal.2. Palneación de aula abierta. Como tal no tienen lugar para realizarla, se le pide que gestione una en la facultad de medicina o en una entidad aliada para trabajar con la población adulto mayor que atienden.3 identificar unos chicos para darles una charla de NSN.4. Capacitación de los estudiantes de Jóvenes por la vida para que trabajen trámites en línea en el punto.','Estar pendientes de esta gestión',NULL,NULL,NULL,'',4,318,0,'0000-00-00 00:00:00','2015-05-22 15:29:00'),(322,'2014-07-11','Cierre de procesos primer semestre','Reunión con el equipo de coordinación de la Unidad Permanente de Justicia para mirar cuando se podría terminar el taller de herramientas web 2.0 que se estaba realizando, las dos sesiones que faltan se darán en agosto.En esta también se mencionó que los equipos y muebles fueron retirados para ser repotenciados y para actualizar la imagen corporativa del programa.Otro asunto a tratar fue la capacitación a otros funcionarios de la UPJ, se llegó al acuerdo que esta sería apartir del mes de agosto que es cuando reiniciamos procesos.','Terminar el taller de herramientas web 2.0 con el equipo de coordinación.Continuar con el acompañamiento al punto de navegación.Realizar procesos de formación en TIC con otros funcionarios de la UPJ.',NULL,NULL,NULL,'',4,288,0,'0000-00-00 00:00:00','2015-05-22 15:29:00'),(323,'2014-01-28','Reunión de planeación de actividades','Se realizó una reunión con la coordinadora de la Casa de la Cultura para mirar de qué manera el programa y la Casa de la Cultura iban a continuar este año. ','Quedó la tarea de programar una nueva reunión cuando se sepan las propuestas de formación del programa.',NULL,NULL,NULL,'',3,244,0,'0000-00-00 00:00:00','2015-05-22 15:29:00'),(324,'2014-01-30','Seguimiento Kit de Inclusión','Se realizó una reunión para planear las actividades que se realizaran en la IE involucrando el Kit de inclusión. Se llegó a la conclusión de que la prioridad es que los docentes se familiaricen con el Kit.','Se diseñarán por parte de la Institución unos carteles que contengan información sobre el Kit. Estos carteles serán expuestos para que las personas conozcan del Kit.',NULL,NULL,NULL,'',4,160,0,'0000-00-00 00:00:00','2015-05-22 15:29:00'),(325,'2014-01-23','Reunión de planeación de actividades','Se realizó una reunión para planear las actividades que se realizarían en conjunto desde la biblioteca y El Programa.','Se queda pendiente realizar una convocatoria para realizar un taller de GEL',NULL,NULL,NULL,'',4,179,0,'0000-00-00 00:00:00','2015-05-22 15:29:00'),(326,'2014-01-30','Gestión con aliados','A esta reunión llegaron los tres agentes de la zona con el fin de gestionar la base de datos de los estudiantes de Presupuesto Participativo y Fondo EPM, los cuales harán su labor social en los sitios que acompaña el programa. Se presenta al líder comunitario el programa y los procesos que se vienen gestando en la zona 2','El líder comunitario deberá contactar los estudiantes beneficiarios de la base de datos que este tiene y entregar esta información.Deberá enviar al correo electronico los datos de los interesados y las actas de compromiso que estos deben asumir para con los sitios en los que cumplirán la labor social.',NULL,NULL,NULL,'',3,279,0,'0000-00-00 00:00:00','2015-05-22 15:29:00'),(327,'2014-02-03','Presentación del Programa y de los funcionarios','Se realizó una reunión de presentación donde se dio a conocer el programa a el inspector y a el secretario de la Inspección.','Se quedó con el compromiso de realizar una reunión con todos y todas las funcionarias de la Inspección para que conozcan el programa Medellín Ciudad Inteligente y puedan entenderse de mejor manera con el uso del punto de navegación.',NULL,NULL,NULL,'',2,255,0,'0000-00-00 00:00:00','2015-05-22 15:29:00'),(328,'2014-01-21','Reunión de planeación de actividades','Se realizó una reunión con la coordinadora de servicios al público, para mirar que actividades podemos realizar en la biblioteca con el Programa.','Se decidió realizar una convocatoria para realizar un taller de GEL, apenas estén listos los contenidos del taller.',NULL,NULL,NULL,'',4,240,0,'0000-00-00 00:00:00','2015-05-22 15:29:00'),(329,'2014-07-02','Gestion','Cierre del proceso realizado el presente año en la IE con el rector. Se evalúan logros y dificultades para continuar la intervención en futuros contratos.','N',NULL,NULL,NULL,'',3,290,0,'0000-00-00 00:00:00','2015-05-22 15:29:00'),(330,'2014-07-30','Planeación','El objetivo de la reunión fue el de mirar los objetivos y compromisos desde los dos actores inmersos en el proceso, puesto que desde el Parque Biblioteca se planteó realizar cursos de alfabetización digital, la discusión gira entorno a la participación del programa en los procesos de formación para el sitio. Una de las conclusiones a las que se llega es, el Parque Biblioteca asumirá el proceso de Alfabetización en su parte inicial y el programa dictará el segundo nivel. ','Entregar contenidos de los procesos de formación, en especial Alfabetización Digital.Generar los espacios de capacitación a la comunidad. ',NULL,NULL,NULL,'',4,183,0,'0000-00-00 00:00:00','2015-05-22 15:29:00'),(331,'2014-02-27','Reunión de planeación de actividades','Se realizó una reunión de planeación de actividades en conjunto con la Biblioteca, entre esas actividades está la realización de un taller de Fotografía.','Se quedó con el compromiso de pasarle la propuesta de taller a la Biblioteca para de allí decidir cómo realizar la convocatoria.',NULL,NULL,NULL,'',4,180,0,'0000-00-00 00:00:00','2015-05-22 15:29:00'),(332,'2014-02-12','Reunión de planeación de actividades','Se realizó una reunión de seguimiento del Kit y  con base a la reunión del mes anterior se realizó una actividad de divulgación del Kit dentro de la Institución.','Las docentes encargadas del Kit dentro de la IE se comprometen a brindar mayor acompañamiento a los demás docentes que están intentando a el uso del Kit.',NULL,NULL,NULL,'',4,160,0,'0000-00-00 00:00:00','2015-05-22 15:29:00'),(333,'2014-01-30','Planeación','Planeación de las actividades que se llevaran a cabo durante el año, los participantes de la reunión por parte de la Biblioteca desean realizar talleres de Navegar sin Naufragar para padres de familia y algunos procesos de formación.','Entregar por parte del programa los contenidos adaptados del taller navegar sin naufragar para padres en los próximos días. Los funcionarios de la Biblioteca realizarán la convocatoria y ejecutaran el taller con los contenidos entregados por el programa. ',NULL,NULL,NULL,'',4,184,0,'0000-00-00 00:00:00','2015-05-22 15:29:00'),(334,'2014-02-12','Reunión de Empalme','Se realizó una reunión de empalme con la agente que acompañará el CEDEZO, también de pretende realizar una convocatoria con los empresarios vinculados al CEDEZO para que asistan a los cursos del Programa.','La agente que acompaña el CEDEZO se compromete a enviar los contenidos y las fechas para realizar las convocatorias para los cursos.',NULL,NULL,NULL,'',2,166,0,'0000-00-00 00:00:00','2015-05-22 15:29:00'),(335,'2014-07-02','Seguimiento','Se acuerda con la docente hacer cierre del proceso con los padres y madres de los niños. ','N',NULL,NULL,NULL,'',4,447,0,'0000-00-00 00:00:00','2015-05-22 15:29:00'),(336,'2014-01-31','Empalme','Se retoman las actividades y se evalúan las actividades realizadas el año anterior, también se plantean algunas acciones que tendrán lugar en el primer semestre del año, se propone a partir de esto abrir un aula abierta para la comunidad, por esto se inician la programación para esto.','Iniciar el proceso de convocatoria para el aula abierta.La docente deberá gestionar el espacio de tiempo y físico para llevar a cabo el proceso de formación. ',NULL,NULL,NULL,'',2,409,0,'0000-00-00 00:00:00','2015-05-22 15:29:00'),(337,'2014-02-05','Reunión de planeación de actividades','Se realizó una reunión con el docente Libardo Múnera y el Rector John Garavito con el motivo de mirar de que forma se iba a continuar el trabajo este año. El rector presentó una serie de negativas frente al trabajo con el programa. Al finalizar la reunión se quedó con el compromiso de que la IE iba a realizar una búsqueda de un estudiante que acompañara al docente Libardo en los cursos hacia la comunidad.','Realizar una búsqueda de un estudiante practicante que acompañe los procesos hacia la comunidad.',NULL,NULL,NULL,'',4,256,0,'0000-00-00 00:00:00','2015-05-22 15:29:00'),(338,'2014-07-11','Cierre de procesos primer semestre','Reunión con la persona de contacto en la Unidad Municipal de Atención y Reparación a Víctimas, para mirar las sensibilizaciones realizadas mensualmente en los CAV y la preinscripción de las personas interesadas en los procesos de formación e TIC.Alcira comenta que los coordinadores de los CAV han manifestado que estas se han desarrollado con normalidad y éxito y que las personas están pendientes de los cursos y talleres.','Realizar una reunión de empalme para comenzar procesos de formación con las personas preinscritas.',NULL,NULL,NULL,'',4,288,0,'0000-00-00 00:00:00','2015-05-22 15:29:00'),(339,'2014-03-28','Gestión de procesos','Reunión para gestionar el espacio de formación para la comunidad en la institución. Se acordó realizar un curso de alfabetización digital enfatizando principalmente en Internet, correo y trámites en línea para adultos mayores. Se tendrá el acompañamiento de algunas estudiantes alfabetizadoras durante el proceso.','Realizar la convocatoria a la comunidad.Realizar la capacitación a las estudiantes alfabetizadoras que acompañarán el curso.',NULL,NULL,NULL,'',3,410,0,'0000-00-00 00:00:00','2015-05-22 15:29:00'),(340,'2014-02-04','Reunión de planeación de actividades','Se realizó una reunión con la docente Marcela Zapata para planear las actividades que se realizarían este año. La docente era quien coordinaba el proceso de Aula Abierta en la IE, pero hace unos meses dejó de hacerlo debido a que adquirió otras responsabilidades y la IE le descargó todas las responsabilidades de  ese proceso en ella, por lo que la docente decidió no continuar con el proceso.','Se menciona la posibilidad de que varios egresados de la IE retomen el Aula Abierta, la docente queda con la labor de gestionar las posibilidades.',NULL,NULL,NULL,'',4,239,0,'0000-00-00 00:00:00','2015-05-22 15:29:00'),(341,'2014-07-11','Cierre de procesos primer semestre','Reunión con Erika Meléndez y otra compañera del programa de responsabilidad social educativa de   la secretaría de gobierno para mirar el acompañamiento realizado en el primer semestre.Algunos de los chicos y chicas del Fondo EPM y PP acompañaron puntos de navegación, se espera que el otro semestre se inicien los procesos de formación ya que esta actividad los motiva mucho más.','Retomar contacto con los chicos y chicas del programa para iniciar procesos de formación.',NULL,NULL,NULL,'',4,288,0,'0000-00-00 00:00:00','2015-05-22 15:29:00'),(342,'2014-03-12','Reunión de planeación de actividades','Se realizó una reunión con la docente Marcela Zapata, la docente solicita apoyo del programa debido a que se está organizando un colectivo de medios en la IE, y ella necesita apoyo para la construcción de la página web de la IE.','Se planea realizar una reunión con los estudiantes interesados en el colectivo de medios.',NULL,NULL,NULL,'',4,239,0,'0000-00-00 00:00:00','2015-05-22 15:29:00'),(343,'2014-03-13','Aula abierta','Se realizó una reunión con al rectora de la IE, para mirar las estrategias que se llevarán en conjunto con el programa, especialmente el tema de Aula Abierta.','Se realizará una convocatoria con padres y madres de familia para iniciar el proceso de Aula abierta de este año. ',NULL,NULL,NULL,'',4,149,0,'0000-00-00 00:00:00','2015-05-22 15:29:00'),(344,'2014-03-11','Presentación del programa y planeación','Se realizó la presentación del programa y se identificaron posibles alianzas con el Telecentro, inicialmente se pretende realizar un acercamiento con formación hacia las mujeres que hacen parte del Telecentro, sin embargo es necesario mirar los horarios de disponibilidad de estas personas ya que poseen varias ocupaciones. ','Se realizará una encuesta diagnostico sobre la cual se pretenden proponer actividades para el Telecentro.',NULL,NULL,NULL,'',2,199,0,'0000-00-00 00:00:00','2015-05-22 15:29:00'),(345,'2014-01-31','Empalme','Se evalúan las actividades realizadas el año pasado y plantean los procesos que se gestarán este año. El docente continuará con el Aula Abierta acompañada por el programa, además se plantea generar un espacio con estudiantes con el fin de construir el periódico digital de la institución educativa','Realizar la convocatoria y la inscripción de las personas para iniciar el curso.Realizar una nueva reunión para concretar el periódico digital.',NULL,NULL,NULL,'',2,410,0,'0000-00-00 00:00:00','2015-05-22 15:29:00'),(346,'2014-03-06','Reunión de planeación de actividades','Se realizó una reunión con la persona contacto de la IE Adriana Castrillon con el fin de planear las actividades que se realizaran este año.Se planea seguir realizando actividades periódicas que apoyen el uso del Kit en la IE.','Se realizará una charla de Internet Seguro con algunos docentes de la IE y Estudiantes.',NULL,NULL,NULL,'',4,157,0,'0000-00-00 00:00:00','2015-05-22 15:29:00'),(347,'2014-03-21','Seguimiento Kit de Inclusión','Se realizó visita de seguimiento al Kit de inclusión digital. El Kit es usado por la IE, sin embargo aún algunos docentes y estudiantes no saben de él.','Hacer más divulgación del Kit.',NULL,NULL,NULL,'',4,160,0,'0000-00-00 00:00:00','2015-05-22 15:29:00'),(352,'2014-11-18','Gestión de procesos de formación','Se realizó una reunión con las docentes para programar los procesos de formación para el próximo año.','Programar una nueva reunión el próximo año.','INEM_Guillermo_Echavarria_Reunion.JPG',NULL,NULL,'uploads/meeting/meeting_adjunct',4,342,15,'0000-00-00 00:00:00','2015-05-22 15:29:00'),(353,'2014-11-18','Gestión Aula Abierta','Se realizó una reunión con el coordinador de la IE para identificar la posibilidad de iniciar nuevamente con el aula abierta en la IE, se obtuvo una buena respuesta, la idea es apoyarnos de estudiantes de pp y/o alfabetizadores que dicten los procesos de formación a la comunidad.','Agendar reunión próximo año para hacer el cronograma de los procesos de formación.','IE_Monsenor_Victor_Wiedemann_Reunion.jpg',NULL,NULL,'uploads/meeting/meeting_adjunct',4,132,15,'0000-00-00 00:00:00','2015-05-22 15:29:00'),(354,'2014-11-19','Planeacion de actividades 2015','Se planeó con la coordinación académica de la institución educativa procesos de formación con padres de familia y estudiantes de grados cuarto, quinto, décimo, undécimo.','26 de febrero: Charla de Navegar sin Naufragar con Padres de familia 6:00 pm\r\n2 de marzo:  Charla de Gobierno en línea con grados 10 y 11 11:00 am\r\n2 de marzo:   Charla de Navegar sin Naufragar  con grados 4 y 5   1:00 pm\r\n','20141119_094947.jpg',NULL,NULL,'uploads/meeting/meeting_adjunct',4,347,38,'0000-00-00 00:00:00','2015-05-22 15:29:00'),(355,'2014-11-18','Reunión de seguimiento y plantación ','Se realizó reunión de seguimiento a las actividades que se planearon con los emprendedores que finalizaron el taller de mercadeo digital','entrega y firma de certificados \r\nprogramar taller de pagina web con emprendedores','2014_11_18_16_27_16.jpg',NULL,NULL,'uploads/meeting/meeting_adjunct',4,176,14,'0000-00-00 00:00:00','2015-05-22 15:29:00'),(356,'2014-11-19','Reunión de planeación ','Reunión de seguimiento con Daniel Rozo Coordinador se trataron temas sobre la reserva y préstamo de la sala. adicional sobre los procesos de formación que realiza el parque biblioteca.','Se quedo pendiente la reunión para el próximo lunes 24 de noviembre para mirar las estrategias de acompañamiento del próximo año. ','2014_11_19_16_18_50.jpg',NULL,NULL,'uploads/meeting/meeting_adjunct',4,193,14,'0000-00-00 00:00:00','2015-05-22 15:29:00'),(358,'2014-11-18','Seguimiento Punto de navegación','Se realizo una corta visita a la casa de gobierno para identificar el estado de los equipos, se encontró que los equipos estaban apagados porque no estaban ingresando a internet, se llamo a la líder de servicio quien es la persona que tiene el ticket, ella quedo de enviarlo para que desde el programa se le haga seguimiento.','Hacer seguimiento al arreglo de los equipos.','Casa_de_Gobierno_SADEP_Seguimiento_Punto_de_navegacion.jpg','','','uploads/meeting/meeting_adjunct',4,333,15,'0000-00-00 00:00:00','2015-05-22 15:29:00'),(359,'2014-11-21','Reunion INDETVO','Reunión con el grupo audiovisual de INDETVO para iniciar acompañamiento a procesos audiovisuales duarante el fin de año y 2015 y proramar ruta de trabajo y actividades concretas.','- Reunion con proyecto audiovisual para Teleantioquia\r\n- Inicio de Taller de Narrativas con actividades específicas para producción de audiovisuales para televisión\r\n- Entrega de Tareas Lunes 24 a los correos de los estudiantes','20141121_111520.jpg',NULL,NULL,'uploads/meeting/meeting_adjunct',4,346,38,'0000-00-00 00:00:00','2015-05-22 15:29:00'),(360,'2014-11-18','Seguimiento al sitio','Reunión con el dinamizador del telecentro donde se programo las actividades de formación con el grupo de adultos mayores. se realizara una sesión de dispositivos movil y se dara inicio al taller de gobierno en linea con la comunidad. quedo pendiente programar una reunión con las personas en situación de discapacidad.','se realizara una sesión de dispositivos movil y se dara inicio al taller de gobierno en linea con la comunidad. quedo pendiente programar una reunión con las personas en situación de discapacidad.','Telecentro_altavista_reunion_de_seguimiento.jpg','Telecentro_altavista_reunion_de_seguimiento_2.jpg',NULL,'uploads/meeting/meeting_adjunct',4,209,12,'0000-00-00 00:00:00','2015-05-22 15:29:00'),(361,'2014-11-18','Seguimiento al sitio ','Se realizó acompañamiento a la conexión del sitio y se hablo con una de las usuarias que frecuentan conectarse al internet del parque de altavista','.','Parque_de_altavista_seguimiento_al_sitio.jpg',NULL,NULL,'uploads/meeting/meeting_adjunct',4,353,12,'0000-00-00 00:00:00','2015-05-22 15:29:00'),(362,'2014-11-18','Seguimiento al sitio ','Acompañamiento al punto de navegación. el servicio estaba suspendido','.','Casa_de_gobierno_altavista_seguimiento_al_punto_de_navegacion.jpg',NULL,NULL,'uploads/meeting/meeting_adjunct',4,332,12,'0000-00-00 00:00:00','2015-05-22 15:29:00'),(364,'2014-11-27','Reunion de planeacion de actividades 2015','Reunión para programar actividades y procesos de formación en el 2015, en la institución educativa existe aula abierta y se aceptó la posibilidad de iniciar procesos de formación con padres de familia\r\n','- Reunión en enero para programar inicio de procesos\r\n- Asesoria en dispositivos móviles\r\n- procesos en alfabetización digital','20141127_103416.jpg',NULL,NULL,'uploads/meeting/meeting_adjunct',4,127,38,'0000-00-00 00:00:00','2015-05-22 15:29:00'),(365,'2014-12-02','Reunión de Planeación 2015','Reunión de planificación de Trabajo conjunto con la funcionaria Olga Agudelo para programar actividades conjuntas durante el año 2015 en procesos de formación, sensibilizaciones y estrategias conjuntas.','- Sensibilización Kit de inclusión digital con funcionarios del vivero\r\n- Taller con docentes de tecnología en Navegar sin Naufragar y entrega de contenidos.\r\n- Charlas de Navegar sin Naufragar con estudiantes de grados 9\r\n- Charlas de Gobierno en Linea con estudiantes de grados 10 y 11 en los dos semestres del año\r\n- Caracterización conjunta de procesos TIC\r\n- Sensibilización con funcionarios de la UAI, docentes de apoyo y psicólogos de instituciones educativas en el tema de inclusión digital','IMG_1231.JPG',NULL,NULL,'uploads/meeting/meeting_adjunct',3,451,38,'0000-00-00 00:00:00','2015-05-22 15:29:00'),(366,'2014-12-03','Reunión de seguimiento y plantación ','Se realizó una reunión con la presidenta de la JAC y encargada del Telecentro para gestionar procesos de formación con adultos mayores. sobre manejo de dispositivos moviles y narrativas digitales para el proximo año','Programar actividades de formación para e próximo año ','CAM00028.jpg','CAM00030.jpg',NULL,'uploads/meeting/meeting_adjunct',4,456,14,'2014-12-03 14:03:38','2015-05-22 15:29:00'),(367,'2014-12-02','Gestión de procesos de formación','Se realizó una reunión con el dinamizador del Telecentro para gestionar procesos de formación con adultos mayores. se quedo con el compromiso de convocarlos para una charla de dispositivos móviles.','Realizar convocatoria de adultos mayores para charla de dispositivos móviles.','Telecentro_Los_tanques_Gestion_de_procesos_1.jpg','Telecentro_Los_tanques_Gestion_de_procesos_2.jpg',NULL,'uploads/meeting/meeting_adjunct',4,457,15,'2014-12-03 16:33:44','2015-05-22 15:29:00'),(368,'2014-12-03','Programación de actividades y informe del punto de','Me reuno con Ramón Perea para confirmar el correo de programación de actividades propuesto, él manifiesta que este año no es posible porque no han instalado la infraestrucutra necesaria  en el centro, los públicos a los que atienden ya salen a vacaciones y no planeó las actividades. Durante esta contratación se le realizó incontables llamadas y mail (ver seguidilla de mails) para concretar actividades, nunca devolvía las llamadas o correos, tanto que tuve que buscarlo personalmente. Se le solicita contestar el correo para validar que él recomienda no realizar las actividades este año. Por otra parte se le informó de la visita de conectividad realizada, que ademas no asistió a la cita, y que se debe esperar a que infraestructura les proporcione la conexión a la red eléctrica regulada.\r\n','Se le pidió responder el correo de las actividades propuestas.','IMG_20141203_144646.jpg','IMG_20141203_143936.jpg','IMG_20141203_143943.jpg','uploads/meeting/meeting_adjunct',4,297,16,'2014-12-03 16:56:00','2015-05-22 15:29:00'),(369,'2014-12-03','prueba','xxx','xxx',NULL,NULL,NULL,'',4,297,16,'2014-12-03 17:02:02','2015-05-22 15:29:00'),(370,'2014-12-04','Gestión de procesos de formación','Se realizó una reunión con la dinamizadora del telecentro Erika y su voluntario Cesar para agendar una charla de dispositivos móviles con adultos y adultos mayores, se programo para el próximo viernes 12 de diciembre. la idea es continuar con procesos de formación el próximo año.','Se agendo una charla de dispositivos móviles con adultos mayores.','Telecentro_Trinidad_Gestion_de_procesos_1.JPG','Telecentro_Trinidad_Gestion_de_procesos_2.JPG',NULL,'uploads/meeting/meeting_adjunct',4,459,15,'2014-12-05 14:08:47','2015-05-22 15:29:00'),(373,'2014-12-05','Reunión con Dinamizador de Telecentro','Reunión con el dinamizador del Telecentro para iniciar procesos de formación y planeaciónn de procesos y actividades conjuntas para el 2015.','Charla de Navegar sin Naufragar Jueves 11 de Diciembre de 10:00 a 11:00 am','20141205_092759-0.jpg',NULL,NULL,'uploads/meeting/meeting_adjunct',4,458,38,'2014-12-09 09:47:38','2015-05-22 15:29:00'),(374,'2014-12-04','Seguimiento y planeación taller de sonido ','Se realizó seguimiento al sitio y planeación de unos talleres de sonido con personas en situación de discapacidad. este taller estara liderado por el profesional de cultura digital Jorge Ocampo. quedo pendiente programar una reunión finalizando el mes de enero para poner las fechas de inicio de los talleres. ','Reunión en enero','2014_12_04_10_14_35.jpg','2014_12_04_11_19_32.jpg',NULL,'uploads/meeting/meeting_adjunct',4,193,14,'2014-12-09 11:25:53','2015-05-22 15:29:00'),(375,'2014-12-09','Reprogramación de actividades','Se canceló la charla de dispositivos móviles planeada con adultos mayores, por falta de asistencia, se reprogramó quedando pendiente confirmar la nueva fecha. \r\n','Quedo pendiente programar un taller con niños sobre las novenas de navidad','IMG_1262.JPG',NULL,NULL,'uploads/meeting/meeting_adjunct',4,457,38,'2014-12-09 16:48:14','2015-05-22 15:29:00'),(376,'2014-12-11','Convocatoria procesos de formación','Se realizó una reunión con el dinamizador del telecentro para gestionar la charla de dispositivos móviles.','Se hará una charla de dispositivos móviles el viernes 12 de diciembre.','Telecentro_San_Antonio_de_Prado_Gestion_de_procesos.jpg',NULL,NULL,'uploads/meeting/meeting_adjunct',4,210,15,'2014-12-12 08:26:17','2015-05-22 15:29:00'),(377,'2014-12-11','Convocatoria procesos de formación','Se realizó una reunión con el funcionario del sitio, Adrian, para verificar el estado de la convocatoria para la charla de dispositivos móviles.','Charla de dispositivos móviles el 12 de diciembre junto con el telecentro de San Antonio de Prado.','Biblioteca_filial_comfenalco_SADEP_Reunion.jpg',NULL,NULL,'uploads/meeting/meeting_adjunct',4,195,15,'2014-12-12 13:37:41','2015-05-22 15:29:00'),(378,'2014-12-11','Seguimiento Punto de navegación','Se realizó una reunión con el funcionario José Jaramillo, para conversar del estado de los equipos, los cuales se encuentran fuera de servicio, ya que no estan ingresando a internet.','Se quedó con el compromiso de realizar seguimiento al punto, y tratar de solucionar lo antes posible el tema de la conectividad.','Casa_de_gobierno_SADEP_Seguimiento_al_sitio.jpg',NULL,NULL,'uploads/meeting/meeting_adjunct',4,333,15,'2014-12-12 13:42:02','2015-05-22 15:29:00'),(379,'2014-12-10','Convocatoria procesos de formación','Se realizó una reunión con el dinamizador Diego para agendar procesos de formación, se logró programar para el 17 de diciembre una charla de dispositivos móviles con adultos y adultos mayores.','Se realizara una charla de dispositivos móviles el día 17 de diciembre.','Telecentro_Rosales_Programacion_de_procesos_1.jpg','Telecentro_Rosales_Seguimiento_al_sitio_2.jpg',NULL,'uploads/meeting/meeting_adjunct',4,208,15,'2014-12-12 13:47:24','2015-05-22 15:29:00'),(380,'2014-12-02','Reunión de empalme y presentación ','Se realizó la presentación del programa y de las actividades que realizamos en la Inspección. Se espera que para el próximo año se puedan realizar actividades de divulgación con la comunidad. ','Atención de una estudiante de PP al punto de navegación. ','Reunion_de_empalme_Inspeccion_de_Aranjuez.JPG','Reunion_de_empalme_Inspeccion_de_Aranjuez.JPG','Reunion_de_empalme_Inspeccion_de_Aranjuez.JPG','uploads/meeting/meeting_adjunct',2,255,21,'2014-12-12 16:26:04','2015-05-22 15:29:00'),(381,'2014-12-12','Seguimiento Punto de navegación','Se realizó seguimiento al punto de navegación, además se recogieron los registro de usuario.','Ninguno','Mascerca_Poblado_Seguimiento_punto_de_navegacion.jpg',NULL,NULL,'uploads/meeting/meeting_adjunct',4,349,15,'2014-12-12 16:59:47','2015-05-22 15:29:00'),(382,'2014-12-16','Reunión de planeación 2015','Se realizó reunión con la voluntarias de la Biblioteca para planeación de actividades en 2015, para iniciar con convocatoria de la comunidad a procesos de formación en alfabetización digital.','- Convocatoria a comunidad para curso de alfabetización digital\r\n- Gestión con el CE para el espacio de formación\r\n- Narrativas con niños\r\n- Dispositivos Móviles','Biblioteca_el_Manzanillo_Reunion_gestion_de_procesos.jpg',NULL,NULL,'uploads/meeting/meeting_adjunct',4,461,38,'2014-12-16 13:49:43','2015-05-22 15:29:00'),(383,'2014-12-15','Caracterización','Se realizó una reunión con las encargadas del lugar para realizar la caracterización de la terminal.','Programar visita técnica y procesos de formación.','Centro_Comercial_Terminal_del_sur_caracterizacion_1.jpg','Centro_Comercial_Terminal_del_sur_caracterizacion_2.jpg',NULL,'uploads/meeting/meeting_adjunct',4,460,15,'2014-12-18 08:36:43','2015-05-22 15:29:00'),(384,'2014-12-18','Entrega de certificados','Se realizó una corta reunión con el gestor del CEDEZO en donde se le entregaron los certificados que se tenian pendiente.','Iniciar otros procesos el próximo año.','Punto_de_atecnion_CEDEZO_Guayabal_Reunion_y_entrega_de_certificados.jpg',NULL,NULL,'uploads/meeting/meeting_adjunct',4,175,15,'2014-12-18 14:54:40','2015-05-22 15:29:00'),(385,'2014-12-05','Reunión planeación ','La reunión se lleva a cabo con Juliana Barrios, coordinadora del Parque Biblioteca con el fin de planear la sensibilización a los funcionarios del Kit de inclusión digital, este se planteó para el día lunes 13 de diciembre en dos tandas por la mañana. ','1. Citar a los funcionarios a la fecha estipulada.\r\n2. Tener a disposición los espacios, videobeam, computador, sonido y la maleta del Kit de Inclusión Digital','Parque_Biblioteca_Doce_de_Octubre_Seguimiento_al_sitio.jpg',NULL,NULL,'uploads/meeting/meeting_adjunct',4,453,24,'2014-12-22 11:51:48','2015-05-22 15:29:00'),(386,'2014-12-09','Presentación de la nueva funcionaria a cargo','La reunión se lleva a cabo con la nueva funcionaria encargada del sitio Adriana Ruiz, ella será la nueva coordinadora de este espacio, se plantea buscar estrategias con el fin de dar solución a la No recolección de los indicadores del punto de navegación en este espacio, para esto la agente dinamizadora se encargará de llevar el día jueves una tabla con los formatos, y estos se instalarán al lado de los computadores. ','1. La agente dinamizadora se encargará de llevar el día jueves una tabla con los formatos.\r\n2. Los funcionarios del sitio se encargarán de dinamizar la recolección de los indicadores. ','Casa_de_Justicia_Robledo_Empalme_1.jpg','Casa_de_Justicia_Robledo_Empalme_2.jpg','Casa_de_Justicia_Robledo_Empalme_3.jpg','uploads/meeting/meeting_adjunct',2,271,24,'2014-12-22 12:07:40','2015-05-22 15:29:00'),(387,'2014-12-09','Reunión nueva dinamizadora de Telecentro','Empalme con la nueva dinamizadora del Telecentro, se muestran los contenidos a trabajar durante el otro año, esta persona busca realizar varios cursos y talleres, puesto que considera que no hay casi movimiento en este espacio. ','1. Entrega de los contenidos por parte de la Agente Dinamizadora.\r\n2. Se entrega además los formatos de inscripción para las personas interesadas en los cursos y talleres. ','Telecentro_Picacho_Empalme_1.jpg','Telecentro_Picacho_Empalme_2.jpg',NULL,'uploads/meeting/meeting_adjunct',2,202,24,'2014-12-22 13:18:28','2015-05-22 15:29:00'),(388,'2015-02-02','Recolección de indicadores ','Recolección de indicadores del punto de navegación, en este día el encuentro se realiza con la coordinadora de la casa de Justicia de Robledo, en la conversación se retoman compromisos planteados anteriormente como los talleres de gobierno en línea para los funcionarios. ','Al iniciar el contrato del año 2015 se reanudarán las actividades de formación con los funcionarios y de apropiación por parte de la comunidad del punto de navegación. ','Casa_de_Justicia_Robledo_Seguimiento_al_sitio_1.jpg','Casa_de_Justicia_Robledo_Seguimiento_al_sitio_2.jpg',NULL,'uploads/meeting/meeting_adjunct',4,271,24,'2015-02-04 14:18:49','2015-05-22 15:29:00'),(389,'2015-02-02','Planeación 2015','Revisión de propuestas de cursos para los empresarios beneficiarios del espacio y planeación de agenda para el año 2015. Se abrirá un curso de Alfabetización Digital y Gobierno en Línea el día 17 de febrero de 2:00 p.m. a 4:00 p.m. ','La agente dinamizadora: Será la encargada de buscar a los gestores TIC encargados de dictar el curso.\r\nNelsón Ospina, encargado del CEDEZO  realizará la convocatoria de las personas y la búsqueda de los espacios.','Cedezo_La_Quintana_Seguimiento_al_sitio_1.jpg','Cedezo_La_Quintana_Seguimiento_al_sitio_2.jpg','Cedezo_La_Quintana_Seguimiento_al_sitio_3.jpg','uploads/meeting/meeting_adjunct',4,168,24,'2015-02-04 14:25:26','2015-05-22 15:29:00'),(390,'2015-02-02','Gestión con aliados','La reunión se lleva a cabo con los funcionarios del Parque Biblioteca y el Cedezo, con el fin de generar un curso en el que se vinculen empresarios y comunidad en general, utilizando las instalaciones del Parque Biblioteca, la certificación se realizará entre las tres entidades. ','El Parque Biblioteca acomodará los espacios para dictar los cursos y realizar la convocatoria de comunidad en general \r\nEl Cedezo será el encargado de generar la convocatoria de los empresarios ','PB_La_Quintana_Cedezo_La_Quintana_Empalme.jpg',NULL,NULL,'uploads/meeting/meeting_adjunct',3,184,24,'2015-02-04 14:39:23','2015-05-22 15:29:00'),(391,'2015-02-03','Empalme con funcionarios','Se realizó reunión con el señor Orlando Sánchez, don hernando y dos participantes más; uno en representación de la ACJ y una de la asociación de padres de familia. Se habló de las estrategias y propuestas tanto para la formación de los jóvenes que lideran el aula abierta como de la inscripción, reunión e inicio de las clases con los padres de familia. Se propuso incluir a la corporación sal y luz en al alianza del programa. Respecto a la formación de los chicos es claro que se realizará un taller de narrativas y fotografía con ellos y que se llevará a cabo una nueva reunión para revisar los contenidos que se utilizaran en las clases con los padres. Don hernando reitera la importancia de continuar fortaleciendo el componente de formación con propuestas de MDE inteligente, la ACJ y el colegio. Se hizo especial énfasis en el interés del colegio por visibilizar la experiencia tanto a nivel local con otros colegios que tal vez pudieran pilotearla en sus instalaciones como a nivel externo de la comuna, también se menciona el interés por contar con el apoyo e intercambio de experiencias con la IE Antonio Derka. ','Visitar Nuevamente la I.E para llevar a cabo reunión con los jovenes encargados del Aula abierta','Samuel_Barrientos_Empalme.jpg',NULL,NULL,'uploads/meeting/meeting_adjunct',2,230,23,'2015-02-09 08:54:10','2015-05-22 15:29:00'),(392,'2015-02-04','Empalme Coordinación ','Se conversó con la señora Pilar Marin quien es la Coordinadora académica y se mencionó el interés de la IE por retomar el proceso de aula abierta, de hecho dos de los docentes del área de informática lideran el proceso y ya hicieron un sondeo de padres inscritos. Se aclaró en qué consiste el acompañamiento y apoyo del programa y se programó una nueva reunión con los docentes encargados para definir fechas y propuestas.','Agendar nueva reunión con los docentes encargados de reactivar el aula abierta','I_E_CristobaL_Colon_Empalme.jpg',NULL,NULL,'uploads/meeting/meeting_adjunct',2,222,23,'2015-02-09 08:58:06','2015-05-22 15:29:00'),(393,'2015-02-05','Emplame nuevo funcionario','En la visita se verificó el estado de la conectividad, se recogieron indicadores, tambíen se conversó con un estudiante de la Uniminuto para mirar la posibilidad de tenerlo  como gestor Tic dado que pertenece a presupuesto participativo. Además de esto se realizó empalme con la nueva directora Claudia Castro la cual manifestó su interés por capacitar a los funcionarios en Gobierno en línea; sin embargo no se agendaron fechas aun.','agendar nueva reunión para programar capacitación con funcionarios','C_J_Villa_del_socorro_Empalme_y_seguimiento_2.jpg',NULL,NULL,'uploads/meeting/meeting_adjunct',2,242,23,'2015-02-09 09:06:15','2015-05-22 15:29:00'),(394,'2015-03-03','Reunion INDETVO','reunión con el grupo INDETVO para acompañamiento del proceso de producción de programa magazín para Teleanqitoquia, asesoría en estructura y construcción conceptual del piloto.','- revisar documentos requeridos por Teleantioquia como manual de estilo, y sugerencias hechas por el canal.\r\n- Acompañamiento al proceso de estructuración del programa y producción de contenidos','la_independencia.jpg',NULL,NULL,'uploads/meeting/meeting_adjunct',4,346,38,'2015-03-05 09:07:33','2015-05-22 15:29:00'),(395,'2015-02-24','Gestión estudiantes de pp','Se realizó la entrega del sitio de parte de Caolina Agudelo a la nueva encargada Cindy Jaramillo, se realizó una reunión con la JAL para conversar acerca de los nuevos procedimientos que se harán con los chicos de pp.','Se estableció como compromiso de parte de la JAL conseguir estudiantes de pp que puedan realizar la labor social con el programa y de parte de MDE Ciudad inteligente se quedo con el compromiso de indicar en cuales IE se necesitan los chicos y en que procesos de formación.','Mascerca_de_Belen_Reunion_JAL.jpg',NULL,NULL,'uploads/meeting/meeting_adjunct',3,438,15,'2015-03-06 12:04:41','2015-05-22 15:29:00'),(396,'2015-02-24','Entrega procesos','se realizó la entrega del sitio por parte de Carolina Agudelo a la nueva encargada Cindy Jaramillo, se converso de los procesos de formación que se iniciaran en este, para lo cual se debe hablar con la JAL y mirar que chicos se tienen disponibles.','Buscar un estudiante de pp que pueda apoyar los cursos que se iniciaran con el CEDEZO.','CEDEZO_Belen_Empalme.jpg',NULL,NULL,'uploads/meeting/meeting_adjunct',2,176,15,'2015-03-06 14:25:55','2015-05-22 15:29:00'),(397,'2015-03-03','Aula abierta','Se realizó una reunión con el coordinador de la jornada de la tarde, en donde se le hizo seguimiento al Aula abierta, además se establecieron las fechas para iniciar charlas de NSN con grados cuartos y quintos.','Se realizaran charlas de NSN con cuartos y quintos, además se realizará un seguimiento constante y regulado al aula abierta.','IE_San_Roberto_Belarmino_reunion_aula_abierta_20150303_141314.jpg','IE_San_Roberto_Belarmino_Acompanamiento_Gestor_TIC.jpg','IE_San_Roberto_Belarmino_seguimiento_aula_abierta_20150303_145442.jpg','uploads/meeting/meeting_adjunct',4,356,15,'2015-03-06 15:26:04','2015-05-22 15:29:00'),(398,'2015-03-04','Procesos de formación','Se realizó una reunión con la gestora del CEDEZO de SADEP en donde se estipularon algunas fechas para el inicio de cursos con emprendedores, que se harán con una estudiante de pp que ellos mismos contactarón.','Se quedo con el compromiso de iniciar un curso de alfabetización digital que será dictado por una estudiante de pp que apoya las labores del CEDEZO, la idea es iniciar la última semana de Marzo.','CEDEZO_SADEP_Reunion_procesos_de_formacion_20150304_092522.jpg',NULL,NULL,'uploads/meeting/meeting_adjunct',4,178,15,'2015-03-06 16:08:17','2015-05-22 15:29:00'),(399,'2015-03-04','Seguimiento Punto de navegación','Se realizó seguimiento al sitio, se habló con el funcionario encaragdo de la atención al usuario, acerca del funcionamiento del punto de navegación, además se recogieron los indicadores de gobierno y el chaleco.','Seguir realizando el seguimiento al sitio con más frecuencia, además se quedo de enviar al funcionario el formato de registro de usuario.','Casa_de_Gobierno_SADEP_seguimiento_al_sitio.jpg',NULL,NULL,'uploads/meeting/meeting_adjunct',4,333,15,'2015-03-06 16:18:01','2015-05-22 15:29:00'),(400,'2015-03-09','Reunión Coordinación de procesos 2015','Reunión para gestión de procesos con los públicos del parque biblioteca, entrega de contenidos de procesos de formación.','- revisión por parte del equipo de la biblioteca para su aprobación y revisión de pertinencia\r\n- convocatoria a público joven para procesos de formación en narrativas digitales y web 2.0\r\n- conseguir gestores TIC que acompañen procesos en alfabetización digital los días mrtes y viernes en las horas de la tarde\r\n- programación de capacitación de funcionarios de la biblioteca en gobierno en linea, y gestión con sistema de bibliotecas para multiplicar a todos los funcionarios el proceso.\r\n- enviar formatos de inscripción a cursos y de seguimiento de asistencia','PB_San_Javier.jpg',NULL,NULL,'uploads/meeting/meeting_adjunct',3,191,38,'2015-03-09 16:46:43','2015-05-22 15:29:00'),(401,'2015-03-05','Gestión de espacios','Se realizó una reunión con el gestor del CEDEZO en donde se establecieron los horarios para el curso de alfabetización digital.','Inicio de curso el próximo miércoles.','CEDEZO_San_Javier_Reunion_para_agendar_espacios.jpg',NULL,NULL,'uploads/meeting/meeting_adjunct',4,174,15,'2015-03-11 10:57:57','2015-05-22 15:29:00'),(402,'2015-03-24','Empalme Nuevo Gestor de Cultura D y TIC con funcio','Reunión de Empalme y seguimiento con funcionarios de Casa Maren ,se presenta al nuevo Gestor de cultura digital Juan Camilo y el gestor Tic que acompañara en proceso con personas en situación de discapacidad','Acompañamiento 27 Mayo En 2da feria del sitio, y poner fecha para empezar proceso en compañía del gestor Tic','Casa_Maren_Empalme.jpg',NULL,NULL,'uploads/meeting/meeting_adjunct',2,465,10,'2015-03-18 15:11:18','2015-05-22 19:48:30'),(403,'2015-03-24','Empalme Nuevo Gestor de Cultura D y TIC con funcio','Reunión de empalme con nuevo gestor de cultura digital y gestor tic para comenzar procesos en el sitio','Comenzar procesos el sábado y el lunes horarios y fechas por definir','Biblioteca_Raizal_Empalme.jpg',NULL,NULL,'uploads/meeting/meeting_adjunct',2,466,10,'2015-03-18 15:20:23','2015-05-22 19:49:21'),(404,'2015-03-18','Reunión con Dinamizadora de Telecentro','Reunión con dinamizadora de Telecentro para hacer empalme con la nueva gestora de cultura digital e iniciar procesos de formación en 2015','- Iniciar convocatoria para iniciar procesos de formación después de Semana santa, con Charla de NSN, mercadeo digital con emprendedores y narrativas digitales con adulto mayor y niños.','Telecentro_trinidad.jpg',NULL,NULL,'uploads/meeting/meeting_adjunct',2,459,38,'2015-03-18 15:24:43','2015-05-22 15:29:00'),(405,'2015-03-18','Empalme y planeación de actividades para 2015.','Se realizó la presentación del programa y de los gestores de cultura digital que acompañarán el sitio este año, los funcionarios manifestaron interés en vincularse con nosotros para llevar a cabo varios procesos que van acorde con las acciones que ellos realizarán este año; inicialmente manifestaron interés en comenzar con taller de narrativas, charlas de navegar sin naufragar, talleres para emprendedores y charlas de dispositivos móviles, para esto comenzarán haciendo las convocatorias pertinentes.','Realizar convocatorias para los talleres para emprendedores, taller de narrativas, charla de navegar sin naufragar y charla de dispositivos móviles.','Parque_Biblioteca_Guayabal_Empalme.jpg',NULL,NULL,'uploads/meeting/meeting_adjunct',2,192,43,'2015-03-19 09:20:49','2015-05-22 15:29:00'),(406,'2015-03-18','Empalme ','Se realizó la presentación del programa y de los gestores de cultura digital que acompañarán el sitio este año, se identifica que la principal necesidad en este momento es realizar divulgación de la red WIFI y del programa en la comunidad educativa, por lo cual queda como compromiso programar la divulgación e informarle a los directivos de la Institución.','Programar divulgación e informarle a la Institución.','IES_Pascual_Bravo_Belen_Empalme.jpg',NULL,NULL,'uploads/meeting/meeting_adjunct',2,560,43,'2015-03-19 14:11:55','2015-05-22 15:29:00'),(407,'2015-03-19','Empalme nuevo gestor ','Reunión de empalme con el nuevo gestor de cultura digital y los funcionarios del CEDEZO Manrique, presentación  por parte del gestor de los proceso de formación del programa y los distintas alternativas de intervención posibles en el sitio.','Darle seguimiento a los cursos y un taller de Excel avanzado para el martes 23 de marzo','IMG_20150319_WA0010.jpg',NULL,NULL,'uploads/meeting/meeting_adjunct',2,165,10,'2015-03-20 08:02:39','2015-05-22 15:29:00'),(408,'2015-03-18','Planeación de actividades','Se converso sobre las distintas actividades que se quieren realizar para este año, entre ellas articular la estrategia de Navegar sin Naufragar a las actividades que realiza la psicologa de la IE.','Realizar una charla de NSN en la IE con los grados 6. Y articular las agendas con el contenido que ya vienen adelantando en la IE respecto a Bullyng.','DSC_0566_1.jpg',NULL,NULL,'uploads/meeting/meeting_adjunct',3,507,21,'2015-03-20 16:07:41','2015-05-22 15:29:00'),(409,'2015-03-19','Empalme y planeación de actividades para 2015.','Se realizó la presentación de la nueva gestora de cultura digital que acompañará la Fundación Integrar, que atiende niños diagnosticados con algún trastorno del espectro autista, posteriormente se identificaron las principales necesidades de la Institución, entre ellas capacitar a los padres de familia en dispositivos móviles, para que puedan hacer uso de aplicaciones que fomentan el aprendizaje de sus hijos. ','Quedó como compromiso programar la reunión de sensibilización con padres de familia para iniciar el taller de dispositivos móviles orientado a suplir la necesidad específica de la población, la cual consiste en que lo padres aprendan a utilizar aplicación que promueva el aprendizaje de los niños diagnosticados con algún trastorno del espectro autista.','Fundacion_Integrar_Empalme.jpg',NULL,NULL,'uploads/meeting/meeting_adjunct',2,215,43,'2015-03-24 08:50:17','2015-05-22 15:29:00'),(410,'2015-03-19','Empalme y planeación de actividades para 2015.','Se realizó la presentación de la nueva gestora de cultura digital que acompañará la Institución Educativa, se detectaron las principales necesidades, entre las cuales están, realizar un taller con los estudiantes en situación de discapacidad que usan en Kit de inclusión digital y realizar charlas de gobierno en línea con estudiantes del grado 11°. ','Quedó como compromiso programar el taller sobre el Kit de inclusión digital y las charlas de gobierno en línea para estudiantes del grado 11°.','IE_Pedro_Octavio_Amado_Empalme.jpg',NULL,NULL,'uploads/meeting/meeting_adjunct',2,126,43,'2015-03-24 10:40:30','2015-05-22 15:29:00'),(411,'2015-03-19','Empalme y planeación de actividades para 2015.','Se realizó la presentación de la nueva gestora de cultura digital que acompañará el telecentro, se detectó que la principal necesidad en este momento es realizar un taller de narrativas con personas en situación de discapacidad y una charla de navegar sin naufragar con los niños usuarios del telecentro, se programó la charla para el Miércoles 25 de Marzo. ','Quedó como compromiso programas el taller de narrativas. ','Telecentro_Altavista_Empalme.jpg',NULL,NULL,'uploads/meeting/meeting_adjunct',2,209,43,'2015-03-24 11:10:00','2015-05-22 15:29:00'),(412,'2015-03-19','Empalme y seguimiento del sitio','Se realizó la presentación de la nueva gestora de cultura digital que acompañará la casa de gobierno y se realizó seguimiento al sitio, se habló con el funcionario encargado de la atención al usuario, acerca del funcionamiento del punto de navegación, además se recogieron los indicadores de gobierno y se entregaron las nuevas planillas.','Usar las nuevas planillas de registro de usuarios en sitio de gobierno.','Casa_de_Gobierno_Altavista_Empalme_2.jpg','Casa_de_Gobierno_Altavista_Empalme.jpg',NULL,'uploads/meeting/meeting_adjunct',2,332,43,'2015-03-24 11:28:40','2015-05-22 15:29:00'),(413,'2015-03-19','Empalme en parque Aranjuez','Visita parque Aranjuez, identificación de la conectividad a la red wifi, dinámicas de uso y apropiación del sector y posibles estrategias para dinamizar la apropiación de los usuarios. ','Generar  y aplicar estrategias de apropiación del sitio público con conexión wifi. ','aprp_aranjuez.jpg',NULL,NULL,'uploads/meeting/meeting_adjunct',2,509,41,'2015-03-24 14:18:35','2015-05-22 15:29:00'),(414,'2015-03-19','Empalme en Inspección Aranjuez','Empalme con funcionaria encargada de la Inspección Aranjuez, uso y apropiación del punto de navegación y tipo de acompañamiento para este año. ','Próxima visita para posible articulación con grupos de la tercera edad y personas en situación de discapacidad que hacen sus encuentros en la Inspección, para el uso y apropiación del punto de navegación. \r\nAsesoría en dispositivos móviles y trámites en línea para el encargado del punto. ','IMG_5842_1.JPG','IMG_5844_1.JPG',NULL,'uploads/meeting/meeting_adjunct',2,255,12,'2015-03-24 14:51:36','2015-05-22 15:29:00'),(415,'2015-03-17','Empalme Cedezo Santo Domingo','Empalme en el Cedezo con la nueva gestora en cultura digital, compromisos previamente establecidos y plan de formación y acompañamiento para este año. ','Próxima visita para definir que tipo de procesos se implementarán este año y la posibilidad de tener un gestor tic que los acompañe. ','IMG_5745_1.JPG',NULL,NULL,'uploads/meeting/meeting_adjunct',2,164,41,'2015-03-24 15:04:45','2015-05-22 15:29:00'),(416,'2015-03-17','Empalme con funcionario encargado','Presentación de la nueva gestora en cultura digital, compromisos pendientes y descentralización de la biblioteca para realizar actividades. ','Reunión para acordar acompañamiento. ','IMG_5737_1.JPG',NULL,NULL,'uploads/meeting/meeting_adjunct',2,216,41,'2015-03-24 15:17:36','2015-05-22 15:29:00'),(417,'2015-03-19','Planeación 2015','Reunión para programar procesos de formación con funcionarios, docentes y estudiantes con las instituciones aliadas al Vivero del Software, se programarón sensibilizaciones en el KIt de Inclusión, Charla de gobierno en Linea y de NSN.','- Taller Vivencial de Sensibilizaión sobre el Kit de Inclusión Digital\r\n- Charlas de NSN con las IE de la Alianza futuro Digital','Vivero_del_Software.jpg',NULL,NULL,'uploads/meeting/meeting_adjunct',3,451,38,'2015-03-25 09:40:15','2015-05-22 15:29:00'),(418,'2015-03-17','Gestión de Procesos 2015','Reunión para gestionar procesos de formación con los grupos cercanos a la biblioteca','- Convocatoria a a la JAC de la comuna 13 para procesos de formación en alfabetización Digital.',NULL,NULL,NULL,'',4,450,38,'2015-03-25 10:11:23','2015-05-22 15:29:00'),(419,'2015-03-17','Reunión Edulabs','Reunión para Gestionar estudiantes para el proceso de EDULABS','- Escoger 4 Jóvenes para Laboratorio Edulabs y  solicitar autorizaciones de sus padres para asistir al proceso\r\n- La IE se compromete a entregar refrigerio o almuerzo a los estudiantes participantes','El_Limonar.JPG',NULL,NULL,'uploads/meeting/meeting_adjunct',4,131,38,'2015-03-25 11:27:57','2015-05-22 15:29:00'),(420,'2015-03-17','Reunión Edulabs','Reunión para Gestionar estudiantes para el proceso de EDULABS','- Seleccionar los estudiantes para participar en el laboratorio\r\n- proporcionar refrigerio o almuerzo durante los días de participación',NULL,NULL,NULL,'',4,346,38,'2015-03-25 11:33:29','2015-05-22 15:29:00'),(421,'2015-03-25','Procesos de formación','Se realizó una reunión con la auxiliar de la biblioteca para iniciar con procesos de formación con las personas de la comunidad.','Enviar correo con los temas del taller de narrativas digitales y realizar una segunda reunión para evaluar la pertinencia del taller.','Biblioteca_Filial_SADEP_Gestion_de_procesos.jpg',NULL,NULL,'uploads/meeting/meeting_adjunct',4,195,15,'2015-03-25 16:46:15','2015-05-22 15:29:00'),(422,'2015-03-25','Procesos de formación','Se realizó una reunión con el dinamizador del telecentro para iniciar con procesos de formación con las personas de la comunidad.','Enviar correo con los temas del taller de narrativas digitales.','Telecentro_SADEP_Reunion_procesos_de_formacion.jpg',NULL,NULL,'uploads/meeting/meeting_adjunct',4,210,15,'2015-03-25 16:48:02','2015-05-22 15:29:00'),(423,'0000-00-00','Reunión Palabras y Calles','Encuentro con Daniel Gaviria y Lorena Carmona, técnicos en gestión cultural de la Bilioteca Tomás Carrasquilla, La Quintana, con ellos hablamos el tema de una alianza para el proceso de AULAB en Aures, puesto que ambos programas intervenimos de manera parecida el proceso, entonces decidimos converger y dar ayuda mutua en los procesos.','Crear un documento en drive para compartir los documentos y contenidos que se les den a los chicos de AULAB',NULL,NULL,NULL,'',3,184,42,'2015-03-26 14:52:26','2015-05-22 15:29:00'),(424,'2015-03-26','Empalme nuevo gestor ','Empalme y presentación  por parte del gestor de los proceso de formación del programa y los distintas alternativas de intervención posibles en el sitio.','Hacer convocatoria para Charlas NSN y Taller de narrativas.',NULL,NULL,NULL,'',2,497,10,'2015-03-27 08:05:30','2015-05-22 15:29:00'),(425,'2015-03-26','Empalme nuevo gestor ','Empalme y gestión de nuevos procesos','Taller de gobierno en línea en 2 semanas',NULL,NULL,NULL,'',2,198,10,'2015-03-27 08:08:34','2015-05-22 15:29:00'),(426,'2015-03-26','Empalme nuevo gestor ','Reunión de empalme nuevo gestor y gestión para nuevos procesos','Taller gobierno en línea en 2 semanas','Sitio_de_Gobierno_Villa_del_Socorro.jpg',NULL,NULL,'uploads/meeting/meeting_adjunct',2,242,10,'2015-03-27 08:11:07','2015-05-22 15:29:00'),(428,'2015-03-27','Empalme y gestión','Empalme y presentación  por parte del gestor de los proceso de formación del programa y los distintas alternativas de intervención posibles en el sitio.','Convocatoria a la comunidad para empezar procesos y la consecución de gestores TIC.','Casa_de_la_Lectura_Villa_Guadalupe.jpg','Casa_de_la_Lectura_Villa_Guadalupe2.jpg',NULL,'uploads/meeting/meeting_adjunct',2,463,10,'2015-03-27 15:58:26','2015-05-22 15:29:00'),(429,'2015-03-27','Empalme y gestión','Empalme y presentación  por parte del gestor de los proceso de formación del programa y los distintas alternativas de intervención posibles en el sitio.','Formación del gestor la próxima semana para articulación y certificación de los proceso del sitio.','Telecentro_Santa_Monica.jpg',NULL,NULL,'uploads/meeting/meeting_adjunct',2,468,10,'2015-03-27 16:03:21','2015-05-22 15:29:00'),(430,'0000-00-00','Reunión con Gloria Vidal','Encuentro con Gloria Vidal, líder de la comuna 7 quien nos ayuda en la búsqueda de jóvenes de PP para que cumplan la función de Gestores TIC, en dicho encuentro participaron 4 jóvenes que van a ser gestores en próximos cursos que se dictarán en Villa Flora','Gloria se encarga de avisar a los chicos el inicio de curso y de realizar la convocatoria para el mismo.','IMG_5815.JPG','IMG_5817.JPG',NULL,'uploads/meeting/meeting_adjunct',3,268,42,'2015-03-30 09:33:01','2015-05-22 15:29:00'),(431,'2015-03-25','Empalme con funcionarios','Se realizó encuentro con Ricardo Sánchez, dinamizador del telecentro para realizar empalme y pensar en posibilidades de intervención. Se conversó de apoyar los cursos de A.D en el tema de Gobierno en línea.','Realizar una nueva visita para evaluar la posibilidad de realizar charlas o un taller de narrativas con alguno de los grupos','Telecentro_Altamira_Empalme.jpg',NULL,NULL,'uploads/meeting/meeting_adjunct',2,490,23,'2015-03-30 09:43:46','2015-05-22 15:29:00'),(432,'2015-03-18','Reunión de empalme con Agente Dinamizador','Reunión con el dinamizador del telecentro para articular y planear los procesos de formación con la comunidad del sector. El funcionario tiene muy buena disposición de trabajo y se encargará de hace las respectivas convocatorias cuando se programe un curso.','Realizar una reunión con el Administrador de CIB y el agente dinamizador para agendar procesos de formación y gestionar apoyo de los estudiantes de PP para los procesos de formación.','Los_Mangos_1.jpg','Los_Mangos_2.jpg','Los_Mangos_3.jpg','uploads/meeting/meeting_adjunct',2,204,40,'2015-03-30 09:50:05','2015-05-22 15:29:00'),(433,'2015-03-27','Empalme y planeación de actividades para 2015.','Se realizó la presentación de la nueva gestora de cultura digital que acompañará la Institución Educativa, se detectaron las principales necesidades, entre las cuales está realizar procesos de formación con la comunidad (padres de familia) y realizar charlas de GEL para jóvenes, se programó charla de Gobierno en Línea con el grado 11° para el miércoles 8 de Abril.','Quedó como compromiso realizar la convocatoria a los padres de familia para iniciar proceso de formación con ellos y programar la fecha de inicio.','Institucion_Educativa_Benjamin_Herrera_Empalme.jpg','Institucion_Educativa_Benjamin_Herrera_Empalme.jpg',NULL,'uploads/meeting/meeting_adjunct',2,330,43,'2015-03-30 09:57:58','2015-05-22 15:29:00'),(434,'2015-03-27','Empalme y planeación de actividades para 2015.','Se realizó la presentación de la nueva gestora de cultura digital que acompañará la Institución Educativa, se detectaron las principales necesidades, entre las cuales está realizar charlas de gobierno en línea dirigida a los jóvenes de los grados 10° y 11°, se programó la charla para el Martes 14 de Abril.','Quedó como compromiso gestionar el espacio y los recursos para la charla de GEL.','Institucion_Educativa_Jose_Maria_Bernal_Empalme.jpg',NULL,NULL,'uploads/meeting/meeting_adjunct',2,124,43,'2015-03-30 10:12:34','2015-05-22 15:29:00'),(435,'2015-03-17','Empalme del Sitio','Reunión de empalme y seguimiento al punto de navegación. El uso es poco frecuente, pero siempre está a disposición de los usuarios. ','Buscar enlace con las corporaciones que intervienen en el sitio y gestionar Gestores TIC con estudiantes de PP.','Emplame_Centro_Diversidad_Sexual.jpg',NULL,NULL,'uploads/meeting/meeting_adjunct',2,300,40,'2015-03-30 10:17:06','2015-05-22 15:29:00'),(436,'2015-03-17','Seguimiento al Sitio','Reunión de empalme y seguimiento al punto de navegación. El uso es poco frecuente, pero siempre está a disposición de los usuarios. ','Agendar reunión con el coordinador del sitio para gestionar Gestor TIC',NULL,NULL,NULL,'',2,321,40,'2015-03-30 10:53:15','2015-05-22 15:29:00'),(437,'2015-03-18','Seguimiento kit de inclusión digital','Reunión de seguimiento al kit de inclusión digital, el cual se encuentra instalado en la sala de sistemas y en la oficina de inclusión para el uso de los estudiantes. Algunos alumnos recibirán una capacitación práctica sobre las herramientas para personas invidentes, de baja visión y con limitaciones motrices.','Ninguno','ITM_fraternidad_kitdeinclusion_2.jpg','ITM_fraternidad_kitdeinclusion_1.jpg',NULL,'uploads/meeting/meeting_adjunct',4,308,20,'2015-03-30 10:57:38','2015-05-22 15:29:00'),(438,'2015-03-17','Reunión de empalme y gestión','Reunión con el coordinador académico y el docente de informática para realizar el empalme y planear los procesos de intervención del programa en la institución.','Pactar una reunión con los coordinadores de práctica del colegio y el profesional de inclusión de MDE para articular las estudiantes con la estrategia de Gestores TIC.','CEFA_6.jpg','CEFA_10.jpg',NULL,'uploads/meeting/meeting_adjunct',2,299,17,'2015-03-30 11:29:27','2015-05-22 15:29:00'),(439,'2015-03-17','Reunión de empalme y gestión','Reunión con la dinamizadora cultural de la biblioteca para gestionar procesos de formación con el público infantil y adultos en temas de alfabetización digital, internet seguro, arte y promoción de lecto-escritura. ','Programar un próximo encuentro para comenzar a desarrollar un proceso complejo en alfabetización digital, narrativas digitales y escritura creativa.','Biblioteca_Villatina_12.jpg','Biblioteca_Villatina_4.JPG',NULL,'uploads/meeting/meeting_adjunct',2,525,17,'2015-03-30 11:36:56','2015-05-22 15:29:00'),(440,'2015-03-19','Reunión de empalme y gestión','Reunión con la directora del centro educativo para realizar el empalme y programar la actividad de día del niño en la institución. ','Queda pendiente enviar el correo oficial con toda la información detallada del evento.','CE_El_Placer.jpg',NULL,NULL,'uploads/meeting/meeting_adjunct',2,425,17,'2015-03-30 11:39:40','2015-05-22 15:29:00'),(441,'2015-03-25','Reunión de empalme y gestión','Reunión de empalme con el dinamizador del telecentro para continuar los procesos de formación en narrativas digitales y gobierno en línea con jóvenes y adultos de la comunidad.','Programar una próxima reunión con el estudiante de PP que podría ser Gestor TIC','Telecentro_San_Miguel_La_Mansion.JPG',NULL,NULL,'uploads/meeting/meeting_adjunct',2,205,17,'2015-03-30 11:46:08','2015-05-22 15:29:00'),(442,'0000-00-00','Reunión con Nelly Gil','Encuentro con Nelly Gil de la JAC de Castilla, quien nos ayuda en la comunidad a encontrar jóvenes Gestores TIC para dictar los cursos en la comuna, también se habló de un proyecto para que los jóvenes de la comuna se agrupen y formen una junta de jóvenes líderes en la comuna 5.','Los jóvenes quedaron en pensar los puntos en los que se quieren trabajar para la escuela de líderes',NULL,NULL,NULL,'',3,232,42,'2015-03-30 11:49:26','2015-05-22 15:29:00'),(443,'2015-03-26','Reunión de empalme','Reunión de empalme con la Inspectora de la 9B El Salvador, indagar sobre el funcionamiento de los equipos. Recolección de indicadores.','Ninguno',NULL,NULL,NULL,'',2,307,20,'2015-03-30 11:55:09','2015-05-22 15:29:00'),(444,'2015-03-17','Empalme del Sitio','Reunión con  el rector, la coordinadora y el docente de tecnología de la institución para agendar procesos de formación, gestores TIC Y presentar la propuesta del proyecto Edulabs e invitarlos a hacer parte de él. Se firmó el compromiso con el rector y se dejó las cartas de solicitud de permiso para los padres de familia de los niños seleccionados.','Continuar procesos de formación iniciados en el semestre anterior y la Institución se compromete a brindarles alimentación (refrigerio y almuerzo) a los estudiantes como requisito para participar el el proyecto Edulabs. ','Empalme_Sol_de_Oriente_1.jpg','Empalme_Sol_de_Oriente_2.jpg',NULL,'uploads/meeting/meeting_adjunct',2,326,40,'2015-03-30 12:08:49','2015-05-22 15:29:00'),(445,'2015-03-19','Reunión de articulación','Reunión con la coordinadora de Crecer con dignidad y el pedagogo de la Fundación Munay (sede Santa Elena), para articular procesos de formación en narrativas digitales y posteriormente en herramientas Web con los niños, niñas y jóvenes que son intervenidos por la fundación.','La Fundación queda con la tarea de enviar un correo con el consentimiento del coordinador. El programa MDE queda con el compromiso de gestionar la realización de dos talleres de narrativas digitales.\r\n','Fundacion_Munay.jpg',NULL,NULL,'uploads/meeting/meeting_adjunct',3,433,17,'2015-03-30 13:26:28','2015-05-22 15:29:00'),(446,'2015-03-17','Empalme Sitio','Reunión de empalme y seguimiento al sitio. Recolección de indicadores y planificación proceso formación','programar charla Gobierno en Línea para el Adulto Mayor','Emplame_AMAUTTA_2.jpg','Empalme_AMAUTTA_4.JPG','Empalme_AMAUTTA_3.JPG','uploads/meeting/meeting_adjunct',2,291,40,'2015-03-30 13:44:01','2015-05-22 15:29:00'),(447,'2015-03-26','Gestión Estudiantes de PP y Procesos de formación','Reunión con el administrador del Centro de Integración Barrial y Dinamizador del Telecentro para gestionar estudiantes de presupuesto participativo y alfabetizadores que apoyen los procesos de formación del programa y agendar actividades con los Microempresarios de la Fundación Golondrinas, presidentes de las organizaciones de la comuna 8 y los integrantes de Asocomunal 8.','Iniciar procesos de formación con charla de sensibilización y Gobierno en Línea en la semana del 6 al 10 de abril.','Reunion_CIB_Los_Mangos_1.jpg','Reunion_CIB_Los_Mangos_2.jpg','Reunion_CIB_Los_Mangos_3.jpg','uploads/meeting/meeting_adjunct',3,204,40,'2015-03-30 13:55:32','2015-05-22 15:29:00'),(448,'2015-02-24','JAL comuna 9','Reunión con el presidente de la JAL comuna 9','Contacto Medellín Ciudad Inteligente con estudiantes de PP',NULL,NULL,NULL,'',3,314,20,'2015-03-30 14:02:47','2015-05-22 15:29:00'),(449,'2015-03-17','Empalme y compromisos Edulab','Reunión de empalme con Coordinadora de la Institución Educativa Antonio Derka para el empalme del proceso anterior y los nuevos procesos de formación, además acordar los compromisos de la institución con el proceso Edulab con Eafit. ','Acompañamiento año 2015 con el aula abierta\r\nPosible gestión de estudiantes para cumplir horas de labor social con el programa en los sitios de Santo Domingo \r\nCompromiso acompañamiento Institución con los cuatro jóvenes pertenecientes al proceso con Edulab. ','Nuevo_doc_1.pdf',NULL,NULL,'uploads/meeting/meeting_adjunct',2,237,41,'2015-03-30 14:07:34','2015-05-22 15:29:00'),(450,'2015-03-26','Empalme y programación Procesos de Formación','Reunión con el director de la Institución para agendar charla de Gobierno en Línea para los estudiantes de 10° y 11°, programar charla de Navegar sin Naufragar con los estuiantes de 4° y 5°.','Iniciar procesos de formación la semana del 6 al 10 de abril.','Emplame_La_Milagrosa_1.JPG','Emplame_La_Milagrosa_2.JPG',NULL,'uploads/meeting/meeting_adjunct',2,312,40,'2015-03-30 15:54:53','2015-05-22 15:29:00'),(451,'2015-03-24','Empalme Positivos por la Vida','Empalme de sitio, compromisos previos del proceso anterior y nuevos procesos de formación. Articulación horarios, nueva agenda y objetivos esperados','Terminar Taller de narrativas digitales\r\nSesiones de trabajo semanal martes de 4 a 6pm\r\nPensar en contenido de internet seguro para trabajar con las educadoras de los niños\r\nDar continuidad al acompañamiento','acta_empalme_positivos.pdf',NULL,NULL,'uploads/meeting/meeting_adjunct',2,518,41,'2015-03-30 16:45:17','2015-05-22 15:29:00'),(452,'2015-02-27','Planeación Escuela de Líderes Juveniles','María Nelly Gil, es la presidenta de la Junta Administradora Local, ha propuesto al programa y a líderes de la comuna 5 integrar una escuela de formación direccionada a los más jóvenes de la comuna, para esto acudimos a la Corporación Una Vida Tranquila con el fin de generar algunas alianzas y conocer las ideas y proyecciones de estos jóvenes.','1. invitar a otros líderes y actores de la comuna o institucionales que quieran hacer parte de este proceso.\r\n2. La líder y los integrantes de la corporación se comprometen a traer una propuesta más estructurada con el fin de dar cumplimiento a un requerimiento desde el programa y es entender el rol que asumiremos al interior de este. ','IE_Sor_Juana_Ines_de_la_Cruz_Planeacion_Formacion_Escuela_de_Lideres_Juveniles_2.jpg',NULL,NULL,'uploads/meeting/meeting_adjunct',3,232,24,'2015-03-30 20:10:52','2015-05-22 15:29:00'),(453,'2015-02-28','Reunión líderes Observatorio comuna 5','Nos encontramos en la reunión del observatorio de la comuna 5, proyecto dirigido y gestionado por los líderes comunales con miras a generar un proyecto de Open Data comunitario. El programa será el encargado de trabajar toda la parte de formación y desarrollo con ellos del plan de comunicaciones del proyecto. ','1. Formular y realizar el Taller Planeación de la comunicación.\r\n2. Buscar las estrategías para desarrollar un buen proceso de formación con los líderes. ','IE_Pedro_Claver_Formacion_Observatorio_Lideres_Comuna_5_2.jpg','IE_Pedro_Claver_Formacion_Observatorio_Lideres_Comuna_5_3.jpg','IE_Pedro_Claver_Formacion_Observatorio_Lideres_Comuna_5_4.jpg','uploads/meeting/meeting_adjunct',3,226,24,'2015-03-30 20:21:55','2015-05-22 15:29:00'),(454,'2015-03-17','Reunión Promotor jóvenes por la vida','La reunión tuvo lugar con el promotor encargado de los jóvenes por la vida que se encuentran prestando su labor social en el punto de navegación, puesto que se vienen presentando algunas dificultades en la prestación de este, por la falta de chicos y la renovación de los convenios. Por esto se busca que las chicas que se encuentren en el punto puedan prestar su labor en las mañanas mientras ingresan la totalidad de los otros jóvenes.','1. Acompañamiento por parte de las jóvenes del punto de navegación.\r\n2. La Gestora de Cultura Digital se compromete a realizar la inducción de los nuevos integrantes del programa que llegaran la segunda semana de abril. ','UPJ_Empalme_Promotor_Jovenes_por_la_Vida.jpg',NULL,NULL,'uploads/meeting/meeting_adjunct',2,288,24,'2015-03-30 21:35:06','2015-05-22 15:29:00'),(455,'2015-03-17','Reunión Empalme','Se realiza el reconocimiento de las personas que integrarán el proceso y se firma el acta de inicio de la formación que se llevará a cabo en la Universidad de Eafit. ','1. La coordinadora y el rector se comprometen a cumplir con los compromisos adquiridos y consignados en la carta que se firmó en este encuentro. ','IE_Jesus_Amigo_Empalme.jpg',NULL,NULL,'uploads/meeting/meeting_adjunct',2,488,24,'2015-03-30 21:41:12','2015-05-22 15:29:00'),(456,'2015-03-17','Seguimiento y planeación ','Se realiza un proceso de planeación de todos los cursos y talleres de formación que se llevarán a cabo durante el año. ','1. Realizar las gestiones pertinentes del caso, para llevar a cabo los procesos de formación en el sitio.','Cedezo_La_Quintana_Planeacion.jpg',NULL,NULL,'uploads/meeting/meeting_adjunct',4,168,24,'2015-03-30 21:44:53','2015-05-22 15:29:00'),(457,'2015-03-18','Participación en la formación de EAFIT','Presentación de la propuesta EDULABS y firma del compromiso por parte del rector, para que cuatro estudiantes puedan participar del proceso de formación dictado por EAFIT. ','1. El rector y los docentes se comprometen a llevar a cabalidad los compromisos adquiridos a través de la firma de este. ','IE_Jorge_Eliecer_Gaitan_Empalme_y_planeacion_1.jpg',NULL,NULL,'uploads/meeting/meeting_adjunct',2,415,24,'2015-03-30 21:55:09','2015-05-22 15:29:00'),(458,'2015-03-26','Planeación 2015','En está reunión se retoman los contactos y los compromisos adquiridos desde el año pasado, para esto se planean algunas charlas de Gobierno en línea para los estudiantes de los grados décimo y once. \r\nSe espera realizar otros procesos en el transcurso del año.','Realizar las charlas en el mes de abril por parte del programa.','IE_El_Triunfo_Santa_Teresa_Planeacion.jpg',NULL,NULL,'uploads/meeting/meeting_adjunct',2,481,24,'2015-03-30 23:04:29','2015-05-22 15:29:00'),(459,'2015-03-26','Presentación del programa al nuevo dinamizador','Presentación del programa al nuevo dinamizador del Telecentro, se busca además realizar alianzas y procesos de formación para el 2015.','Convocar a la Ana Teresa Ocampo, la representante Legal del Telecentro con el fin de generar sinergias y alianzas para este año. ','Telecentro_Picacho_Empalme.jpg',NULL,NULL,'uploads/meeting/meeting_adjunct',2,202,24,'2015-03-30 23:08:41','2015-05-22 15:29:00'),(460,'2015-03-31','Empalme y planeación con Director','Se realizó reunión con el director del parque biblioteca, además de la gestora de Servicios Marcela Ocampo y la directora de fomento Lectura y escritura Carolina Gallón. En esta reunión se realizaron varias actividades: Recorrido por la biblioteca y empalme de los servicios ofertados a la comunidad, identificación de grupos focales de atención y planeación de propuestas de intervención desde el programa con dichos grupos,además de fijación de fechas para las mismas. ','15 de Abril: En la mañana se realizará visita al centro integrado de desarrollo en compañía de la biblioteca. En la tarde se desarrollará taller de Accesibilidad con funcionarios de la Biblioteca.\r\n17 Abril : Taller de Accesibilidad con segundo grupo de Funcionarios.\r\n2 de Mayo: Navegar sin Naufragar con los niños del Club de lectura infantil 9 a  11 a.m\r\n\r\n- Enviar el material que se produjo con el centro integrado de desarrollo para que al Biblio lo visibilice\r\n-Enviar correo con propuestas de Formación del programa\r\n- Ir desarrollando las propuestas planeadas de forma paulatina pero con compromiso para cada grupo focal identificado','Biblioteca_S_Cristobal_Empalme_y_planeacion_4.jpg','Biblioteca_S_Cristobal_Reunioon_de_planeacion_y_empalme_2.jpg','Biblioteca_S_Cristobal_Reunioon_de_planeacion_y_empalme_6.jpg','uploads/meeting/meeting_adjunct',2,186,23,'2015-03-31 21:53:26','2015-05-22 15:29:00'),(461,'2015-04-01','Reunión con coordinador de la biblioteca','Reunión para hablar de lo que se hará con la biblioteca este año, conocer a la nueva persona encargada de acompañar la biblioteca y quedar en una nueva reunión','Se hará una nueva reunión el día jueves 9 de abril para organizar todo bien con el coordinador y la gestora de cultura digital.','Bilioteca_Tren_de_papel_reunion.JPG',NULL,NULL,'uploads/meeting/meeting_adjunct',3,182,42,'2015-04-06 07:44:14','2015-05-22 15:29:00'),(462,'2015-03-31','Seguimiento','Seguimiento del sitio, presentación con los funcionarios, revisión de los recursos, socialización con usuarios y recolección de indicadores','Seguimiento continuo.','Visita_CAV_la_America.jpg',NULL,NULL,'uploads/meeting/meeting_adjunct',4,246,10,'2015-04-06 15:55:22','2015-05-22 15:29:00'),(463,'2015-03-31','Seguimiento','Seguimiento del sitio de gobierno, su funcionamiento, retroalimentación con el gestor y recolección de indicadores','Seguimiento continuo del sitio.','Visita_Aula_Ambiental_La_America.jpg',NULL,NULL,'uploads/meeting/meeting_adjunct',4,236,10,'2015-04-06 16:04:26','2015-05-22 15:29:00'),(464,'2015-04-07','Reunión de empalme y gestión','Reunión de empalme y gestión de procesos con el rector de la institución. Se acordaron dos cosas principales: Crear un laboratorio audiovisual con estudiantes de 8° y 9° para trabajar continuamente este año; y gestionar el Aula abierta para realizar cursos con la comunidad.','Por parte de la IE: Convocar a los estudiantes para conformar el laboratorio audiovisual escolar.\r\nPor parte nuestra: Gestionar la vinculación de estudiantes de PP para la realización de cursos en aula abierta.','IE_Alfonso_Lopez_Reunion_empalme.JPG',NULL,NULL,'uploads/meeting/meeting_adjunct',2,290,17,'2015-04-07 11:29:13','2015-05-22 15:29:00'),(465,'2015-04-07','Empalme con funcionarios','Se llevó a cabo reunión de empalme con funcionarios de la biblioteca, entre ellos el coordinador, las promotoras de lectura y el encargado de los procesos de formación. Inicialmente se comentó el interés de visibilizar la experiencia de la biblioteca con las personas en situación de discacapcidad, frente a otras entidades como arque biblioteca la Quintana y el colegio mayor. Se indagó por las dinámicas del lugar, población atendida y afluente y se socializaron los procesos de formación que se desarrollan desde el programa. ','Agendar una nueva reunión con Beatriz para planear la socialización de la experiencia. También con la nueva persona encargada de al sala de sistemas para agendar curso de Alfabetización digital y Gel con comunidad. Para los funcionarios se piensa desarrollar algo de Web 2.0 según sus necesidades.','Bilioteca_Fdo_Gomez_M_Empalme_y_planeacion_1.jpg',NULL,NULL,'uploads/meeting/meeting_adjunct',2,268,23,'2015-04-07 15:41:50','2015-05-22 15:29:00'),(466,'2015-04-07','Empalme con funcionarios','Se conversó acerca de lso procesos realizados anteriormente y de los compromisos pactados con la comunidad en relación a nuevos procesos. Iniciará el taller de herramientas web 2.0. Se indaga por los públicos afluentes al telecentro y en vista de que la población jóven no es muy frecuente se propone la convocatoria del taller de narrativas digitales','Hacer invitación para todos los procesos, programar dispositivos móviles con Adultos mayores de martes- jueves. \r\nIniciar el taller de herramientas web 2.o y llamar a las personas para recordar.','Telecentro_la_amistad_Empalme_y_planeacion_1.jpg','Telecentro_la_amistad_Empalme_y_planeacion_3.jpg',NULL,'uploads/meeting/meeting_adjunct',2,203,23,'2015-04-07 15:53:36','2015-05-22 15:29:00'),(467,'2015-04-07','Empalme con funcionarios','Se realizó reunión con el rector de la I.E en donde se habló de los procesos realizados anteriormente y de las propuestas para este año. Se habló de realizar el taller de Gel con la escuela de padres. Hay un interés de la I.E por recuperar los proceosos del aula abierta, por lo tanto tanto la I.E como la gestora de Cultura digital se compriometieron a revisar qué chicos de la Í.E y de pp pueden apoyar la restauración de dicho proceso','Visitar la I.E nuevamente para reunirnos con la coordiandora y poner fechas a las propuestas abordadas\r\n- Realizar GEL con estudiantes de once en mayo y una charla mensual de NSN con los grupos de quinto a noveno.','I_E_Fe_y_alegria_aures_Empalme_y_planeacion_1.jpg','I_E_Fe_y_alegria_aures_Empalme_y_planeacion_2.jpg','I_E_Fe_y_alegria_aures_Empalme_y_planeacion_3.jpg','uploads/meeting/meeting_adjunct',2,407,23,'2015-04-07 16:17:11','2015-05-22 15:29:00'),(468,'2015-04-07','Seguimiento al sitio y planeación de actividades.','Se realizó una reunión para detectar las principales necesidades del sitio y programar las actividades que se llevaran a cabo este año, inicialmente los funcionaron se comprometieron a realizar las convocatorias respectivas para charlas de NSN y taller de narrativas. ','Por parte del Parque Biblioteca quedó como compromiso realizar las convocatorias respectivas para las charlas de NSN y el taller de narrativas. ','Parque_Biblioteca_Guayabal_Seguimiento_al_sitio.jpg',NULL,NULL,'uploads/meeting/meeting_adjunct',4,192,43,'2015-04-09 08:01:35','2015-05-22 15:29:00'),(469,'2015-04-08','Empalme y gestión','Reunión para empalme de nuevo Gestor de cultura digital y seguimiento del uso del kit para personas en situación de discapacidad, el uso de este es aceptable pero podría mejorar.','Se empieza convocatoria para escuela de padres, Aula Abierta, con el plus del kit, se programan 3 charlas de NSN.','Olaya_Herrera.jpg','Olaya_Herrera1.jpg',NULL,'uploads/meeting/meeting_adjunct',2,154,10,'2015-04-09 08:05:21','2015-05-22 15:29:00'),(470,'2015-04-08','Empalme y gestión','Reunión para presentación del nuevo gestor de cultura digital y seguimiento de los procesos del sitio, se entregan los contenidos para aula abierta de escuela de padres y se programan 2 sesiones de nsn','Capacitación a profesores para aula abierta y dos charlas de nsn','Fe_y_Alegria_Granizal.jpg',NULL,NULL,'uploads/meeting/meeting_adjunct',2,253,10,'2015-04-09 08:08:04','2015-05-22 15:29:00'),(471,'2015-04-09','Reunión de programación de actividades para el año','En la reunión se conversó sobre las necesidades de formación que tiene la comunidad aledaña al Telecentro.','Se iniciará un taller de herramientas web.20 La idea es empezar el 29 de abril.','TelecentroSantaLucia_Reunion.jpg',NULL,NULL,'uploads/meeting/meeting_adjunct',4,520,21,'2015-04-09 11:36:57','2015-05-22 15:29:00'),(472,'2015-04-09','Seguimiento del sitio y recolección de indicadores','Seguimiento del sitio y recolección de indicadores','Gel la próxima semana con funcionarios','Casa_de_justicia_Villa_del_Socorro.jpg',NULL,NULL,'uploads/meeting/meeting_adjunct',4,242,10,'2015-04-09 11:55:50','2015-05-22 15:29:00'),(473,'2015-04-09','Gestión','Se presentan los contenidos para el seguimiento de dos grupos de AD, GEL y WEB 2.0','Seguimiento','Telecentro_Villa_del_Socorro.jpg',NULL,NULL,'uploads/meeting/meeting_adjunct',3,198,10,'2015-04-09 11:58:29','2015-05-22 15:29:00'),(474,'2015-04-07','Planeación de actividades','Se conversó sobre la importancia de realizar procesos que involucren a las personas con discapacidad de la ciudad. Por esa razón estuvimos conversando sobre realizar un taller de narrativas que además tuviera continuidad, por lo que se conversó sobre la idea de construir un laboratorio de medios para la IE.','Se realizará un taller de narrativas digitales cuyo fin será la construcción de un laboratorio de medios dentro de la IE.','reunionGuillermoVelez.jpg',NULL,NULL,'uploads/meeting/meeting_adjunct',4,157,21,'2015-04-09 12:13:28','2015-05-22 15:29:00'),(475,'2015-04-08','Reunión gestión y planeación','Reunión con el comité académico conformado por el rector y los coordinadores de las tres sedes, para gestionar procesos de formación en la instutución, tanto para estudiantes como para la comunidad. ','Comenzar las charlas de NSN desde primaria, y gestionar el Aula Abierta con el acompañamiento de estudiantes de PP','IE_Gonzalo_Restrepo_Reunion_planeacion.jpg',NULL,NULL,'uploads/meeting/meeting_adjunct',2,305,17,'2015-04-09 16:14:50','2015-05-22 15:29:00'),(476,'2015-04-09','Reunión gestión y planeación','Reunión con la dinamizadora cultural para programar los procesos de formación en la biblioteca. ','Charla de NSN para niños la próxima semana, convocar a adultos para curos de AD, capacitar a la estudiantes de PP como Gestora TIC, y convocar al grupo de víctimas para realizar un proceso de AD y ND bajo la nueva metodología.','Biblioteca_Villatina_Reunion_planeacion.JPG',NULL,NULL,'uploads/meeting/meeting_adjunct',2,525,17,'2015-04-09 16:17:52','2015-05-22 15:29:00'),(477,'2015-04-09','Reunión gestión y planeación','Reunión con la coordinadora del centro de capacitación del SENA para programar el proceso de formación en AD y ND según la nueva metodología, con un grupo de víctimas de desplazamiento forzado la comuna 9. ','Convocar a las personas para el próximo viernes 24 de abril','CAV_Caunces_Reunion_de_planeacion.JPG',NULL,NULL,'uploads/meeting/meeting_adjunct',3,298,17,'2015-04-09 16:32:56','2015-05-22 15:29:00'),(478,'2015-04-08','Empalme en I.E Sección Escuela la Iguaná','Reunión de empalme y nuevos procesos 2015.\r\nConocimiento de uso de kit de inclusión digital y posibles escenarios de articulación entre la Institución y el Programa. \r\nPropuestas de contenidos y posibles talleres y cursos: Proyecto de emisora escolar, capacitación para el uso del kit de inclusión digital y charlas de navegar sin naufragar. ','Inicio de capacitación docente: miércoles 22 de abril: Uso de Kit de Inclusión Digital y Charla de navegar sin naufragar. Socialización de la propuestas de emisora escolar. \r\nReunión con Coordinadora para revisar cronograma de inicio Emisora Escolar. \r\n\r\nMiércoles 29 de abril: Charla de navegar sin naufragar grados tercero, cuarto y quinto. Grupo A mañana y grupo B tarde. ','Reunion_de_Empalme_I_E_Marco_Fidel_Suarez_Seccion_la_Iguana.JPG',NULL,NULL,'uploads/meeting/meeting_adjunct',2,219,41,'2015-04-09 16:36:18','2015-05-22 15:29:00'),(479,'2015-04-08','Empalme y nuevos procesos 2015 Ciro Mendía','Empalme del proceso anterior, contextualización del estado y uso anterior del Aula Abierta. Actualmente es un proceso que se encuentra sin ser ofrecido a la comunidad pues según manifiesta el profesor no han tenido acompañamiento a los estudiantes. \r\nReconocimiento de las instalaciones físicas y los recursos audiovisuales con los que cuenta la institución educativa y la iniciativa de los estudiantes y el docente acompañante del proceso. \r\nPropuestas de contenido para acompañamiento 2015: Apertura del aula abierta y proyecto de alfabetización audiovisual para el colegio como estrategia de sostenibilidad de un proceso de narrativas. ','Próximo encuentro: Presentar proyecto de alfabetización digital para el rector de la Institución Educativa y propuesta de Cronograma para el acompañamiento. \r\n\r\nVincular a la personera escolar en el proyecto de alfabetización audiovisual para fortalecer los procesos de liderazgo y gobierno escolar al interior de la Institución. ','Profe_de_la_I_E_Ciro_Mendia_en_sala_audiovisual_con_sus_estudiantes_Visita_de_empalme.JPG',NULL,NULL,'uploads/meeting/meeting_adjunct',2,250,41,'2015-04-09 16:48:03','2015-05-22 15:29:00'),(480,'2015-04-01','Programación de actividades','Reunión de planeación de actividades con jóvenes de la corporación. Se solicita el apoyo en la emisrora para que los estudiantes sean los locutores y quienes generen algunos de los contenidos. Este trabajo se realizará con el acompañamiento del profesor Gustavo quien está cargo de la emisora. ','Reunión con el profe encargado de la emisora el martes 7 de abril a las 2:00 pm ','Corporacion_Hogar_reunionplaneacion.jpg',NULL,NULL,'uploads/meeting/meeting_adjunct',4,213,20,'2015-04-09 16:55:24','2015-05-22 15:29:00'),(481,'2015-04-08','Empalme y gestión de nuevos procesos 2015','En la reunión se retomó el acompañamiento iniciado por la anterior gestora en cultura digital que acompañaba el telecentro, donde se habían tenido unas conversaciones previas para iniciar procesos de MDE Inteligente. \r\n\r\nUna vez conocidos los talleres y cursos que de dictan a la comunidad en el Telecentro se le propone a la coordinadora el acompañamiento en narrativas: fotografía para un grupo con el que previamente se ha trabajado en alfabetización digital y requieren otro tipo de oferta en formación. \r\n','Agendado incio de taller de Narrativas digitales: fotografía con grupo de madres cabeza de hogar para el jueves 16 de abri en la mañana. ','Usuaria_del_Telecentro_Moscu_en_visita_de_empalme.JPG','Usuario_Telecentro_Moscu_en_Visita_de_Empalme.JPG','Visita_de_empalme_Telecentro_Moscu.JPG','uploads/meeting/meeting_adjunct',2,464,41,'2015-04-09 16:57:45','2015-05-22 15:29:00'),(482,'2015-04-09','Empalme y nuevos procesos 2015 ','Empalme del proceso anterior con al aula abierta a la comunidad, proceso con padres de familia, resultados y continuación. \r\nPropuesta de acompañamiento: Capacitación docente en alfabetización digital y web 2.0  y charlas de navegar sin naufragar. Aula abierta: Padres de familia. ','El coordinador se encargará de proponer las fechas de inicio de la reunión con los docentes. ','I_E_Escuela_del_Concejo_Clodomiro_3.JPG',NULL,NULL,'uploads/meeting/meeting_adjunct',2,252,41,'2015-04-09 17:11:03','2015-05-22 15:29:00'),(483,'2015-04-09','Empalme y planeación de actividades para 2015.','Se realizó la presentación de la nueva gestora de cultura digital que acompañará la Institución Educativa, se detectaron las principales necesidades de la institución, entre las cuales está acompañar aula abierta, dictar charlas de NSN y realizar un taller de narrativas con algunos de los estudiantes. Se programaron las charlas de NSN.','Quedó como compromiso programar el taller de narrativas y concretar otra reunión para apoyar el proceso de aula abierta. ','Institucion_Educativa_Jose_Acevedo_y_Gomez_Empalme.jpg',NULL,NULL,'uploads/meeting/meeting_adjunct',2,344,43,'2015-04-10 09:08:14','2015-05-22 15:29:00'),(484,'2015-04-07','Seguimiento','Reunión de seguimiento y capacitación de los gestores tic del telecentro de santa monica','Terminar la capacitación el viernes 10','Telecentro_Santa_Monica-0.jpg','Cristobal_Colon2.jpg',NULL,'uploads/meeting/meeting_adjunct',4,468,10,'2015-04-10 13:59:52','2015-05-22 15:29:00'),(485,'2015-04-10','Seguimiento','Continuación de la capacitación con los gestores tic del telecentro','Enviar las bases de datos para elaborar certificados','Telecentro_Santa_Monica2.jpg',NULL,NULL,'uploads/meeting/meeting_adjunct',2,468,10,'2015-04-10 14:02:03','2015-05-22 15:29:00'),(486,'2015-04-07','Reunión ','Reunión con directivas de la I.E para planear intervención en la institución ','Convocatoria con la comunidad y horarios para charlas','Cristobal_Colon2.jpg','Cristobal_Colon1.jpg',NULL,'uploads/meeting/meeting_adjunct',4,222,10,'2015-04-10 14:04:31','2015-05-22 15:29:00'),(487,'2015-04-10','Reunion para procesos de formación','Reunión con directivas para elaborar horarios de charlas NSN para cinco quintos y 3 grupos de escuela de padres en AD','Capacitación de los profesores encargados del Aula Abierta y charlas de NSN','Telecentro_Santa_Monica2-0.jpg',NULL,NULL,'uploads/meeting/meeting_adjunct',4,222,10,'2015-04-10 14:07:31','2015-05-22 15:29:00'),(488,'2015-04-08','Empalme con funcionarios','Se realizó reunión con la docente encargada para agendar acompañamiento 2015 y se programaron 2 charlas de Navegar sin Naufragar en la mañana, además de NSN para padres el día  10 de junio. Se habló de capacitar las dos docentes en Prezzi y/0 socializar herramientas educativas en la web que les permitan elaborar insumos como sopas de letras, crucigramas etc para el trabajo con los niños y niñas. Se programará además la charla de dispositivos móviles. Se verificó la conectividad en las afueras de la I.E.','Desarrollar las actividades programadas','vereda_la_suiza.jpg',NULL,NULL,'uploads/meeting/meeting_adjunct',2,492,23,'2015-04-13 08:11:50','2015-05-22 15:29:00'),(489,'2015-04-08','Empalme con funcionarios','Se llevó a cabo reunión con el rector de la I.E y manifestó el impacto positivo del taller de Narrativas que se realizó con los chicos el año pasado, por lo cual se propuso continuar ese proceso  a manera de laboratorio y que sean los mismos chicos los encargados de liderar el grupo con lso nuevos integrantes e iniciar el proceso formativo con el taller. Se propueso realizar Gel con grupos décimos y once para el segundo semestre y una charla de NSN cada mes para el resto de grupos ','Reunión el próximo miércoles 22 con el grupo de chicos y chicas que haran parte del laboratorio.','I_E_Hector_Rogelio_Empalme_y_planeacion.jpg',NULL,NULL,'uploads/meeting/meeting_adjunct',2,276,23,'2015-04-13 08:26:48','2015-05-22 15:29:00'),(490,'2015-04-08','Empalme con funcionarios','Se llevó a cabo reunión con funcionarios de la biblioteca y además de indagar las dinámicas, tipos de población y procesos anteriores se planeó una actividad para cada tipo de público. En julio se planean charlas de dispositivos móviles para  los grupos de A.D de la biblioteca. En septiembre s eplanea NSN con jóvenes','Miércoles 6 de mayo: Navegar sin naufragar de 2 a 3 de la tarde con niños.\r\nCésar será encargado de replicar GEL con sus grupos DE A.D y se le deben pasar los contenidos',NULL,NULL,NULL,'',2,185,23,'2015-04-13 08:47:53','2015-05-22 15:29:00'),(491,'2015-04-08','Seguimiento al Sitio','Se visitó la casa de Gobierno, se presentó a La Gestora de Cultura Digital encargada, se revisaron los equipos y se reportaron los dañados. Se recogieron planillas y se pegó el afiche Para cursos','No hay ','Casa_de_Gobierno_S_S_Palmitas_Seguimiento_al_sitio.jpg',NULL,NULL,'uploads/meeting/meeting_adjunct',4,270,23,'2015-04-13 09:04:07','2015-05-22 15:29:00'),(492,'2015-04-08','Empalme con funcionarios','Se llevó a cabo reunión con el rector de la I.E para evaluar la posibilida de reanudar el aula abierta y se convocan 4 estudiantes de la I.E para liderar el proceso y se programa charla de NSN con los otrs grupos','Reunión con alfabetizadores a la 9 a.m el jueves 16 de mayo y charla de NSN de 10 a 12 p.m el mismo día','I_E_Loma_hermosa_Empalme_y_planeacion.jpg',NULL,NULL,'uploads/meeting/meeting_adjunct',2,493,23,'2015-04-13 14:32:30','2015-05-22 15:29:00'),(493,'2015-04-08','Empalme con funcionarios','Se realizó reunión de empalme y planeación con funcionario en donde surge la necesidad de apoyar los procesos con el curso de Alfabetización Digital, para lo cual se prevee que el horario serán los sábados de 9 a 11.','- Llevar a cabo reunión con la comunidad para iniciar curso de A.D el dia jueves 23 de abril a las  2 p.m\r\n- Buscar chico de pp para desarrollar el proceso o un alfabetizador de la I.E La loma.\r\n- Enviar correo electrónico con el resúmen de los procesos formativos con que cuenta el programa para ir agendando paulatinamente según el tipo de población','Biblioteca_la_loma_Empalme_y_planeacion.jpg',NULL,NULL,'uploads/meeting/meeting_adjunct',2,187,23,'2015-04-13 14:45:16','2015-05-22 15:29:00'),(494,'2015-04-09','Empalme con funcionarios','Se llevó a acbo reunión con la señora Ana lópez, Coordinadora académica de la I.E y se inadagó por los procesos anteriores desarrollados por el programa y se concluyó la importancia de volver a convocar a la comunidad para curso de A.D y buscar chico de PP  para desarrollarlo en las noches. Se programaron algunas charlas y se pensará en GEL para estudiantes de once en el segundo semestre.','Jueves 7 de mayo: Navegar sin Naufragar de 8 A 12 con dos grupos.\r\nJueves 28 de mayo: Navegar sin Naufragar de 1:20 a 3:15 con dos grupos.\r\nEnviar correo electrónico para recordar fechas','I_E_Ciudadela_N_Occidente_Empalme_y_planeacion.jpg',NULL,NULL,'uploads/meeting/meeting_adjunct',2,405,23,'2015-04-13 14:55:34','2015-05-22 15:29:00'),(495,'2015-04-09','Emplame','Se conversó con la funcionaria y se pensó en asesorías para los funcionarios en Gel','Mirar la posibildad de un chico de Pp para acompañar el punto de navegación','Centro_de_servicios_N_Occidente_Empalme.jpg',NULL,NULL,'uploads/meeting/meeting_adjunct',2,272,23,'2015-04-13 15:07:13','2015-05-22 15:29:00'),(496,'2015-04-13','Reunion de planeacion de actividades 2015','Reunión con el Dinamizador del Telecentro para iniciar procesos de formación, ','-Se iniciará taller de fotografía con la corporación Alma y Vida, de personas en situación de discapacidad, a partir del 21 de abril.\r\n\r\n- Convocatoria de emprendedores para iniciar mercadeo digital.','Telecentro_Villa_Laura_Acompanamiento_al_Sitio.jpg',NULL,NULL,'uploads/meeting/meeting_adjunct',4,206,38,'2015-04-14 08:41:47','2015-05-22 15:29:00'),(497,'2015-04-14','Gestion con aliados','Reunión de gestión y seguimiento del proceso de padres de la institución educativa Samuel barrientos','Reunión con el rector y los estudiantes de la institución para gestión de procesos y revisión de contenidos','Reunion_con_aliados_Samuel_Barrientos.jpg',NULL,NULL,'uploads/meeting/meeting_adjunct',3,230,10,'2015-04-14 16:23:42','2015-05-22 15:29:00'),(498,'2015-04-14','Procesos de formación','Se realizó una reunión con un nuevo Gestor TIC que apoyará los procesos de formación que se iniciarán con emprendedores del CEDEZO de Belén, Además se aprovecho para presentarlo con la coordinadora del CEDEZO.','Inicio de curso de Alfabetización Digital Viernes 24 de Abril.','CEDEZO_Belen_Reunion_Procesos_de_Formacion.jpg','CEDEZO_Belen_Procesos_de_formacion_y_presentacion_Gestor_TIC.jpg',NULL,'uploads/meeting/meeting_adjunct',4,176,15,'2015-04-15 17:48:24','2015-05-22 15:29:00'),(499,'2015-04-15','Gestión Procesos de Formación','Se realizó una reunión con el técnico de cultura digital para conversar acerca de los procesos que se estan llevando en el Parque Biblioteca y mirar la manera como nos podemos articular con ellos.','Iniciar convocatorias para procesos de formación.','Parque_Biblioteca_SADEP_Gestion_de_procesos_de_formacion.jpg',NULL,NULL,'uploads/meeting/meeting_adjunct',4,194,15,'2015-04-15 17:58:52','2015-05-22 15:29:00'),(500,'2015-04-15','Gestión de estudiantes de pp','Reunión con la encargada de la parte educativa de la JAL para gestionar estudiantes de presupuesto participativo, además se le comentó el avance que se ha tenido con los que estan realizando la labor social con nosotros.','Enviar correo para confirmar estudiantes.','Casa_de_Gobierno_SADEP_Reunion_con_la_JAL.jpg',NULL,NULL,'uploads/meeting/meeting_adjunct',3,333,15,'2015-04-15 18:01:43','2015-05-22 15:29:00'),(501,'2015-04-17','Empalme y planeación','Empalme y planeación del acompañamiento del programa a la I.E este mes.','Charla NSN para 5tos',NULL,NULL,NULL,'',2,150,10,'2015-04-20 08:56:18','2015-05-22 15:29:00'),(502,'2015-04-14','Seguimiento al KIT de Inclusión digital.','Se realizó una reunión con la docente del aula de apoyo para identificar el número de estudiantes en situación de discapacidad que tiene la sede y cuales de estos estudiantes usan el KIT de inclusión digital, ella mencionó que en este momento se está realizando un estudio sobre el tema y que dicho estudio estará listo a finales de Abril, por lo cual la docente solicita que volvamos a finales de Abril o a principios de Mayo para socializarnos los resultados del estudio.','Quedó como compromiso por parte de la Institución Educativa informarnos sobre el número de estudiantes que usan el KIT de inclusión digital.\r\nAdemás la Institución se comprometió a agendar una posible fecha para realizar la sensibilización del uso del KIT de inclusión digital con docentes y así fomentar el uso de este. ','Institucion_Educativa_Santos_Angeles_Custodios_Seguimiento_KIT_de_Inclusion.jpg',NULL,NULL,'uploads/meeting/meeting_adjunct',4,359,43,'2015-04-20 14:59:00','2015-05-22 15:29:00'),(503,'2015-04-17','Reunión con Rubén Patiño','Se planeó la intervención al sitio durante todo el año, se llegó al acuerdo de dar charlas para los jóvenes del grado 11 quienes van a ingresar a la educación superior, también se habló de reforzar el uso del Kit de Inlusión en la institución','Charlas de navegar sin naufragar, reforzar el kit de inclusión','I_E_Diego_Echavarria_Misas_Reunion_de_Planeacion.JPG',NULL,NULL,'uploads/meeting/meeting_adjunct',3,225,42,'2015-04-20 15:11:30','2015-05-22 15:29:00'),(504,'2015-04-14','Planeación de actividades.','Se realizó una reunión de planeación de actividades basadas en suplir las necesidades del Parque Biblioteca. Se agendaron los siguientes procesos: curso de Alfabetización Digital y Gobierno en Línea para adultos, charlas de Navegar sin Naufragar para niños y padres de familia, talleres de Narrativas y fotografía para jóvenes. ','Por parte del Parque Biblioteca, quedó como compromiso gestionar un grupo para el taller de narrativas, otro para el curso de Alfabetización Digital y Gobierno en Línea y gestionar grupos para charlas de Navegar sin Naufragar.','Parque_Biblioteca_Guayabal_Reunion_de_planeacion.jpg',NULL,NULL,'uploads/meeting/meeting_adjunct',4,192,43,'2015-04-20 15:23:00','2015-05-22 15:29:00'),(505,'2015-04-16','Empalme y planeación de actividades para 2015.','Se realizó reunión con la rectora de la institución para iniciar el proceso de acompañamiento, se detectaron las principales necesidades del centro educativo, entre las cuales está acompañar aula abierta, dictar charlas de Navegar sin Naufragar con niños y con padres de familia y realizar taller de narrativas y fotografía con niños. ','Quedó como compromiso por parte de la institución educativa programar fechas para las charlas de Navegar sin Naufragar y el taller de narrativas.\r\nAdemás, la rectora se comprometió a evaluar la posibilidad de abrir el aula abierta a la comunidad e informarnos sobre la decisión.','Centro_Educativo_El_Manzanillo_Reunion_empalme_y_planeacion.jpg',NULL,NULL,'uploads/meeting/meeting_adjunct',2,127,43,'2015-04-20 15:39:20','2015-05-22 15:29:00'),(506,'2015-04-07','Funcionamiento de la emisora','Reunión conocimiento y reconocimiento del funcionamiento de la emisora de la Corporación; el docente encargado trabajó en una emisora, esta experiencia ha permitido una mayor apropiación del recurso por parte de los jóvenes de la corporación. Se contó con el acompañamiento de Chsritian (comunicador)','Se acuerda realizar los talleres los jueves de 2:00 a 3:30','Corporacion_Hogar_reunion_emisora_1.jpg','Corporacion_Hogar_reunion_emisora_2.jpg',NULL,'uploads/meeting/meeting_adjunct',4,213,20,'2015-04-21 11:11:12','2015-05-22 15:29:00'),(507,'2015-04-08','Seguimiento punto de navegación','Reunión con una de las funcionarias del lugar para conocer el desempeño de los estudiantes de PP en el punto de navegación.','Continuar con el acompañamiento del sitio','Mascerca_Buenos_Aires_seguimiento.jpg',NULL,NULL,'uploads/meeting/meeting_adjunct',4,314,20,'2015-04-21 11:27:06','2015-05-22 15:29:00'),(508,'2015-04-07','Reunión de empalme','Reunión de empalme con enlace, datos de las funcionarias, verificación del funcionamiento de los equipos del punto de navegación. y recolección de indicadores.','Continuar con el acompañamiento del punto de navegación','Espacio_publico_empalme.jpg',NULL,NULL,'uploads/meeting/meeting_adjunct',2,427,20,'2015-04-21 11:42:03','2015-05-22 15:29:00'),(509,'2015-04-07','Reunión de empalme','Reunión de empalme y planeación de actividades\r\nSe concreta GEL para los dos grupos del aula abierta, GEL par estudiantes de 11°y  charlas de NSN para el grado 5°.\r\nEn la institución se continúa con el aula abierta martes y miércoles con dos grupos de padres de familia.','El profesor enviará la programación de las actividades','IE_Asamblea_Departamental_empalme_planeacion.jpg',NULL,NULL,'uploads/meeting/meeting_adjunct',2,293,20,'2015-04-21 11:50:33','2015-05-22 15:29:00'),(510,'2015-04-14','Seguimiento kit de inclusión digital','Seguimiento al kit de inclusión digital, es utilizado por los técnicos de cultura digital en sus cursos. O cuando un usuario de las salas de informática lo requiere. \r\n','Compromiso: agendar una reunión con la coordinadora de los tecnicos de cultura digital para planificar actividades entre MCI y la biblioteca','PB_Leon_de_Greiff_kit_inclusion.jpg',NULL,NULL,'uploads/meeting/meeting_adjunct',4,189,20,'2015-04-22 12:00:33','2015-05-22 15:29:00'),(511,'2015-04-22','Reunión para gestión de Aula Abierta','Reunión con el rector para reactivar el aula abierta, se generó el compromiso de gestionar el grupo, que posiblemente sea de la tercera edad de la JAC de la loma de los parras, y asignar el Gestor formador y enviar la información al rector. con la docente de tecnología de primaria se articuló charla de NSN con estudiantes de 4 y 5 grado, queda fecha por definir.','-  Gestionar Información sobre proceso de aula abierta, público, gestor encargado y demás que el rector necesite\r\n- Coordinar con la docentes de tecnología las charlas de NSN y GEL para las primeras semanas de mayo','Acompanamiento_al_Sitio_IE_Santa_Catalina_de_Sena.JPG',NULL,NULL,'uploads/meeting/meeting_adjunct',4,357,38,'2015-04-22 13:38:57','2015-05-22 15:29:00'),(512,'2015-04-10','Reunión de planeación','Reunión con el dinamizador del telecentro para programar el taller de narrativas digitales con adultos. Se estableció el día lunes en la tarde para comodidad de la comunidad.','Convocar a la comunidad para los lunes en la tarde. Enviar una breve información del taller para hacer divulgación.','Telecentro_La_Mansion_Reunion_de_planeacion_1.JPG','Telecentro_La_Mansion_Reunion_de_planeacion_2.jpg',NULL,'uploads/meeting/meeting_adjunct',3,205,17,'2015-04-22 16:24:01','2015-05-22 15:29:00'),(513,'2015-04-14','Reunión de empalme y gestión','Encuentro con la directora del centro educativo para planear los procesos de formación con la comunidad y fortalecer el aula abierta. Nos acompañó además un Gestor TIC que sería el encargado de realizar y asesorar los cursos que comenzarán en la institución.  Se hizo además la entrega del álbum Medellín es un caramelo, como reconocimiento por su labor y disposición de trabajo siempre.','Reunirnos en 15 días con líderes comunitarios y funcionarios de entidades aliadas al centro educativo, para programar los horarios de los procesos de formación.','CE_El_Plan_Reunion_empalme.jpg','CE_El_Plan_Reunion_empalme_1.jpg','CE_El_Plan_Entrega_album.jpg','uploads/meeting/meeting_adjunct',2,426,17,'2015-04-22 16:35:13','2015-05-22 15:29:00'),(514,'2015-04-14','Reunión gestión y planeación','Reunión con la directora del centro educativo para la planeación de la actividad el día del niño en la institución. Realizamos un recorrido de reconocimiento por el centro educativo para organizar los detalles del evento y saber con qué espacios y recursos contamos. ','Enviar un correo con la información y requerimientos específicos para poder poner a disposición a los docentes de la institución para la actividad.','CE_El_Placer_Reunion_de_planeacion.jpg','CE_El_Placer_Visita_de_planeacion_de_evento_6.jpg','CE_El_Placer_Visita_de_planeacion_de_evento_4.jpg','uploads/meeting/meeting_adjunct',4,425,17,'2015-04-22 16:38:28','2015-05-22 15:29:00'),(515,'2015-04-14','Reunión de empalme y gestión','Encuentro con la técnica social y cultural de la biblioteca para realizar el empalme y planear los procesos de formación a la comunidad. Surgen dos propuestas de trabajo orientadas a la población de emprendedores del CEDEZO y para jóvenes del corregimiento. ','Gestionar con la dirección del CEDEZO el grupo de personas y luego contactar a los funcionarios de la biblioteca para programar los horarios de capacitación; igualmente, programar un horario para trabajar el taller de narrativas digitales con los jóvenes. Estos procesos serían facilitados por el Gestor TIC del corregimiento.','Biblioteca_Santa_Elena_Reunion_de_planeacion_2.JPG','Biblioteca_Santa_Elena_Reunion_de_planeacion_3.JPG','Biblioteca_Santa_Elena_Reunion_de_planeacion_8.jpg','uploads/meeting/meeting_adjunct',2,190,17,'2015-04-22 16:49:12','2015-05-22 15:29:00'),(516,'2015-04-22','Gestión de Aula Abierta','reunión para gestionar la apertura del aula abierta en la institución, el año pasado estuvo activa, pero hay que organizar nuevos procesos y hacer convocatoria','- Llamar al coordinador para gestionar reunión\r\n- Conseguir gestor y hacer convocatoria','Acompanamiento_al_sitio_IE_Republica_de_Venezuela.JPG',NULL,NULL,'uploads/meeting/meeting_adjunct',4,125,38,'2015-04-23 08:56:40','2015-05-22 15:29:00'),(517,'2015-04-22','Seguimiento al punto de navegación','Seguimiento al punto de navegación del sitio','- compromiso de fomentar la firma de la planillas de registro de usuario en el punto de navegación por parte de los funcionarios','Seguimiento_a_Sitio_Mascerca_Guayabal.JPG',NULL,NULL,'uploads/meeting/meeting_adjunct',4,348,38,'2015-04-23 10:46:21','2015-05-22 15:29:00'),(518,'2015-04-22','Gestión de Procesos 2015','Gestión de procesos de formación para el año 2015 en alfabetización digital, web.2.0 y mercadeo digital para segundo semestre','- Hacer convocatoria con adultos mayores para iniciar curso de alfabetización digital en la primera semana de Mayo, gestionar gestor TIC para acompañar el proceso','Reunion_de_gestion_de_procesos_Telecentro_Fatima.JPG',NULL,NULL,'uploads/meeting/meeting_adjunct',4,207,38,'2015-04-23 10:52:42','2015-05-22 15:29:00'),(519,'2015-04-13','Seguimiento del sitio y planeación de actividades','Se realizó reunión con el funcionario encargado de la Bolera Suramericana, se habló del funcionamiento de la red y él nos contó que la red ha funcionado bien y que los usuarios hacen un uso considerable de esta. Se pensó en la posibilidad de hacer una charla de dispositivos móviles, ya que es una necesidad de los usuarios del sitio, puesto que muchos de estos son adultos y quieren aprender a usar sus teléfonos inteligentes. ','Programar charla de dispositivos móviles.','Bolera_Suramericana_Planeacion_de_actividades.jpg',NULL,NULL,'uploads/meeting/meeting_adjunct',4,563,43,'2015-04-24 14:44:05','2015-05-22 15:29:00'),(520,'2015-04-13','Seguimiento del sitio y planeación de actividades','Se realizó una reunión con la funcionaria encargada del sitio, la cual manifestó que la red la usan mucho los padres de familia que vienen a acompañar a los niños en los entrenamientos, además manifestó que sería viable programar una visita para conversar con dichos padres y proponerles si quieren participar en alguno de nuestros procesos de formación, mientras sus hijos entrenan, como por ejemplo charla de dispositivos móviles o GEL. Agrega que ella conoce los padres de familia y sabe que estarían muy contentos con la propuesta. ','Programar nueva visita para conversar con los padres usuarios de la red WIFI. ','Pista_de_bicicross_Planeacion_de_actividades.jpg',NULL,NULL,'uploads/meeting/meeting_adjunct',4,565,43,'2015-04-24 15:01:58','2015-05-22 15:29:00'),(521,'2015-04-15','Empalme  y planeación','Se realizó reunión de empalme y planeación con coordinador del Cedezo San Cristóbal en donde se conversó de la necesidad de contar con la red WIFI para dar inicio a los procesos de formación. De este modo según la población  las ofertas posibles son Alfabetización digital, Herramientas web 2.0 y GEL Comunidad; además de charlas de dispositivos móviles que se consideran muy pertinentes para los usuarios del lugar','Asesoría de dispositivos móviles con micro empresarios para el 6 de mayo a las 9 de la mañana','IMG_20150415_085654769.jpg','IMG_20150415_091152102.jpg','IMG_20150415_091205467.jpg','uploads/meeting/meeting_adjunct',2,169,23,'2015-04-27 08:40:12','2015-05-22 15:29:00'),(522,'2015-04-15','Empalme  y planeación','Se realizó reunión de Empalme y planeación con Coordinador en donde se identificaron características de la población, además de algunas necesidades, rutinas y dinámicas propias del sitio; los acompañamientos cotidianos y de esta forma fue posible identificar la manera en que el programa se vinculara con una propuesta de formación, en este caso narrativas digitales, en donde se vincule un docente del lugar como líder y aquellos jóvenes que ya tuvieron la formación anterior para continuar el proceso',' Iniciar el taller de Narrativas digitales el 14 de mayo y confirmar la fecha. Es necesario posteriormente al taller de narrativas realizar el taller de Kit de inclusión con el grupo de formadores ya que tanto el coordinador como varios docentes son nuevos y no lo saben usar, además de esto compartir algunas herramientas web para el trabajo con los chicos y chicas.','Centro_integrado_S_C_Empalme_y_Planeacion.jpg',NULL,NULL,'uploads/meeting/meeting_adjunct',2,444,23,'2015-04-27 12:56:57','2015-05-22 15:29:00'),(523,'2015-04-22','Empalme y planeación de actividades para 2015.','Se realizó reunión con el coordinador del Punto de Atención CEDEZO Altavista, en la cual se detectaron las principales necesidades de los emprendedores del corregimiento, entre ellas está aprender alfabetización digital y mercadeo digital.','Por parte del coordinador del CEDEZO, quedó como compromiso llevar la propuesta de formación a los emprendedores y hacer la convocatoria pertinente. ','Punto_de_Atencion_CEDEZO_Altavista_Empalme_y_planeacion.jpg',NULL,NULL,'uploads/meeting/meeting_adjunct',2,177,43,'2015-04-27 13:41:11','2015-05-22 15:29:00'),(524,'2015-04-15','Empalme','Se visitó el centro de servicios para hacer contacto con el funcionario, verificar el estado de los equipos y planear acciones de divulgación del servicio con la comunidad. Se plantea con el funcionario la posibilidad de gestionar chicos de PP para acompañar el centro de servicios en algunos momentos y realizar asesorías con los usuarios, además acompañar el punto.','Ninguno','Centro_de_Servicios_S_C_Empalme_Funcionario.jpg',NULL,NULL,'uploads/meeting/meeting_adjunct',2,567,23,'2015-04-27 13:42:34','2015-05-22 15:29:00'),(525,'2015-04-22','Empalme y planeación de actividades para 2015.','Se realizó una reunión de empalme y planeación con el dinamizador del telecentro, con el fin de detectar las principales necesidades de los usuarios del lugar, el dinamizador expresa que partiendo de las necesidades de la población, sería pertinente realizar una charla de dispositivos móviles con un grupo de adultos mayores, trabajar narrativas y navegar sin naufragar con 2 grupos de niños de una corporación que se llama \"Gente de Corazón\". ','Quedó como compromiso programar las charlas y el taller.','Telecentro_Los_Tanques_Empalme_y_planeacion.jpg',NULL,NULL,'uploads/meeting/meeting_adjunct',2,457,43,'2015-04-27 13:49:36','2015-05-22 15:29:00'),(526,'2015-04-15','Gestión JAL','Se llevó a cabo reunión con Secretaria de la JAL de San Crsitóbal con el propósito de gestionar la presencia de chicos y chicas de PP para acompañar algunos de los sitios que acompaña el programa en el corregimiento, además de esto se realizó asesoría en el manejo de dispositivo móvil y se conversó la importancia de generar vínculos estratégicos con los jóvenes para este tipo acompañamientos en su territorio.','La foto de la reunión se publicará en redes sociales de la JAL para hacer difusión y de este modo captar la atención de aquellos jóvenes que aun faltan por pagar su labor social.','IMG_20150415_114250404.jpg','IMG_20150415_120407858.jpg',NULL,'uploads/meeting/meeting_adjunct',3,567,23,'2015-04-27 13:50:49','2015-05-22 15:29:00'),(527,'2015-04-16','Visita de Seguimiento','Se realizó visita de seguimiento dado que se había convocado reunión con el rector; sin embargo con motivo de una marcha docente se interrumpió dicha reunión; por tanto con la secretaria se acordaron algunos puntos necesarios para un próximo encuentro. El aula de informática esta lista para aperturar el proceso con padres','Esperar hasta luego del 22 de Abril que se llevará a cabo el paro Nacional docente para definir acuerdos para convocar reunión con estudiantes alfabetizadores que liderarán el aula abierta. Convocar para dicha reunión al docente de informática. Reagendar la charla de NSN. ','IMG_20150416_101512923.jpg',NULL,NULL,'uploads/meeting/meeting_adjunct',4,493,23,'2015-04-27 14:46:08','2015-05-22 15:29:00'),(528,'2015-04-21','Planeación de procesos','Se llevó a cabo reunión con Beatriz Atehortúa. Inicialmente ella comaparte un breve diagnóstico tanto de la población atendida como del recorrido, premios y  demás actividades realizadas en la biblioteca;  para planear un encuentro en donde se socialice la experiencia tan exitosa que ha realizado  en el tema de discapacidad con otras entidades como el Colegio Mayor, el ITM Y algunas I.E . Se plantea dicho encuentro para la tercera semana de mayo. Se plantea un taller práctico de más o menos 3 horas donde se convoquen chicos y chicas con diferentes tipos de discapacidades para que los funcionarios puedan observar de manera práctica los contenidos abordados.','Enviar información previa vía correo electrónico con antelación.','Biblioteca_Fdo_Gomez_Martinez_Planeacion_Sensibilizacion_Disc.jpg',NULL,NULL,'uploads/meeting/meeting_adjunct',3,268,23,'2015-04-27 15:19:01','2015-05-22 15:29:00'),(529,'2015-04-21','Planeación de procesos','Se planearon fechas para las charlas propuestas en la primera reunión y se descartó la posibilidad de reanudar el aula abierta en al I.E . El rector dice ya haber cumplido con esa labor años anteriores y no querer hacerlo de nuevo por que \"las condiciones no se prestan\" refiriéndose al sistema en la nube. Por tanto se acuerda  12 de mayo: NSN con grado Noveno y 16 de Julio GEL con grado once. Para estas charlas se contará con la presencia del orientador de grupo además del psicólogo en tanto serán los encargados de replicarlas con el resto de los grados.','Dictar las charlas asignadas y pasar los contenidos','Fe_y_alegria_aures_Planeacion_de_procesos.jpg',NULL,NULL,'uploads/meeting/meeting_adjunct',3,407,23,'2015-04-27 15:30:13','2015-05-22 15:29:00'),(530,'2015-04-22','Gestión Aliados','Se conversó con una de las personas que trabajan en  la ludoteca casa San Martín y realizó un recuento de la población perteneciente al sector, sus características, dinámicas, las actividades frecuentes y cómo se convocan al rededor del lugar. Los programas que funcionan allí y los datos de algunas personas encargadas. Se plantean posibles acompañamientos, se presentan las dos nuevas gestoras Tic que en algunas ocasiones estarán en el lugar y se hace recorrido por el sector','Ninguno.','Ludoteca_Casa_San_Martin_Empalme_y_conocimiento_S_P.jpg',NULL,NULL,'uploads/meeting/meeting_adjunct',3,494,23,'2015-04-27 15:43:45','2015-05-22 15:29:00'),(531,'2015-04-22','Empalme y caracterización ','Se visitó la UPSS Nuevo Occidente. El funcionario sabe de la instalación de la red y de los equipos, se instalarán en total 6. Se observó el lugar y el contexto, se recorrió con dos de las gestoras Tic que lo acompañarán y se estableció contacto con algunas personas del lugar.','Ninguno','UPSS_Nuevo_Occidente_Empalme_y_recorrido.jpg',NULL,'IMG_20150422_100603451.jpg','uploads/meeting/meeting_adjunct',2,496,23,'2015-04-27 15:49:03','2015-05-22 15:29:00'),(532,'2015-04-20','Gestión de procesos','Se realizó una reunión con el rector de la IE y la docente de informatica encargada del aula abierta para conversar sobre los procesos de formación que se están dando y la posible articulación del programa, indicando cual es la oferta que tenemos para ellos.','Realizar una nueva reunión para programar actividades en la Institución.','IE_Fe_y_Alegria_El_Limonar_Reunion_Programacion_de_charlas.jpg','IE_Fe_y_Alegria_El_Limonar_Seguimiento_Aula_Abierta.jpg',NULL,'uploads/meeting/meeting_adjunct',4,340,15,'2015-04-29 08:52:34','2015-05-22 15:29:00'),(533,'2015-04-22','Gestión de procesos','Se realizó una reunión con el coordinador de convivencia de la jornada de la mañana para conversar de los procesos de formación que se iniciaran en la IE.','Programar una nueva reunión después de que se defina el paro, para programar otras charlas en la IE.','IE_San_Antonio_de_Prado_Programacion_de_charlas.jpg',NULL,NULL,'uploads/meeting/meeting_adjunct',4,130,15,'2015-04-29 09:05:06','2015-05-22 15:29:00'),(534,'2015-04-22','Kit de inclusión y Procesos de formación','Se realizó una reunión con el coordinador de convivencia para programar actividades en la IE con padres de familia y estudiantes.','Se hará una charla de Navegar sin Naufragar con padres de familia.','IE_San_Antonio_de_Prado_Sede_Carlos_Betancur_Gestion_de_procesos.jpg',NULL,NULL,'uploads/meeting/meeting_adjunct',4,140,15,'2015-04-29 10:13:41','2015-05-22 15:29:00'),(535,'2015-04-22','Gestión de procesos','Se realizó una reunión con los dos encargados del telecentro, donde se programó una sesión de fotografía con un grupo de alfabetización digital que ellos tienen, la idea es hacer un piloto para luego realizar un taller completo.','Taller corto de Narrativas digitales para el 13 de mayo','Telecentro_San_Antonio_de_Prado_Programacion_de_sesion_de_narrativas_digitales.jpg',NULL,NULL,'uploads/meeting/meeting_adjunct',4,210,15,'2015-04-29 10:40:25','2015-05-22 15:29:00'),(536,'2015-04-22','Procesos de formación','Se realizó una reunión con el coordinador de la Biblioteca para conversar acerca de los procesos de formación que se han dictado en el sitio, además de programar nuevos procesos con ellos.','Realizar otra reunión para programar procesos.','Biblioteca_Filial_San_Antonio_de_Prado_Gestion_de_procesos.jpg',NULL,NULL,'uploads/meeting/meeting_adjunct',4,195,15,'2015-04-29 10:50:13','2015-05-22 15:29:00'),(537,'2015-04-23','Gestión de procesos','Reunión con la dinamizadora del telecentro para programar algunas charlas y procesos de formación con la comunidad.','Charla dispositivos móviles, agendar nueva reunión para programar otros procesos.','Telecentro_Belen_Zafra_Reunion_Gestion_de_procesos.jpg',NULL,NULL,'uploads/meeting/meeting_adjunct',4,454,15,'2015-04-29 11:01:00','2015-05-22 15:29:00'),(538,'2015-04-24','Procesos de formación','Se realizó una reunión con la secretaría de la Unidad Integral 6 de Belén, con la idea de iniciar convocatoria para procesos de Alfabetización digital.','Se iniciara convocatoria para procesos de formación.','Unidad_Integral_6_de_Belen_Reunion_Gestion_de_procesos.jpg',NULL,NULL,'uploads/meeting/meeting_adjunct',4,362,15,'2015-04-29 11:04:57','2015-05-22 15:29:00'),(539,'2015-04-15','Reunión de empalme y nuevos procesos 2015 ','Se hizo la primera reunión de empalme del proceso anterior con el fin de conocer los compromisos previamente establecidos con la Institución educativa, conocer el contacto enlace y planear los procesos nuevos para el año 2015. \r\nEl año anterior se trabajó en el aula abierta con adultos mayores, para el año lectivo se pretende iniciar el acompañamiento con la comunidad educativa de primaria y secundaria. \r\nPara el segundo semestre: Procesos con bachillerato y acompañamiento y capacitación al personero escolar para dar charlas de Gobierno en línea y navegar sin naufragar para jóvenes. \r\nEl profesor Diego, cuenta con un grupo de jóvenes del grado noveno con quienes viene trabajando en animación 3D y stopmotion que puede ser un referente para iniciar un laboratorio audiovisual en dicho colegio. ','Agendar charlas de navegar sin naufragar para los estudiantes de los grados primaria y capacitación a la planta docente. ',NULL,NULL,NULL,'',2,251,41,'2015-04-29 11:07:37','2015-05-22 15:29:00'),(540,'2015-04-15','Empalme procesos anteriores y planeación 2015','Empalme con dinamizador del telecentro para retomar el proceso anterior y darle seguimiento a los compromisos previamente establecidos con este sitio. Conocimiento y contacto de la nueva gestora en Cultura Digital. ','Retomar el taller de narrativas digitales con el grupo de niños con el que actualmente trabaja la dinamizadora. ','IMG_6513.JPG','IMG_6517.JPG',NULL,'uploads/meeting/meeting_adjunct',2,197,41,'2015-04-29 12:05:03','2015-05-22 15:29:00'),(541,'2015-04-16','Empalme y nuevos procesos 2015 ','En esta reunión se presentó la nueva persona de cultura digital que acompañará el proceso y a la par se hizo empalme con la anterior gestora Johana Higuita sobre los procesos anteriores y compromisos pendientes. \r\nSe planearon las actividades para este año y el acompañamiento de un Gestor Tic para los nuevos procesos de web 2.0','Inicio de curso de web 2.0 acompañamiento de gestora tic Daniela Puerta para el 5 de mayo en las horas de la tarde. ','IMG_6580.JPG','IMG_6573.JPG',NULL,'uploads/meeting/meeting_adjunct',2,179,41,'2015-04-29 14:36:14','2015-05-22 15:29:00'),(542,'2015-04-28','Planeación de actividades.','Se realizó una reunión para programar actividades con personas en situación de discapacidad y con niños en las \"vacaciones creativas\". Se va a realizar taller de narrativas dirigido a personas en situación de discapacidad y una jornada de creación audiovisual infantil en la semana de vacaciones de mitad de año.',' Quedó como compromiso construir las actividades para la jornada de creación infantil. ','Parque_Biblioteca_Guayabal_Reunion_de_seguimiento_y_planeacion.jpg',NULL,NULL,'uploads/meeting/meeting_adjunct',4,192,43,'2015-04-29 15:28:29','2015-05-22 15:29:00'),(543,'2015-04-14','Reunión de empalme','Reunión con uno de los funcionarios del CEDEZO, quien informa el cambio de coordinador y la realización de dos cursos de emprendedores en el parque biblioteca. Le parece pertinente planificar procesos de formación con el programa después de mitad de año. \r\n','Compromiso. Reunión con el nuevo coordinador para programar actividades.','CEDEZO_La_Ladera_empalme_1.jpg','CEDEZO_La_Ladera_empalme_2.jpg',NULL,'uploads/meeting/meeting_adjunct',2,170,20,'2015-04-29 16:07:48','2015-05-22 15:29:00'),(544,'2015-04-14','Empalme y planeación','Reunión de planeación con la profesora enlace y el coordinador académico para definir la intervención del programa MCI en la institución, se concreta la realización de GEL para todos los estudiantes del grado 11° . Están realizando aula abierta abren su institución para la formación de adultos y con el programa \"la U en el barrio\" del ITM con la tecnología en administración. \r\n','Compromiso: realizar una visita para caracterizar la institución como posible beneficiaria del kit de inclusión digital. Agendar reunión con la presencia de la profesional de la UAI','Federico_Ozanam_planificacion_1.jpg','Federico_Ozanam_planificacion_3.jpg','Federico_Ozanam_planificacion_2.jpg','uploads/meeting/meeting_adjunct',4,303,20,'2015-04-29 16:30:54','2015-05-22 15:29:00'),(545,'2015-04-14','Reunión de empalme y planeación','Reunión de empalme y planificación de actividades con el rector y la coordinadora de la institución. Se acuerda realizar dos talleres de GEL para estudiantes del grado 11° y  charla de NSN para padres de familia.','Confirmación de las actividades','IE_Villa_Turbay_planificacion_2.jpg','IE_Villa_Turbay_planificacion_1.jpg',NULL,'uploads/meeting/meeting_adjunct',2,327,20,'2015-04-29 16:53:34','2015-05-22 15:29:00'),(546,'2015-04-16','Reunión de empalme y planeación','Reunión de empalme y planificación de actividades con el dinamizador del telecentro. Se acuerda realizar taller de GEL para el grupo de avanzada, charla de NSN para adultos. \r\n','Compromiso: programar en junio narrativas digitales sonoras para niños. y narrativas digitales fotografía','Telecentro_La_Sierra_planificacion_2.jpg','Telecentro_La_Sierra_planificacion_1.jpg',NULL,'uploads/meeting/meeting_adjunct',2,470,20,'2015-04-29 17:09:10','2015-05-22 15:29:00'),(547,'2015-04-15','Reunión de empalme y planeación','Reunión de empalme con la funcionaria encargada del CAM. Indagada por la repotencialización del punto de navegación. ','La gestora se compromete averiguar sobre este asunto con el área de conectividad, además, de mirar la posibilidad de la presencia de un gestor TIC en el punto de navegación para la atención al público.','CAM_empalme.jpg',NULL,NULL,'uploads/meeting/meeting_adjunct',2,535,20,'2015-04-29 17:16:58','2015-05-22 15:29:00'),(548,'2015-04-24','Gestión de activación Zona WIFI','Se realizó una reunión con el gestor administrativo del desarrollo integral Belén Zafra en donde se pudo programar una activación en el sitio.','Activación Zona WIFI el próximo 9 de mayo.','Desarrollo_Integral_Beleb_Zafra_Reunion_programacion_de_activacion_WIFI.jpg',NULL,NULL,'uploads/meeting/meeting_adjunct',4,559,15,'2015-04-30 07:52:00','2015-05-22 15:29:00'),(549,'2015-04-29','Aula Abierta y procesos de formación','Se realizó una reunión con la docente Mary Luz Velez quién lidera los cursos de alfabetización digital con la comunidad en el aula abierta de la IE, se programaron diferentes actividades con los padres de familia y con los estudiantes, además se logro conversar con algunas de las madres que están en los cursos quiénes dicen que se sienten muy contentas en el curso.','Se programaron diferentes actividades con los padres de familia y con los estudiantes.','IE_Antonio_Ricaurte_Reunion_Aula_abierta.jpg','IE_Antonio_Ricaurte_Seguimiento_Aula_Abierta.jpg',NULL,'uploads/meeting/meeting_adjunct',4,328,15,'2015-04-30 08:43:38','2015-05-22 15:29:00'),(550,'2015-04-16','Planeación de activación ','Reunión entre la líder de apropiación y el tesorero municipal, este último se encuentra interesado en la activación del punto. Se plantea  la formación de los tres jóvenes por la convivencia y una actividad de activación del punto de navegación. ','Formación de jóvenes por la convivencia en el registro al portal de ciudad y algunos trámites en línea. Activación del punto de navegación','Tesoria_municipal_planificacion_1.jpg','Tesoria_municipal_planificacion_2.jpg',NULL,'uploads/meeting/meeting_adjunct',4,437,20,'2015-04-30 10:26:15','2015-05-22 15:29:00'),(551,'2015-04-20','Reunión de empalme y planeación','Reunión de empalme y planeación de actividades de acompañamiento del programa. Se planifican dos charlas de GEL para estudiantes del grado 11° y 4 charlas de NSN para estudiantes de 8° y 9°. Se plantea la posibilidad de realizar el taller de narrativas digitales con estudiantes del grado 5°.\r\n','Compromiso: Enviar el contenido de narrativas digitales  a la profesora',NULL,NULL,NULL,'',2,304,20,'2015-04-30 11:37:28','2015-05-22 15:29:00'),(552,'2015-04-23','Empalme y Seguimiento al Kit','Se visitó el Jardín Infantil para hacer seguimiento de kit de inclusión digital y se estableció contacto tanto con la coordinadora como con la educadora especial. En este momento el kit no se usa por varias razones. Se detectó algo de desconocimiento de su utilidad, además de esto el personal de este año es nuevo y en la población infantil no hay presencia de discapacidades; sin embargo se realizará un breve diagnóstico con la comunidad para identificar posibles necesidades. Además de esto se generó una alianza con la educadora especial para agendar una capacitación con los gestores de cultura Digital en relación a los tipos de discapacidad, estrategias y demás aspectos relevantes ',' Regresar para conversar sobre hallazgos del diagnóstico con la comunidad y verificar la pertinencia del kit.\r\nAgendar la capacitación para los gestores de cultura Digital','2015_04_30.jpg','2015_04_30_1.jpg',NULL,'uploads/meeting/meeting_adjunct',2,413,23,'2015-04-30 11:50:39','2015-05-22 15:29:00'),(553,'2015-04-28','Empalme y planeación','Reunión entre el director de comunicaciones Concejo de Medellín y uno de los comunidadores del programa para generar estragegias de divulgación de la red wifi libre del recinto del Concejo. \r\nToman nota sobre las estrategias para ser implementadas en el lugar.','Implementación de estrategias de divulgación por parte del área de contenidos y comunicación pública del programa','Recinto_Concejo_municipal_empalme.jpg',NULL,NULL,'uploads/meeting/meeting_adjunct',2,536,20,'2015-04-30 12:15:14','2015-05-22 15:29:00'),(554,'2015-04-22','Asesoría en GEL','Formación en GEL a dos jóvenes por la convivencia quienes nos acompñaran como gestoras TIC en el punto de navegación de la tesorería municipal. Quedaron muy motivadas frente a los nuevos trámites que conocieron los cuales les servirán para brindar un mejor servicio a los usurarios. ','Atención de usuarios en la intervención al día siguiente','Tesoreria_municipal_seguimiento_2.jpg','Tesoreria_municipal_seguimiento_1.jpg',NULL,'uploads/meeting/meeting_adjunct',4,437,20,'2015-04-30 13:09:41','2015-05-22 15:29:00'),(555,'2015-04-01','Empalme y gestión de procesos','Reunión de empalme y planeación de procesos de formación con la profesional de servicios de información y un auxiliar de la Biblioteca. Confirmación de los datos de los encargados del sitio.','Confirmar las fechas de inicio de proceso de formación para los auxiliares de la Biblioteca, a partir de la primera semana de mes de Mayo.','Biblioteca_EPM_Empalme.jpg','Biblioteca_EPM_Empalme_2.jpg',NULL,'uploads/meeting/meeting_adjunct',2,163,40,'2015-04-30 13:19:35','2015-05-22 15:29:00'),(556,'2015-04-08','Empalme y gestión de procesos','Reunión de empalme y planeación con la Rectora de la Institución y el Maestro de Informática para iniciar procesos de formación con los estudiantes. ','Se iniciará charla de Gobierno en Línea con los alumnos de los grados 10° y 11° el día 20 de abril y se programará charla de Navegar sin Naufragar con los alumnos de los grados 4° y 5°. ','I_E_Miraflores_Empalme_2.jpg','I_E_Miraflores_Empalme_1.jpg','I_E_Miraflores_Empalme_3.jpg','uploads/meeting/meeting_adjunct',2,316,40,'2015-04-30 13:37:54','2015-05-22 15:29:00'),(557,'2015-04-23','Empalme y planeación con Coordinador','Se llevó a cabo reunió con la coordinadora de la I.E. Se retomaron las intervenciones del año pasado con el propósito de analizar la pertinencia de las acciones a proponer para el presente año; por lo tanto se tocó el tema del aula abierta en donde se dejó claro la importancia de buscar un chico de pp para gestionar nuevamente el proceso. De parte de  Colegio analizar la posibilidad de contar con alfabetizadores a modo de generar un proceso más sostenible. Se habló además del proceso con la escuela de padres para generar intervenciones respecto al acompañamiento en temas como el acceso a internet de forma  segura de los chicos y chicas y para esto se brindaron los datos de la persona encargada de este espacio que es la docente Yanet Acevedo.\r\n\r\nPara el mes de Agosto se piensa en realizar GEL con décimos y once.','Se propone la creación por parte de la IE DE un comité de navegar sin naufragar liderado por el personero, una persona de apoyo pedagógico y los representantes de cada grupo, desde sexto a noveno de modo que este comité será capacitado en la charla y será encargado de replicarla en todos los grupos además de generar otras acciones que apoyen la promoción del uso seguro y responsable del internet a modo de campaña preventiva. LLamar la segunda semana de mayo para evaluar el estado de la I.E por motivos del Paro Docente.','1429798782617.jpg',NULL,NULL,'uploads/meeting/meeting_adjunct',2,417,23,'2015-04-30 14:31:49','2015-05-22 15:29:00'),(558,'2015-04-09','Empalme y gestión de procesos','Reunión con el profesor Hamer para gestionar procesos de formación y confirmar aula abierta. ','Se programa charla de Navegar Sin Naufragar para adultos el día martes 14 de abril a las 7:00 pm hasta las 9:00 pm.','I_E_Luis_Carlos_Galan_Sarmiento_Sede_Nino_Jesus_de_Praga_Empalme.jpg',NULL,NULL,'uploads/meeting/meeting_adjunct',2,313,40,'2015-04-30 16:13:57','2015-05-22 15:29:00'),(559,'2015-04-15','Empalme y gestión de procesos','Reunión con la Coordinadora Marta Cecilia García para gestionar procesos de formación para los funcionarios y recolección de indicadores del sitio.','Queda pendiente consultar las necesidades del los funcionarios en capacitación, para evaluar los procesos para la intervención.','Archivo_Historico_de_Medellin_Empalme.jpg',NULL,NULL,'uploads/meeting/meeting_adjunct',2,292,40,'2015-04-30 16:28:48','2015-05-22 15:29:00'),(560,'2015-04-15','Empalme y gestión de procesos','Reunión de empalme con la Inspectora Luz Mary Toro y la Contratista de descongestión para gestión de proceso de formación para los funcionarios del sitio. ','Queda pendiente confirmar el proceso y la fecha.','Inspeccion_10B_Empalme_2.jpg','Inspeccion_10B_Empalme.jpg',NULL,'uploads/meeting/meeting_adjunct',2,306,40,'2015-04-30 16:47:31','2015-05-22 15:29:00'),(561,'2015-04-23','Gestión con Aliados','Se llevó a cabo reunión con la señora Martha Aldana, trabajadora Social del programa Jóvenes por la convivencia con el propósito de gestionar procesos de formación para 60 chicos y chicas pertenecientes al programa. Inicialmente se hizo un recuento del programa, sus particularidades y tiempos. De este encuentro surge como necesidad primaria realizar la charla de GEL en un primer momento con todos y todas. Algunos se trasfieren a zona 4 por pertenecer a belén. Se sugiere adicionar información del ICFES dado  que algunos chicos y chicas no los han presentado y tienen dudas respecto de fechas, formas, páginas, entre otras cosas','Se programan dos charlas de GEL estudiantes para jueves 18 de junio y 23 de junio a las 2 p.m cada una.','1429821430347.jpg','IMG_20150423_145736867.jpg',NULL,'uploads/meeting/meeting_adjunct',3,187,23,'2015-04-30 21:53:11','2015-05-22 15:29:00'),(562,'2015-04-06','Reunión con Andrea Sierra','Reunión con técnica de Cultura Digital para hablar de los procesos que se llevarán a cabo durante este año.','Organizar el cronograma para dictar entre otras cursos de edición de video y stop motion para los asistentes al Parquebiblioteca','Parque_Biblioteca_12_de_Octubre_Reunion_de_planeacion.JPG',NULL,NULL,'uploads/meeting/meeting_adjunct',4,453,42,'2015-05-02 19:05:24','2015-05-22 15:29:00'),(563,'2015-04-08','Reunión de empalme con luis Arias','Reunión de planeación para lo que se hará en el telecentro este año.','Se realizarán cursos de AD y GEL y charlas de NSN para los asistentes al telecentro ','Telecentro_Plaza_Colon_Reunion.JPG',NULL,NULL,'uploads/meeting/meeting_adjunct',2,200,42,'2015-05-02 19:29:45','2015-05-22 15:29:00'),(564,'2015-04-13','Reunión con Mario Ceballos','Reunión de empalme con el coordinador de la biblioteca para planear que procesos se llevarán a cabo en el año','tendremos charlas de Gobierno en Línea y Navegar sin Naufragar, además de apoyar los cursos de Alfabetización Digital','Biblioteca_Tren_de_Papel_Reunion_de_Planeacion.jpg',NULL,NULL,'uploads/meeting/meeting_adjunct',2,182,42,'2015-05-02 19:59:58','2015-05-22 15:29:00'),(565,'2015-04-16','Reunión con Ibsen Cossio','Reunión para planear que se hará este año en la institución','se harán charlas de Gobierno en Línea para jóvenes de los grados superiores y de Navegar sin Naufragar para los chicos de primaria','Institucion_Educativa_Pedro_Claver_Aguirre_Reunion_de_Planeacion.jpg',NULL,NULL,'uploads/meeting/meeting_adjunct',2,232,42,'2015-05-02 20:10:11','2015-05-22 15:29:00'),(566,'2015-04-17','Reunión con Cristian Álvarez','Reunión con el coordinador de la institución para planear los procesos del año','Hacer charlas de Navegar Sin Naufragar y Gobierno en Línea para Jóvenes','I_E_Tricentenario_Reunion_de_Planeacion.JPG',NULL,NULL,'uploads/meeting/meeting_adjunct',2,228,42,'2015-05-02 20:16:17','2015-05-22 15:29:00'),(567,'2015-04-17','Reunión con Rubén Patiño','Reunión para hacer planeación de lo que se hará este año en la institución ','Haremos charlas y cursos en la institución','I_E_Diego_Echavarria_Misas_Reunion_de_Planeacion-0.JPG',NULL,NULL,'uploads/meeting/meeting_adjunct',2,225,42,'2015-05-02 20:18:27','2015-05-22 15:29:00'),(568,'2015-04-17','Reunión con Cielo Vélez','Reunión para hacer seguimiento del Kit de inlusión','Planear una reunión con gente que les enseñe bien el manejo, para apropiarse de dicho kit y poder manejarlo mejor en la institución','Institucion_Educativa_Diego_Echavarria_Misas_Seguimiento_Kit_de_Inclusion.jpg','Institucion_Educativa_Diego_Echavarria_Misas_Seguimiento_Kit_de_Inclusion_2.jpg',NULL,'uploads/meeting/meeting_adjunct',2,225,42,'2015-05-02 20:22:23','2015-05-22 15:29:00'),(569,'2015-04-17','Reunión con ediles de la comuna 7','Nos reunimos para hablar de la estrategia de Gestores TIC ','Una próxima reunión para hablar con los demás ediles','Institucion_Educativa_Villa_Flora_reunion_con_JAL_7.JPG',NULL,NULL,'uploads/meeting/meeting_adjunct',3,289,42,'2015-05-02 20:32:57','2015-05-22 15:29:00'),(570,'2015-04-22','Reunión con Daniel Gaviria','Reunión para hacer el cronograma de Aulab','vamos a trabajar en conjunto con las personas de la biblioteca entonces se quedó de dividir los temas para darlos por módulos','Parquebiblioteca_La_Quintana_Reunion_de_planeacion.jpg',NULL,NULL,'uploads/meeting/meeting_adjunct',2,184,42,'2015-05-02 20:44:39','2015-05-22 15:29:00'),(571,'2015-04-23','Reunión con Luis Lizón','Reunión para hablar del proceso del Kit de Inclusión en la institución.','Organizar una reunión con personas de varias instituciones para que vayan a ver el proceso que lleva el ITM con su kit.','Instituto_Tecnico_Metropolitano_Reunion_Planeacion.jpg',NULL,NULL,'uploads/meeting/meeting_adjunct',2,412,42,'2015-05-03 08:17:06','2015-05-22 15:29:00'),(572,'2015-04-23','Reunión con Bienestar','Reunión para planear la intervención del programa en las jornadas de bienestar de la institución, apoyando en el tema de Gobierno en Línea','El señor Ramón quedó de enviar un correo con las fechas donde podríamos realizar la intervención','Instituto_Tecnico_Metropolitano_Reunion_Planeacion_Bienestar.JPG',NULL,NULL,'uploads/meeting/meeting_adjunct',2,412,42,'2015-05-03 08:21:30','2015-05-22 15:29:00'),(573,'2015-04-06','Planeación 2015','El encuentro se realiza con Flor Yolanda dinamizadora del Telecento Doce de Octubre, se dialoga frente a los procesos que se han llevado a cabo en el espacio y se acuerda realizar un taller de GEL con la comunidad, con miras a potenciar el uso adecuado de los trámites en los asistentes al espacio. ','Iniciar el curso de Gobierno con la comunidad, los funcionarios del telecentro son los encargados de realizar la convocatoria de los participantes. ','Telecentro_Doce_de_Octubre_Empalme_y_planeacion.jpg',NULL,NULL,'uploads/meeting/meeting_adjunct',2,480,24,'2015-05-03 12:37:22','2015-05-22 15:29:00'),(574,'2015-04-06','Planeación 2015','Las dos entidades presentan el panorama de las actividades a realizar durante el año, se propone en este primer semestre trabajar con edición de video, además de dictar conjuntamente un curso de Alfabetización digital a madres comunitarias de los Buen Comienzo de la zona. ','El día jueves 9 de abril nos reuniremos con las propuestas que desde cada una de las entidades se tendrán para trabajar con está población. ','PB_Doce_de_Octubre_Empalme_y_planeacion.jpg',NULL,NULL,'uploads/meeting/meeting_adjunct',2,183,24,'2015-05-03 12:46:07','2015-05-22 15:29:00'),(575,'2015-04-28','Planeación de actividades','Se realizó una reunión con el Coordinador de la IE con el fin de agendar actividades de acuerdo a las necesidades propias de la IE, El coordinador manifestó estar interesado en que se desarrollara dentro de la institución un taller de narrativas con fotografía.  La idea es realizarlo a finales de mayo con población sorda de la IE. El coordinador realizará la gestión de un Modelo de lenguaje para mejorar la comunicación con las personas sordas que asistan a la taller. ','Se espera realizar la primera sesión apenas se retomen las clases (en el momento la IE se encuentra en paro de maestros) por esa razón la fecha es tentativa para finales de mayo. ','IE_Francisco_Luis_Hernandez_Reunion_planeacion.JPG',NULL,NULL,'uploads/meeting/meeting_adjunct',3,160,21,'2015-05-03 13:24:52','2015-05-22 15:29:00'),(576,'2015-04-30','Procesos de formación','Se realizó una reunión con los funcionarios de la biblioteca para conversar acerca de los posibles procesos de formación que se pueden dictar con la comunidad.','Se quedo con el compromiso de iniciar un taller de narrativas digitales con los jóvenes que asisten los sábados a la biblioteca.','Biblioteca_Publica_El_Limonar_Reunion.jpg',NULL,NULL,'uploads/meeting/meeting_adjunct',4,196,15,'2015-05-03 13:28:10','2015-05-22 15:29:00'),(577,'2015-04-09','Planeación Curso','En está ocasión cada uno de los programas plantea las sesiones que deberá llevar el curso de Alfabetización Digital con las madres comunitarias del Buen Comienzo, para esto cada uno de los participantes de la reunión propone ejercicios para llevar a cabo este proceso. ','El curso iniciará el día 28 de abril a las 6:00 p.m. en las instalaciones del PB, este se hace responsable de la convocatoria de las personas. ','PB_Doce_de_Octubre_Seguimiento_y_planeacion.jpg',NULL,NULL,'uploads/meeting/meeting_adjunct',4,183,24,'2015-05-03 13:33:23','2015-05-22 15:29:00'),(578,'2015-04-28','Empalme y planeación','Se realizó una reunión con el dinamizador del Telecentro con el fin de mirar las necesidades de la población que se acerca al Telecentro en el barrio Sta Cecilia, el dinamizador trabaja en su mayoría con adultos mayores, por esa razón se contempló la idea de realizar un taller de web 2.0 con estas personas cuando ya hallan avanzado en el curso que ven en la actualidad con el dinamizador. También se hizo evidente realizar un trabajo con los y las  jovenes del Telecentro ya ue son uno de los públicos más alejados de las dinámicas que se realizan en el Telecentro. La idea es buscar una alianza con la IE más cercana para invitar a este público a participar de varias actividades. ','Se quiere realizar un taller de Gobierno en línea con funcionarios y funcionarias de los Telecentro de la zona, la idea es realizarlo para finales de mayo. La fecha está por confirmar. ','Telecentro_Sta_Cecilia_2_Reunion_de_planeacion.JPG',NULL,NULL,'uploads/meeting/meeting_adjunct',2,519,21,'2015-05-03 13:38:10','2015-05-22 15:29:00'),(579,'2015-04-28','Reunión de gestión y empalme','En la reunión se conversó sobre la necesidad de que en la IE se realicen acompañamientos con los y las jóvenes, ya que son el público que más necesidades presenta dentro de la IE. Así mismo el rector manifestó un intereses en que el acompañamiento del programa esté ligado a reforzar las habilidades de los y las estudiantes de su institución, se mencionó la posibilidad de realizar un preicfes y un preuniversitario para brindar más posibilidad de acceder a la educación superior de estas personas.','Se realizará inicialmente un apoyo a la construcción del periódico barrial digital que será construído por los y las estudiantes de 10 y 11 grado de la IE. Se espera comenzar con este proceso el martes 5 de mayo. ','IE_Pequena_Maria_Reunion_de_Empalme_y_planeacion.JPG',NULL,NULL,'uploads/meeting/meeting_adjunct',3,264,21,'2015-05-03 13:59:30','2015-05-22 15:29:00'),(580,'2015-03-31','Planeación de actividades ','Se realizó una reunión con el coordinador del sitio, debido a que la mayor parte de personas que frecuentan la casa de la cultura son adultos y adultas mayores se manifesta la necesidad de realizar un trabajo que involucre a este público. Se decidió continuar con la estrategia implementada el año pasado de narrativas digitales fotografía y trabajar el documental con el fin de constribuir a hacer memoria de barrio. ','La fecha de inicio del taller se programó para el 17 de mayo a las 3 pm.',NULL,NULL,NULL,'',4,248,21,'2015-05-03 14:12:33','2015-05-22 15:29:00'),(581,'2015-04-21','Planeación de actividades','Se realizó una reunión con el dinamizador del telecentro para determinar el acompañamiento del Programa en el sitio. El dinamizador manifestó que sería muy enriquecedor para las personas del telecentro recibir formación en web 2.0 ya que son contenidos que generalmente desconocen. La idea es realizar un taller de web 2.0 con las personas que hayan terminado Alfabetización Digital en los cursos del Telecentro.','Se espera concretrar la fecha a finales de mayo para iniciar con el taller a principios de junio. ','Telecentro_San_Joaquin_Reunion_de_Planeacion.jpg',NULL,NULL,'uploads/meeting/meeting_adjunct',4,467,21,'2015-05-03 14:25:29','2015-05-22 15:29:00'),(582,'2015-04-13','Planeación Taller sensibilización Kit de inclusión','La reunión se llevó a cabo con la técnico de Biblioteca Norma Ibargüen encargada de dinamizar el kit de inclusión digital, la reunión se centró en planear el taller de sensibilización con la comunidad referente al Kit de inclusión digital que se encuentra en el espacio. ','La técnico de biblioteca se compromete a realizar la convocatoria de las personas que asistirán a la sensibilización, además de tener a punto la sala de computadores para la actividad.','PB_La_Quintana_Planeacion_procesos.jpg',NULL,NULL,'uploads/meeting/meeting_adjunct',4,184,24,'2015-05-03 14:30:54','2015-05-22 15:29:00'),(583,'2015-04-14','Empalme y planeación 2015','La coordinadora de la tarde realiza una presentación oficial del coordinador de la Jornada de la mañana, esté se encuentra muy interesado en que las charlas de GEL se dicten a los chicos de los grados décimo y once, además se trabajará con el CLEI con el fin de dar a conocer las ofertas universitarias. ','Ninguno','IE_Picachito_Empalme_y_planeacion.jpg',NULL,NULL,'uploads/meeting/meeting_adjunct',2,420,24,'2015-05-03 14:55:02','2015-05-22 15:29:00'),(584,'2015-04-08','Planeación de actividades','Se realizó una reunión en la IE sede Marco Fidél Suárez. Se quiere realizar varias charlas de Navegar sin Naufragar en vista de que los niños y niñas de la IE desconocen en buena parte los riegos que pueden ocurrir en Internet. Así mismo se realizará acompañamiento al Kit de inclusión Digital que posee la sede. ','Se dictarán varias charlas con los grados 4 y 5. Las charlas están programadas para mediados de mayo. ','IE_Pedro_Luis_Villa_Reunion.jpg',NULL,NULL,'uploads/meeting/meeting_adjunct',4,149,21,'2015-05-03 15:08:47','2015-05-22 15:29:00'),(585,'2015-04-16','Planeación de actividades','Se realizó una reunión con la coordinadora del CEDEZO con el fin de mirar cómo será el acompañamiento este año a el sitio. La funcionaria se mostró interesada por la repotenciación del sitio, ya que la sala no cuenta con Internet y ello dificulta que se puedan realizar procesos formativos en el espacio. Se quiere realizar un taller de web 2.0 con las personas del Cedezo. También se conversó sobre las experiencias anteriores con el Programa y se definió que se realizaría una convocatoria entre los tres Cedezos de la zona (Cedezo de Moravia, Manrique y Sto Domingo) para así asegurar que más emprendedores y emprendedoras reciban la formación con el Programa.','La funcionaria realizará una reunión zonal con los otros dos Cedezos para mirar los requisitos y convocatoria. ','Cedezo_Moravia_Reunion.jpg',NULL,NULL,'uploads/meeting/meeting_adjunct',4,166,21,'2015-05-03 15:18:51','2015-05-22 15:29:00'),(586,'2015-04-14','Reunión Planeación con Gestores TIC ','La reunión se llevó a cabo con los Gestores TIC que vienen acompañando los procesos en la Biblioteca, se fomentan acuerdos entre los Gestores y la Coordinadora de la Biblioteca. ','Iniciar el curso de Narrativas digitales con la comunidad. ','Biblioteca_Familia_La_Esperanza_Seguimiento_Gestores_TIC_2.jpg','Biblioteca_Familia_La_Esperanza_Seguimiento_Gestores_TIC_1.jpg',NULL,'uploads/meeting/meeting_adjunct',2,479,24,'2015-05-03 15:22:51','2015-05-22 15:29:00'),(587,'2015-04-15','Planeación 2015','Se realiza una reunión donde se plantean las acciones a realizar durante el año. Se espera continuar con el Aula Abierta en un taller de Herramientas Web 2.0 en el primer semestre, con algunos estudiantes se realizará un taller de Narrativas Digitales. ','Realizar una reunión con la comunidad para definir los días y horas del taller. Para esto el docente se compromete a realizar la convocatoria. ','IE_Gerardo_Valencia_Cano_Empalme_y_planeacion_2.jpg','IE_Gerardo_Valencia_Cano_Empalme_y_planeacion_1.jpg','IE_Gerardo_Valencia_Cano_Empalme_y_planeacion_3.jpg','uploads/meeting/meeting_adjunct',2,410,24,'2015-05-03 15:29:21','2015-05-22 15:29:00'),(588,'2015-04-16','Planeación 2015','En está reunión se plantean las acciones que se llevarán durante el año, se planea para el primer semestre charlas de GEL y NSN','No hay compromisos','IE_Camilo_Mora_Carrasquilla_empalme_y_planeacion.jpg',NULL,NULL,'uploads/meeting/meeting_adjunct',2,482,24,'2015-05-03 15:37:45','2015-05-22 15:29:00'),(589,'2015-04-20','Reunión de empalme con aliados','La IE Ciudad Don Bosco nos hizo una petición de trabajar con un grupo de chicos desvinculados del conflicto armado, para esto se recurre a una reunión con ellos en la cual se plantea realizar charlas de NSN y GEL para estudiantes para el primer semestre, además de charlas de dispositivos móviles con las personas de servicios generales. ','El Gestor trabajará en una propuesta de fechas para presentarla a la IE','IE_Aures_Ciudad_Don_Bosco_empalme_y_planeacion.jpg',NULL,NULL,'uploads/meeting/meeting_adjunct',3,409,24,'2015-05-03 16:22:04','2015-05-22 15:29:00'),(590,'2015-04-20','Planeación 2015','En está reunión se replantea el modelo de Aula Abierta, a partir de esto se busca que los estudiantes que deben alfabetizar sean los encargados de dar los cursos, para esto se es formará y acompañará en el proceso. ','El docente elegirá a los estudiantes que participaran en el proceso. ','IE_Doce_de_Octubre_empalme_y_planeacion_2.jpg',NULL,NULL,'uploads/meeting/meeting_adjunct',2,274,24,'2015-05-03 16:28:59','2015-05-22 15:29:00'),(591,'2015-04-20','Planeación 2015','En está reunión nos sentamos con la docente encargada de dinamizar el Kit de Inclusión digital y con el docente Fran Edilson, realizaremos en el primer semestre Charlas de NSN y GEL, además se realizarán trabajos con la fundación de la cual hace parte la docente Pilar. ','Ningún compromiso','IE_El_Pedregal_Empalme_y_planeacion.jpg',NULL,NULL,'uploads/meeting/meeting_adjunct',2,275,24,'2015-05-03 16:35:42','2015-05-22 15:29:00'),(592,'2015-04-17','Empalme y gestión de procesos','Reunión de empalme y planeación de procesos de formación para los estudiantes de la institución con el rector Alfonso Guarín Salazar, se gestiona aula abierta y procesos de formación para la comunidad y estudiantes de alfabetización de la institución como gestores TIC para el aula abierta.','Se programa charla Gobierno en Línea con 8 grupos del 11° y charla de Navegar Sin Naufragar para los grupos de 4° y 5° en la Sección de primaria Luis Alfonso Agudelo, con sus respectivas fechas. Queda pendiente programación charla Navegar Sin Naufragar en la Sección de primaria Antonia Santos en los grupos de 4° y 5°. Se gestiona aula abierta para los sábados, queda por confirmar.','I_E_Javiera_Londono_Empalme.jpg',NULL,NULL,'uploads/meeting/meeting_adjunct',2,309,40,'2015-05-03 18:26:19','2015-05-22 15:29:00'),(593,'2015-04-28','Reunión de empalme y gestión','Reunión de empalme y planeación con la directora del centro educativo para realizar procesos de formación en la institución. ','Contactar a la profesora encargada de tecnología para desarrollar talleres de stopmotion con un grupo de niños de grado 5','CE_Media_Luna_Reunion_de_empalme_y_planeacion_2.JPG',NULL,NULL,'uploads/meeting/meeting_adjunct',2,432,17,'2015-05-03 18:36:20','2015-05-22 15:29:00'),(594,'2015-04-17','Empalme y gestión de procesos','Reunión con la directora del centro para gestionar procesos de formación con el grupo de alfabetizadores que tiene el centro.','Queda pendiente dar una fecha para charla de Gobierno en Línea para el grupo de alfabetizadores y hacer convocatoria.','Centro_de_Diversidad_Sexual_Empalme.jpg',NULL,NULL,'uploads/meeting/meeting_adjunct',2,300,40,'2015-05-03 18:37:51','2015-05-22 15:29:00'),(595,'2015-04-28','Reunión de empalme y gestión','Reunión de empalme y planeación con el coordinador del CEDEZO para realizar procesos de formación con los emprendedores. Se llega a la conclusión de ofrecer un curso de alfabetización digital con adultos que no tienen conocimiento de computadores. ','Agendar en conjunto con la biblioteca, un espacio para la capacitación.','Cedezo_Santa_Elena_Reunion_de_empalme_y_gestion_1.JPG','Cedezo_Santa_Elena_Reunion_de_empalme_y_gestion_2.JPG',NULL,'uploads/meeting/meeting_adjunct',2,173,17,'2015-05-03 18:49:22','2015-05-22 15:29:00'),(596,'2015-04-22','Empalme y gestión de procesos','Reunión empalme con el Coordinador Carlos Augusto Carmona para gestionar procesos de formación y asesorías personales para algunos funcionarios del Cedezo. ','Queda pendiente hablar con la encargada de la Biblioteca EPM para solicitar préstamo de una sala de sistemas para realizar procesos de formación con la población del Cedezo.','CEDEZO_Pasaje_La_Bastilla_Empalme.jpg',NULL,NULL,'uploads/meeting/meeting_adjunct',2,171,40,'2015-05-03 18:51:09','2015-05-22 15:29:00'),(597,'2015-04-28','Reunión de empalme y gestión','Reunión de empalme y planeación con las docentes del centro educativo para realizar procesos de formación en la institución. Las docentes manifiestan que la comunidad es muy difícil de convocar y participa muy poco de las dinámicas de la institución, por ello se decide desarrollar talleres de stopmotion con un grupo de niños de grado 5','Se concretó comenzar el día martes 11 de mayo en la mañana.','CE_El_Cerro_Reunion_de_empalme_y_planeacion_1.JPG','CE_El_Cerro_Reunion_de_empalme_y_planeacion_2.JPG','CE_El_Cerro_Reunion_de_empalme_y_planeacion_3.JPG','uploads/meeting/meeting_adjunct',2,423,17,'2015-05-03 19:04:19','2015-05-22 15:29:00'),(598,'2015-04-22','Empalme y gestión de procesos','Reunión de empalme con la coordinadora de sitio, para conocer las actividades que realizan y conocer las necesidades de la comunidad que frecuenta el sitio.','Planeación de asesorías y procesos de formación para la formación de la comunidad.','Centro_de_Informacion_e_Investigacion_Ambiental_Empalme.jpg',NULL,NULL,'uploads/meeting/meeting_adjunct',2,294,40,'2015-05-03 19:26:51','2015-05-22 15:29:00'),(599,'2015-04-27','Empalme y gestión de procesos','Reunión con Liboria y Horasio, profesores de Informática de la Institución Educativa Madre Laura para gestionar procesos de formación. ','Se programa Charla de Gobierno en Línea para los estudiantes del grado 11 y aula abierta para padres de familia. ','I_E_Madre_Laura_Empalme_1.jpg','I_E_Madre_Laura_Empalme_2.jpg',NULL,'uploads/meeting/meeting_adjunct',2,324,40,'2015-05-03 19:45:41','2015-05-22 15:29:00'),(600,'2015-04-28','Empalme y gestión de procesos','Reunión de empalme con Juan Díaz Londoño, rector de la institución, para gestionar procesos de formaciín para los estudiantes y para la comunidad en aula abierta.','Se programan charlas de GEL para los estudiantes de 11° y charla de NSN para los estudiantes de 4° y 5°. Se plantea proceso de formación para la comunidad en aula abierta.','I_E_Arzobispo_Tulio_Botero_Salazar_Empalme.jpg',NULL,NULL,'uploads/meeting/meeting_adjunct',2,422,40,'2015-05-03 19:55:23','2015-05-22 15:29:00'),(601,'2015-04-29','Empalme y gestión de procesos','Reunión de empalme para conocer los procesos que tienen en el sitio y seguimiento al uso del punto de navegación.',' Se plantea la necesidad de que se realice el registro de uso.','Escuela_del_Maestro_Empalme_1.jpg','Escuela_del_Maestro_Empalme_2.jpg',NULL,'uploads/meeting/meeting_adjunct',2,302,40,'2015-05-03 20:05:40','2015-05-22 15:29:00'),(602,'2015-04-29','Reunión Banco de la República de Medellín','Reunión de planeación de procesos de formación para los funcionarios del Banco.','Agendar charla de Gobierno en Línea.','Parque_Berrio_Banco_de_la_Republica_Gestion_con_Aliados.jpg',NULL,NULL,'uploads/meeting/meeting_adjunct',3,538,40,'2015-05-03 20:27:39','2015-05-22 15:29:00'),(603,'2015-04-22','Empalme y planeación 2015','Reunión de empalme y planeación, en esta se tratan temas tales como la conexión que se viene ejecutando en el momento en el TAL, puesto que en este espacio habrá punto de navegación y la conexión del parque de Pedregal a Internet wifi, se busca generar estrategias de apropiación y buenas prácticas de conexión a estos. Para esto se proponen charlas de GEL para jóvenes y NSN para todos los públicos. ','No hay compromisos','TAL_y_Casa_de_Cultura_de_Pedregal_Empalme_y_Planeacion_1.jpg','TAL_y_Casa_de_Cultura_de_Pedregal_Empalme_y_Planeacion_3.jpg',NULL,'uploads/meeting/meeting_adjunct',2,486,24,'2015-05-03 21:12:34','2015-05-22 15:29:00'),(604,'2015-04-22','Empalme y planeación 2015','La reunión se centro en la necesidad por parte del programa de conocer las fechas de entrega por parte del municipio a la comunidad, pues a la fecha la casa de la cultura del barrio pedregal no se encuentra abierta al público, la funcionaria espera que está sea entregada a mediados de agosto. ','Avisar cuando se entregará el espacio y continuar con el contacto entre las partes.','TAL_y_Casa_de_Cultura_de_Pedregal_Empalme_y_Planeacion_2.jpg',NULL,NULL,'uploads/meeting/meeting_adjunct',2,487,24,'2015-05-03 21:46:19','2015-05-22 15:29:00'),(605,'2015-04-23','Empalme y planeación 2015','Se le cuenta a la coordinadora la decisión de conectar el espacio bajo el modelo de punto de navegación y se espera que pronto se lleve a cabo este proceso, se realizarán algunas reuniones con los funcionarios de este espacio para contarles las estrategias que se implementarán, cuales serán además las responsabilidades por parte de ellos y del programa. ','Consolidar un diagnostico por parte de la entidad de los trámites que más se necesitan en el espacio, además se realizarán charlas de NSN para las comunidades que allí habitan. ','Centro_de_Salud_San_Camilo_Planeacion_y_empalme.jpg','Centro_de_Salud_San_Camilo_Planeacion_y_empalme_2.jpg',NULL,'uploads/meeting/meeting_adjunct',2,491,24,'2015-05-03 21:56:08','2015-05-22 15:29:00'),(606,'2015-04-27','Empalme y planeación 2015','Se busca retomar la planeación instaurada desde el año pasado, donde se plantearon algunas asesorías grupales para funcionarios en GEL y dispositivos móviles. ','Se espera generar por parte de la entidad un diagnostico de las personas que necesitan este apoyo. ','Casa_de_Justicia_Robledo_empalme_y_planeacion.jpg',NULL,NULL,'uploads/meeting/meeting_adjunct',2,271,24,'2015-05-03 22:13:54','2015-05-22 15:29:00'),(607,'2015-04-27','Planeación Taller sensibilización Kit de inclusión','En está oportunidad nos sentamos a plantear y revisar las herramientas del kit para el taller con personas en situación de discapacidad cognitiva que tendrá lugar el martes 28 de abril.','Llegar temprano al aula donde se realizará el taller para dar inicio a las 9 am','PB_La_Quintana_Planeacion_actividad_sensibilizacion_Kit.jpg',NULL,NULL,'uploads/meeting/meeting_adjunct',4,184,24,'2015-05-03 22:17:02','2015-05-22 15:29:00'),(608,'2015-04-28','Empalme y planeación 2015','Se busca retomar los procesos del año pasado y llegar a acompañar el Aula Abierta que tiene el Equipo Gestor DIGIKON de la IE, para esto se formarán a los docentes que hacen parte de este equipo gestor en herramientas web 2.0 y a las personas que hacen parte del aula abierta en narrativas digitales. ','No hay compromisos','IE_Alfredo_Cock_Arango_empalme_y_planeacion_1.jpg','IE_Alfredo_Cock_Arango_empalme_y_planeacion_2.jpg',NULL,'uploads/meeting/meeting_adjunct',2,267,24,'2015-05-03 22:23:19','2015-05-22 15:29:00'),(609,'2015-04-30','Feria de servicios Zonales','Planeación feria de servicios Zona 2: Comunas 5, 6 y 7. Se busca que todas las secretarías presenten sus propuestas de impacto en el territorio en una gran feria zonal que tendrá lugar el día 30 de mayo del presente año en el hall del Parque Biblioteca Doce de Octubre. Para esto el programa será el encargado de llegar con asesoría en trámites en línea, charlas de dispositivos móviles y activación de su punto Wifi. ','Asistir a la próxima reunión. ','Telecentro_Doce_de_Octubre_Gestion_Con_Aliados_1.jpg','Telecentro_Doce_de_Octubre_Gestion_Con_Aliados_2.jpg','Telecentro_Doce_de_Octubre_Gestion_Con_Aliados_3.jpg','uploads/meeting/meeting_adjunct',3,480,24,'2015-05-03 22:34:07','2015-05-22 15:29:00'),(610,'2015-04-28','Seguimiento al KIT de inclusión y planeación','Se realizó una reunión con la profesional de biblioteca para identificar el número de estudiantes en situación de discapacidad que tiene la Institución y cuales de estos estudiantes usan el KIT de inclusión digital, la profesional manifestó que la Institución Universitaria cuenta con 3 estudiantes en situación de discapacidad, los cuales usan el KIT de inclusión digital constantemente. Se pensó en la posibilidad de incluir personas externas, que vivan en el sector y que estén en situación de discapacidad para que aprovechen el recurso. \r\nAdemás se habló con un profesional del área de bienestar institucional, con el cual se pensó en la posibilidad de acompañarlos en las jornadas univiersitarias para hacer sensibilización del KIT de inclusión digital y de todo el tema de Gobierno en Línea con los estudiantes.','Programar próxima reunión para planear el acompañamiento en las jornadas universitarias. ','Institucion_Universitaria_Pascual_Bravo_Seguimiento_al_KIT_de_inclusion_digital.jpg',NULL,NULL,'uploads/meeting/meeting_adjunct',4,411,43,'2015-05-04 07:31:30','2015-05-22 15:29:00'),(611,'2015-04-17','Empalme y acompañamiento 2015','Se visitó el sitio y se contactó el gestor administrativo para presentar el nuevo gestor en cultura digital de Medellin Ciudad Inteligente que acompañará el sitio este año. Así mismo se revisó la conexión wifi sin ningún contratiempo, horarios de visitas de público más frecuentes y conectividad de los usuarios. ','Enviar información sobre la actividad de activación de los sitios del Estadio ','IMG_6346.JPG','IMG_6342.JPG',NULL,'uploads/meeting/meeting_adjunct',2,500,41,'2015-05-04 11:05:46','2015-05-22 15:29:00'),(612,'2015-04-17','Empalme y acompañamiento 2015','Se visitó el sitio para contactar al encargado del mismo y presentar al gestor en cultura digital de Medellín Ciudad Inteligente, así mismo como la conectividad de los usuarios en las tribunas. \r\nHace falta visibilizar la red wifi porque no hay ninguna publicidad visual acerca de su existencia y uso libre. Sin embargo, los funcionarios del sitio le informan al público que los visita.  ','Enviar información de la actividad de activación de sitios del estadio. ','IMG_6331.JPG','IMG_6333.JPG',NULL,'uploads/meeting/meeting_adjunct',2,502,41,'2015-05-04 11:11:26','2015-05-22 15:29:00'),(613,'2015-04-17','Empalme y acompañamiento 2015','Se visitó el sitio para conocer el administrador encargado y el funcionamiento de la red wifi, así como apropiar a posibles usuarios que se conecten a la red y establecer en conjunto estrategias de apropiación para el público visitante. ','Enviar información sobre el evento de activación de sitios del estadio de Medellín Ciudad Inteligente','IMG_6334.JPG','IMG_6335.JPG',NULL,'uploads/meeting/meeting_adjunct',2,501,41,'2015-05-04 11:22:28','2015-05-22 15:29:00'),(614,'2015-04-30','Empalme y nuevos procesos 2015 ','Se visitó el sitio y se hizo empalme de los procesos anteriores y se presentó la nueva gestora en cultura digital que acompañará el año 2015. \r\nUso y apropiación del sitio de gobierno, planeación e ideas en conjunto sobre el tipo de acompañamiento para este año. Así como estrategias para la dinamización dle punto de navegación. \r\nCompromisos y varios. ','Acompañamiento para: \r\n1. Jóvenes hacia las narrativas digitales y la apropiación y conexión con los espacios de la casa de la cultura. \r\n2. Adultos mayores alfabetización digital y narrativas. \r\n3. Pensar en un curso de intercambio generacional entre jóvenes y adultos. \r\n4. Apoyo en la cartografía a través de mapas para el grupo de huerteros que acude a la casa de la cultura y tienen la necesidad de conocer y apropiar herramientas de comunicación que les permita visibilizar su trabajo. \r\n','empalme_Casa_de_la_Cultura_Los_Alcazares_6.JPG','empalme_Casa_de_la_Cultura_Los_Alcazares_3.JPG','empalme_Casa_de_la_Cultura_Los_Alcazares_2.JPG','uploads/meeting/meeting_adjunct',2,243,41,'2015-05-04 11:56:04','2015-05-22 15:29:00'),(615,'2015-04-30','Empalme y planeación 2015','Se realiza una revisión de los compromisos que se tienen frente al tema de conectividad en el sitio, se encuentran preocupados porque el espacio se encuentra sin internet hace tiempo y los equipos fueron retirados. Se espera por parte de estos funcionarios que este se haga efectivo en corto tiempo. Se espera realizar charlas de dispositivos móviles y asesorías grupales a los funcionarios en tramites en línea. ','No hay compromisos','Inspeccion_Doce_de_Octubre_empalme_y_planeacion.jpg',NULL,NULL,'uploads/meeting/meeting_adjunct',2,277,24,'2015-05-04 12:13:43','2015-05-22 15:29:00'),(616,'2015-04-30','Empalme y acompañamiento 2015','Se visitó el sitio de gobierno verificando la navegación y el acceso y uso del punto de navegación, se recogieron planillas y se contactó al funcionario para pasarle seguimiento al punto y apropiación de los usuarios del sector que lo visitan, quién además sugiere la importancia de tener un gestor tic que acompañe el punto de navegación. ','ninguno. ','IMG_7056.JPG','IMG_7055.JPG',NULL,'uploads/meeting/meeting_adjunct',2,260,41,'2015-05-04 13:31:54','2015-05-22 15:29:00'),(617,'2015-04-14','Sensibilización Beneficiarios Fondo EPM','Reunión con estudiantes beneficiarios Fondo EPM con el fin de contarles la estrategia de apropiación e invitarlos a cumplir con su labor social en los procesos de ciudad que se tienen con el programa Medellín Ciudad Inteligente. A la actividad llegaron 20 personas. ','Llamar a los estudiantes para invitarlos a los cursos y proponerles actividades en campo','Gestion_con_Aliados_Estudiantes_Beneficiarios_Fondo_EPM.PDF','UPJ_Gestion_con_aliados.jpg',NULL,'uploads/meeting/meeting_adjunct',3,288,24,'2015-05-04 16:09:09','2015-05-22 15:29:00'),(618,'2015-05-04','Reunión de planeación en la Secretaría de movilida','Reunión de empalme con los comunicadores de la Secretaría de Movilidad para llegar a acuerdos de las intervenciones a realizar este año, en especial con respecto al Punto de Navegación','Enviar correo con sugerencias para agrandar la oferta de gobierno en línea ','Secretaria_de_Movilidad_Reunion_de_Empalme.JPG',NULL,NULL,'uploads/meeting/meeting_adjunct',2,286,42,'2015-05-06 08:29:58','2015-05-22 15:29:00'),(619,'2015-05-04','Planeación evento Ruta N.','Se realizó una reunión con funcionarios del Parque Biblioteca y Comuna Innova para planear el apoyo por parte del programa en el tema de la apropiación de la plataforma de conectividad urbana. Se planeo una actividad tipo picnic en la cual se hará la apropiación de la plataforma por medio de una charla de dispositivos móviles, con el fin de que los adultos resuelvan las dudas del manejo de sus celulares y a su vez hagan uso de la plataforma. ','Quedó como compromiso convocar a los adultos participantes. ','Parque_Biblioteca_Guayabal_Reunion_de_planeacion-0.jpg',NULL,NULL,'uploads/meeting/meeting_adjunct',4,192,43,'2015-05-08 10:53:10','2015-05-22 15:29:00'),(620,'2015-05-06','Reunión con Coordinador de la biblioteca','Reunión para definir fechas de charlas y cursos','Se agendó para el mes de mayo dos charlas, una para el mes de junio y empezar un taller de narrativas en agosto.','Biblioteca_Tren_de_Papel_Reunion_de_planeacion.JPG',NULL,NULL,'uploads/meeting/meeting_adjunct',4,182,42,'2015-05-11 07:54:44','2015-05-22 15:29:00'),(621,'2015-05-08','Reunion encargados de sitios recolecciòn indicador','Reunión de seguimiento de sitio con la encargada y recolección de indicadores','Continuar con la capacitación de funcionarios en tramites en línea.','Casa_de_Justicia_Villa_del_Socorro_seguimiento_2.jpg','Casa_de_Justicia_Villa_del_Socorro_seguimiento.jpg',NULL,'uploads/meeting/meeting_adjunct',4,242,10,'2015-05-11 08:48:12','2015-05-22 15:29:00'),(622,'2015-05-05','Reunión de planeación','Reunión para planificar actividades de articulación entre MCI y el PB con personas en situación de discapacidad. Se acuerda participar de la planeación y de la formación de uno de los cursos, porque cuentan con más de 50 inscritos entre cuidadores y personas en situación de discapacidad, se piensa en dividirlo en tres grupos para un mejor acompañamiento. ','Participar de la planeación del curso de alfabetización con personas en situación de discapacidad. Utilización de algunos dispositivos del kit de inclusión','PB_Leon_de_Greiff_reunion_planeacion_1.jpg','PB_Leon_de_Greiff_reunion_planeacion_2.jpg','PB_Leon_de_Greiff_reunion_planeacion_3.jpg','uploads/meeting/meeting_adjunct',4,188,20,'2015-05-11 17:02:53','2015-05-22 15:29:00'),(623,'2015-05-08','Empalme con encargados del sitio','Reunión de empalme con encargados del nuevo sitio de navegación y zona wifi','Seguimiento continuo para contarle a la comunidad sobre los servicios del sitio.','Centro_de_Salud_Vila_del_Socorro_seguimiento_2.jpg','Centro_de_Salud_Vila_del_Socorro_seguimiento.jpg',NULL,'uploads/meeting/meeting_adjunct',2,499,10,'2015-05-12 08:42:57','2015-05-22 15:29:00'),(624,'2015-05-12','Reunión con la JAL ','Reunión con el coordinador de educación de la JAL de comuna 9; para solicitarle la participación de algunos de los estudiantes que están con el programa desplazarse a otras comunas para realizar actividades del programa','Enviar una relación de los estudiantes que están realizando la labor social con el programa MCI','Mascerca_Buenos_Aires_gestion_con_aliados.jpg',NULL,NULL,'uploads/meeting/meeting_adjunct',3,314,20,'2015-05-13 10:58:06','2015-05-22 15:29:00'),(625,'2015-05-13','Reunión de empalme y planeación','Reunión con el coordinador de la institución para agendar dos charlas de GEL para los estudiantes del grado 11. Se nota disposición para la propuesta del programa. ','Confirmar la charla días antes de su realización','IE_Juan_de_Dios_Carvajal_empalme.jpg',NULL,NULL,'uploads/meeting/meeting_adjunct',2,310,20,'2015-05-13 16:40:05','2015-05-22 15:29:00'),(626,'2015-05-13','Planeación procesos Junio y Julio','La reunión se lleva a cabo con la Coordinadora del espacio y las dos Gestoras de Cultura Digital encargadas de formar a la comunidad en Alfabetización Digital, en está se planean las actividades que se tendrán en la Biblioteca durante junio y julio del presente año. ','La biblioteca se compromete a realizar la convocatoria para el nuevo grupo de Alfabetización Digital, La Gestora de Cultura Digital será la encargada de formular el nuevo contenido para las personas que se están formando. ','Biblioteca_Familia_La_Esperanza_Reunion_Planeacion_1.jpg','Biblioteca_Familia_La_Esperanza_Reunion_Planeacion_2.jpg','Biblioteca_Familia_La_Esperanza_Seguimiento_al_sitio.jpg','uploads/meeting/meeting_adjunct2',4,479,24,'2015-05-13 21:18:57','2015-05-26 00:18:57'),(627,'2015-05-13','Planeación procesos mayo','El día de hoy se tenía programado iniciar el curso con las madres comunitarias del buen comienzo, la cual no se dio por mal manejo de la información por parte de los convocantes a la cita, el Parque Biblioteca era el encargado de realizarla y las personas no acataron el mensaje, por ende la sensibilización se cancelo, de igual forma se hablaron de los procesos que se llevarán a cabo este mes con el motivo de la celebración del día de la Internet. Para esto nos sumaremos con charlas de NSN para niños y padres de familia. ','Sara López sera la encargada de mirar los contenidos y decidir si la información es necesaria para las charlas relámpago. ','PB_Doce_de_Octubre_Planeacion_Mes_de_Mayo.jpg',NULL,NULL,'uploads/meeting/meeting_adjunct',4,183,24,'2015-05-13 21:27:12','2015-05-22 15:29:00'),(628,'2015-05-13','Reuniòn Coordinadores','Seguimiento del proceso de Aula Abierta, y programación de posibles charlas.','revisión de horarios y programación de charlas.','20150513_145842_HDR.jpg',NULL,NULL,'uploads/meeting/meeting_adjunct',4,159,10,'2015-05-14 08:25:04','2015-05-22 15:29:00'),(629,'2015-05-12','Planeación actividad \"narrativas Parques del Río\"','Reunión con la directora y la docente de 5° del centro educativo para programar una actividad de recorrido por la quebrada Santa Elena con estudiantes y comunidad nativa, con el fin de realizar un taller de fotografía para presentar un producto en la convocatoria de \"Narrativas del Parques del Río\" de la Alcaldía de Medellín. ','Crear un grupo de estudiantes y convocar a la comunidad para el día martes 26 de mayo.','CE_Media_Luna_Reunion_planeacion_7.JPG','CE_Media_Luna_Reunion_planeacion_2.JPG',NULL,'uploads/meeting/meeting_adjunct',3,432,17,'2015-05-14 11:14:50','2015-05-22 15:29:00'),(630,'2015-05-12','Reunión de empalme y planeación Aula Abierta','Reunión con la docente de tecnología para conocer las actividades de aula abierta que lideró el año pasado y planear conjuntamente la activación de estos procesos para este año. ','Realizar una carta del dirigida a la comunidad para invitarlos al aula abierta los lunes de 1 a 3 pm. ','CE_El_Plan_Reunion_empalme_y_planeacion_1.JPG','CE_El_Plan_Reunion_empalme_y_planeacion_3.JPG',NULL,'uploads/meeting/meeting_adjunct',2,426,17,'2015-05-14 11:16:38','2015-05-22 15:29:00'),(631,'2015-05-12','Reunión de empalme y planeación ','Reunión con la gestora del CEDEZO para programar el día y la hora para el curso de AD con emprendedores, teniendo en cuenta la disponibilidad de la sala de cómputo de la biblioteca, lugar en el que se realizará la formación. ','Convocar a empresarios y emprendedores que no tienen conocimiento en manejo de computadores para realizar el curso.','CEDEZO_Santa_Elena_Reunion_Planeacion_3.JPG','CEDEZO_Santa_Elena_Reunion_Planeacion_2.JPG',NULL,'uploads/meeting/meeting_adjunct',2,173,17,'2015-05-14 11:21:17','2015-05-22 15:29:00'),(632,'2015-05-06','Seguimiento Punto de navegación','se realizó una corta reunión con Lina funcionaria del Mascerca, para conversar acerca del funcionamiento de los equipos.\r\n','Se quedó con el compromiso de llevar en una tabla la planilla de registro para que las personas la llenen antes de utilizar el computador.','Mascerca_Belen_Reunion_seguimiento.jpg',NULL,NULL,'uploads/meeting/meeting_adjunct',4,438,15,'2015-05-15 10:48:50','2015-05-22 15:29:00'),(633,'2015-05-14','Revisiòn proximas charlas','Reunión para articular el comienzo de nuevos grupos y charlas de GEL','Horarios y Bases de datos para nuevos procesos','20150514_153758_HDR.jpg',NULL,NULL,'uploads/meeting/meeting_adjunct',4,468,10,'2015-05-15 14:35:53','2015-05-22 15:29:00'),(634,'2015-05-14','Reunión con Coordinadora de la Institución','Reunión con la coordinadora para planear las intervenciones del año en la institución y el proceso del Aula Abierta','Enviar un cronograma con las fechas de las actividades en la institución','Institucion_Educativa_Maestro_Pedro_Nel_Gomez_Reunion_de_seguimiento_2.JPG','Institucion_Educativa_Maestro_Pedro_Nel_Gomez_Reunion_de_seguimiento.JPG',NULL,'uploads/meeting/meeting_adjunct',4,280,42,'2015-05-19 07:32:48','2015-05-22 15:29:00'),(635,'2015-05-14','Reunión con Coordinador de la Institución','Se tuvo una reunión con Ibsen Cossio para hablar del Aula Abierta que finalizó y planear la próxima.','Ibsen enviará un correo con los horarios en que se podría tener los cursos de Alfabetización Digital y Gobierno en línea en la institución','Institucion_Educativa_Pedro_Claver_Aguirre_Reunion_de_seguimiento.JPG',NULL,NULL,'uploads/meeting/meeting_adjunct',4,232,42,'2015-05-19 07:35:15','2015-05-22 15:29:00'),(636,'2015-05-19','Seguimiento Escuela de Padres','Reunión de Seguimiento del proceso de Aula Abierta, Escuela de padres, se encuentra estancado por los procesos de paro y reintegro, se planifica una reunión para el próximo mes para ver los resultados de la convocatoria a la comunidad y programar charlas.','Reunión el próximo mes ',NULL,NULL,NULL,'',4,154,10,'2015-05-19 11:46:22','2015-05-22 15:29:00'),(637,'2015-05-14','Gestión de procesos paa personas con discapacidad','Reunión con el coordinador de tecnología de la biblioteca para iniciar la inplementación de procesos de formación para personas con discapacidad en los temas de alfabetización digital, fotografía, escritura y georeferenciación a través de google maps','- Realizar documento con la ruta metodológica para entregar a la biblioteca (Gestor de Cultura digital)\r\n- Iniciar la convocatoria y analizar metodología del proceso (Daniel Rozo)','Parque_Biblioteca_de_Belen_Reunion_Gestion_de_procesos.JPG',NULL,NULL,'uploads/meeting/meeting_adjunct',4,193,38,'2015-05-19 14:43:22','2015-05-22 15:29:00'),(638,'2015-05-19','Planeación de actividades.','Se realizó reunión con la coordinadora de la fundación para programar las actividades que se realizarán, entre ellas un taller de dispositivos móviles dirigido a padres de familia, el taller estará enfocado en aprender a utilizar las aplicaciones y páginas web que promueven el aprendizaje y la comunicación en los niños diagnosticados con trastornos del espectro autista. La sensibilización de dicha actividad queda programada para el 17 de Junio. Además se quiere hacer un taller de narrativas digitales con los niños, lo cual quedará sujeto a autorización de la directora de la Fundación.','Por parte de la fundación quedó como compromiso evaluar la propuesta del taller de narrativas digitales. ','Fundacion_Integrar_Planeacion_de_actividades.jpg',NULL,NULL,'uploads/meeting/meeting_adjunct',4,215,43,'2015-05-19 16:06:41','2015-05-22 15:29:00'),(639,'2015-05-20','Empalme Nueva encargada','Reunión de empalme y socialización de procesos en articulación con el programa.','Se agenda procesos en charlas NSN, capacitaciones en recursos pedagógicos con gestores.','Capacitacion_gestores_UVA_Moscu.jpg',NULL,NULL,'uploads/meeting/meeting_adjunct',2,442,10,'2015-05-21 08:53:34','2015-05-22 15:29:00'),(640,'2015-05-07','Programación de procesos','Reunión para programar charlas para los estudiantes de 4 y 5 grado, planeación de proceso de formación para padres en aula abierta.','Realizar charla de Navegar Sin Naufragar con los estudiantes de 4° y 5°, al regresar de vacaciones la institución, iniciamos charla de Gel para los estudiantes de 11°.','Reunion_de_Seguimiento_I_E_Luis_Carlos_Galan_Sarmiento_sede_Nino_Jesus_de_Praga.jpg',NULL,NULL,'uploads/meeting/meeting_adjunct',4,313,40,'2015-05-21 09:42:09','2015-05-22 15:29:00'),(641,'2015-05-19','Empalme nueva docente enlace','En la reunión se realizó el empalme con la docente Ilsa contandole el acompañamiento que El Programa realizó durante este tiempo. La docente manifestó su interés de que el Pograma acompañe la construcción de la emisora y en general el componente de medios que se quiere desarrollar en la IE. También surgió la inquietud sobre unos aparatos de robótica que permanencen en la IE y que la docente quiere saber qué se puede hacer con ellos. \r\n\r\nA la docente le interesa realizar algunas actividades que involucren el tema del sonido, especialmente con los niños y niñas que se interesan por el tema de la emisora.','De la reunión sale el compromiso de preguntar qué estrategia se puede seguir con respecto al componente de medios y en cuanto a la pregunta sobre los aparatos de robótica que tiene la IE. \r\n\r\n','IE_Barrio_Santa_Cruz_Reunion_de_Empalme.JPG',NULL,NULL,'uploads/meeting/meeting_adjunct',2,239,21,'2015-05-21 10:01:19','2015-05-22 15:29:00'),(642,'2015-05-12','Empalme y gestión de procesos','Reunión de empalme y programación de procesos de formación para la comunidad. ','Se programa charla de NSN para grupo de niños asistentes al Telecentro, se programa convocatoria para curso de Alfabetización para el adulto mayor.','Reunion_Empalme_Telecentro_El_Salvador_2.jpg','Reunion_Empalme_Telecentro_El_Salvador_4.jpg','Reunion_Empalme_Telecentro_El_Salvador_5.jpg','uploads/meeting/meeting_adjunct',2,569,40,'2015-05-21 10:14:36','2015-05-22 15:29:00'),(643,'2015-05-12','Empalme y gestión de procesos','Reunión de empalme y programación de procesos de formación, gestión de aula abierta para la comunidad.',' Se programa charla NSN en grupo 5°1 y queda pendiente programar para después de vacaciones charla de GEL con el grado 11.','Reunion_empalme_I_E_Manuel_Jose_Cayzedo_3.jpg','Reunion_empalme_I_E_Manuel_Jose_Cayzedo_7.jpg','Reunion_empalme_I_E_Manuel_Jose_Cayzedo_4.jpg','uploads/meeting/meeting_adjunct',2,448,40,'2015-05-21 10:29:45','2015-05-22 15:29:00'),(644,'2015-05-19','Procesos de formación','Reunión con la dinamizadora del Telecentro para programar charlas de gobierno en línea.','Realizar una reunión con la rectora de la IE que queda cerca para invitar a los estudiantes de 11 a la charla de Gobierno en línea.','Telecentro_Belen_Zafra_Reunion_programacion_procesos.jpg',NULL,NULL,'uploads/meeting/meeting_adjunct',4,454,15,'2015-05-22 14:35:48','2015-05-29 21:39:40'),(645,'2015-05-22','Revisiòn formato certificado','Se revisan los formatos para la certificación de los padres próximos a terminar el proceso de alfabetización digital en la I.E Samuel Barrientos','Enviar de nuevo formato para revisión ','20150522_100122_HDR.jpg','20150522_100535_HDR.jpg',NULL,'uploads/meeting/meeting_adjunct',3,230,10,'2015-05-22 14:57:01','0000-00-00 00:00:00'),(646,'2015-05-22','Planeaciòn agenda Escuela de Padres','Reunión para agendar el comienzo de la escuela de padres aula abierta para la comunidad, una asesoría con los profesores encargados del proceso y una charla de GEL para el otro once de la I.E','Charla I.E y capacitación con profesores','20150522_111519_HDR.jpg',NULL,NULL,'uploads/meeting/meeting_adjunct',5,253,10,'2015-05-22 15:00:08','0000-00-00 00:00:00'),(647,'2015-05-22','Actualización de datos de la persona encargada del sitio','Se realizó una reunión con la persona encargada del sitio para actualizar los datos del contacto ya que hubo un cambio en la coordinación, adicionalmente se le informó que la instalación del Punto de Navegación y la zona Wifi se estarán realizando en la segunda mitad del año por lo que sería bueno ir pensando en la estrategia de apropiación con los usuarios y usuarias. ','La funcionaria quedó con los datos de la persona del área de conectividad con la que puede comunicarse en caso tal de tener dudas. ','UPSS_Santo_Domingo_Reunion_empalme.JPG',NULL,NULL,'uploads/meeting/meeting_adjunct',2,498,21,'2015-05-23 11:23:00','0000-00-00 00:00:00'),(648,'2015-05-20','Gestión Aliados','Se llevó a cabo reunión con el administrador del punto Vive digital de San Cristóbal con el propósito de conocer la dinámica del lugar para realizar alianzas y gestionar, tanto préstamo de espacios como la posibilidad de vincularnos desde el programa para realizar en conjunto  determinados procesos de formación. El funcionario mencionó como gran ventaja el acompañamiento del programa para la fase 2 de Alfabetización Digital en tanto el punto tiene procesos de alfabetización más pausados y sólidos. Además se Habló del acompañamiento de las dos Gestoras Tic que tenemos en San Cristóbal. ','Iniciar Convocatorias con la Comunidad para Alfabetización Digital. Evaluar la posibilidad de préstamo de video beam para disponer los recursos de forma adecuada, compartir los contenidos con el administrador del punto. Acompañamiento constante ','Punto_Vive_Digital_Gestion_con_aliados.jpg',NULL,NULL,'uploads/meeting/meeting_adjunct',3,169,23,'2015-05-25 08:09:28','0000-00-00 00:00:00'),(649,'2015-05-20','Planeación de actividades.','Se realizó reunión con el coordinador del Cedezo, con el fin de  detectar las principales necesidades e intereses de la población que se atiende allí, el funcionario manifestó que sería viable realizar un taller de página Web con los emprendedores que tienen su negocio consolidado, con el fin de que estos puedan proyectar su negocio en la WEB. Luego del taller de página WEB, se piensa realizar con el mismo grupo, un taller de mercadeo digital. ','Quedó como compromiso por parte del Cedezo gestionar el espacio y convocar los emprendedores. El taller iniciaría el 2 de Junio.','Punto_de_atencion_Cedezo_Guayabal_Reunion_de_empalme_y_planeacion.jpg',NULL,NULL,'uploads/meeting/meeting_adjunct',5,175,43,'2015-05-25 08:19:41','0000-00-00 00:00:00'),(650,'2015-05-20','Empalme  y planeación','Se llevó a cabo una pequeña reunión con al rectora para conocer la I.E Y recordar los procesos llevados a cabo en el 2014 y se mencionaron someramente las propuestas para el 2015; sin embargo por motivo de las pruebas saber no se pudo realizar la planeación completa','Nueva reunión el martes 26 de mayo con docente encargado de procesos de aula abierta en 2014 y personero de la I.E para mirar estrategia de NSN . Se realizarán propuestas de intervención para el 2015','I_E_Santa_Margarita_Reunion_de_Empalme.jpg',NULL,NULL,'uploads/meeting/meeting_adjunct',2,285,23,'2015-05-25 08:21:04','0000-00-00 00:00:00'),(651,'2015-05-20','Planeación de procesos','Se realizó reunión con dinamizador del telecentro para evaluar las posibilidades de intervención según el tipo de población dado que son en su mayoría adultos mayores. Se concretó Realizar Taller de GEL con grupo de informática intermedio y dispositivos móviles con los otros  grupos de adultos.','martes- jueves 3 a 5 el taller de Gel . Se convocara otro tipo de población para otros procesos','Telecentro_altamira_Planeacion_de_procesos.jpg',NULL,NULL,'uploads/meeting/meeting_adjunct',5,490,23,'2015-05-25 08:35:01','0000-00-00 00:00:00'),(652,'2015-05-25','Gestión de procesos','Reunión para gestionar procesos de formación con los grados 5 y 11 de la I.E.','- Charlas de Navegar sin Naufragar con los niños de grado 5, son 3 grupos y las charlas se realizarán el día 3 de junio de 2015','INEM_Jose_Felix_de_Restrepo_Reunion_para_Gestion_de_procesos.JPG',NULL,NULL,'uploads/meeting/meeting_adjunct',5,343,38,'2015-05-25 14:32:06','0000-00-00 00:00:00'),(653,'2015-05-25','Gestión de procesos','Gestión para procesos de formación con los estudiantes de la IE','Se espera agendar charlas de Navegar sin naufragar con los estudiantes de 4o grado','INEM_Guillermo_Echavarria_Reunion_para_gestion_de_procesos.JPG',NULL,NULL,'uploads/meeting/meeting_adjunct',5,342,38,'2015-05-25 14:39:46','0000-00-00 00:00:00'),(654,'2015-05-21','Seguimiento al kit de inclusión','Se visitó el Colegio Mayor para realzar seguimiento del Kit de inclusión y se encontró que tienen dos de ellos en le lugar. El líder de tecnología es nuevo este año y no conocía el kit y los auxiliares si bien lo han visto no sabían realmente de su uso e importancia; por tanto se mostraron cada una de sus partes, se sugirieron actividades a realizar en los espacios donde se encuentran ','Sacar el kit del maletin de una manera más visible para la comunidad, disponer dos funcionarios para asistir al compartir de experiencias en la Biblioteca Fernando Gómez Martínez con el propósito de ampliar sus conocimientos respecto a las ventajas del kit. Enviar reporte a la gestora de cultura Digital de cuantas personas usan el Kit y  qué tipo de discapacidades tienen.','Colegio_Mayor_Segjuimiento_al_kit_de_inclusion.jpg',NULL,NULL,'uploads/meeting/meeting_adjunct',4,406,23,'2015-05-25 15:09:12','0000-00-00 00:00:00'),(655,'2015-05-26','Seguimiento al KIT de inclusión digital','Se realizó seguimiento al Kit de inclusión digital y se evidenció que este lo están usando 9 estudiantes con discapacidades cognitivas y motrices. Se planteó la posibilidad de programar una actividad con personas en situación de discapacidad de la comunidad para promover el uso del mismo. ','Quedó como compromiso por parte de la Institución Educativa convocar las personas en situación de discapacidad de la comunidad para la realización de la actividad. ','Institucion_Educativa_Pedro_Octavio_Amado_Seguimiento_al_Kit_de_Inclusion.jpg',NULL,NULL,'uploads/meeting/meeting_adjunct',4,126,43,'2015-05-28 09:41:02','0000-00-00 00:00:00'),(656,'2015-05-14','Articulación entre los diferentes actores','En la fecha, hora y lugar antes indicados, se reunieron los asistentes mencionados, y se trataron los siguientes temas:\r\n? Socialización concurso fortalecimiento upas con recursos de presupuesto participativo\r\n? Articulación fundación taxis de la felicidad\r\n? Curso de inglés con la Universidad Sto. Tomas\r\n? Cursos para panaderos en ofimática con Mde ciudad inteligente\r\n? Articulación con diferentes entidades para el evento\r\n? Sede para el evento cambia, ya no es plaza mayor\r\nLa reunión inicia explicando sobre el concurso de fortalecimiento de unidades productivas asociativas con recursos de presupuesto participativo y la oportunidad de participar como delegado en p.p. como organizaciones sociales, Rodrigo Zuluaga de la fundación Taxis de la felicidad comenta sobre el proceso de ser delegado, él se inscribió.\r\nVer opción de articulación con la fundación y los taxistas asociados para participar en la promoción del evento y uso de los vehículos para transporte de asistentes.\r\nVer promoción de los negocios de los panaderos de la ciudad con los taxistas.\r\n\r\nAsiste a la reunión Mónica Castañeda Dinamizadora de Medellín ciudad inteligente para ver posibilidad de capacitación en ofimática con los panaderos Asociados en AGRUPAN y la posibilidad de que participen en el evento, queda pendiente nueva reunión para organizar la programación y logística, posibilidad de realizar las capacitaciones en las salas de sistemas de los parque biblioteca, telecentros o Instituciones de educación públicas que se articulen a la iniciativa. Abelardo García de AGRUPAN pregunta sobre la posibilidad de ayudar a crear un sistema para pedidos a domicilio, caso página web, aplicación en celular.\r\n\r\nLa nueva fecha será el día viernes 16 de julio, desde las 8am hasta las 6pm en el club censa, sede avenida Colombia entre el palo y Girardot.\r\nSe habla sobre las diferentes Instituciones que hacen parte del ecosistema del emprendimiento para analizar quienes pueden acompañar el evento.\r\nSe hace la revisión de las Instituciones que pueden participar en el evento :\r\nCREAME\r\nRUTA N\r\nCAMARA DE CCIO\r\nMEDELLIN CIUDAD INTELIGENTE\r\nSECRETARIA DE DESARROLLO ECONOMICO: cedezo, pil, banco de las oportunidades, Subsecretaria de turismo\r\nFUNDACION TAXIS DE LA FELCIDAD\r\nFENALCO\r\nACOPI\r\nSENA','Pendiente programar reunión para la primera o segunda semana de junio con las Instituciones que desean participar en el evento.\r\nHablar con el Coordinador del programa cedezo y subsecretario para invitación formal a entidades aliadas.\r\nHablar con Mauricio Herrera Coordinador del pil para integración en el evento, programar primero reunión con AGRUPAN.','Cedezo_La_Quintana_Gestion_con_Aliados_1.jpg','Cedezo_La_Quintana_Gestion_con_Aliados_2.jpg',NULL,'uploads/meeting/meeting_adjunct',3,168,24,'2015-05-28 19:13:28','0000-00-00 00:00:00'),(657,'2015-05-21','Empalme y planeación','La reunión se centra en planear las nuevas intervenciones que se tendrán este año, además de evaluar la pertinencia de reactivar el aula abierta, planear los talleres que se realizarán en la IE. Se trabajarán tres componentes: \r\nAula Abierta, de está se hará cargo la docente Natalia Botero la cual integra el equipo gestor de la IE\r\nCharlas de Gobierno en Línea para los estudiantes de 10 y 11\r\nCharlas de Navegar sin Naufragar para los de quinto\r\nTaller Narrativas con los chicos de preescolar y sus padres de familia. ','Realizar la convocatoria del Aula Abierta la segunda semana de Julio, la docente Natalia Botero será la Gestora TIC encargada de dictar el curso.\r\nLa segunda semana se realizará una capacitación para el equipo Gestor en google Calendar','IE_Ciudadela_de_las_Americas_Empalme_y_planeacion.jpg',NULL,NULL,'uploads/meeting/meeting_adjunct',2,404,24,'2015-05-28 20:22:32','0000-00-00 00:00:00'),(658,'2015-05-14','Reunión con funcionarios del CAE','La reunión se centra en la planeación de la sensibilización a realizar con chicos residentes en el Centro de Atención Especializado Ciudad Don Bosco ubicado en Robledo La Pilarica, se busca diagnosticar los saberes de los estudiantes y formar varios grupos de trabajo con el fin de realizar un proceso de alfabetización Digital con ellos. ','No se generaron compromisos','Parque_Biblioteca_La_Quintana_Gestion_con_Aliados_1.jpg','Parque_Biblioteca_La_Quintana_Gestion_con_Aliados_2.jpg',NULL,'uploads/meeting/meeting_adjunct',3,184,24,'2015-05-28 21:24:10','0000-00-00 00:00:00'),(659,'2015-05-19','Seguimiento y planeación de actividades','Se retoma el contacto y las actividades planteadas en la reunión anterior, para esto se ponen fechas de inicio para poder generar conocimiento y reconocimiento de las personas que llegan al espacio del internet wifi y del punto de navegación que se instalará en este. ','microactivaciones en los eventos que se realizan los días viernes en las tardes noches en el TAL, esto se realizará cada quince días. ','Parque_y_TAL_de_Pedregal_Seguimiento_al_sitio_1.jpg','Parque_y_TAL_de_Pedregal_Seguimiento_al_sitio_2.jpg',NULL,'uploads/meeting/meeting_adjunct',4,486,24,'2015-05-28 21:44:45','0000-00-00 00:00:00'),(660,'2015-05-21','Planeación Actividades ','Después de realizada la activación pedagogica, procedemos a formar los grupos con los que se trabajarán las formaciones en Alfabetización Digital y Gobierno en línea, Herramientas web 2.0 y algunas asesorías en temas puntuales con los jóvenes del Centro de Atención Especializado Ciudad Don Bosco. ','Mandar la lista de los estudiantes que harán parte del grupo con los datos solicitados para ingresarlos al  Formato Procesos de Formación 2015','PB_Tomas_Carrasquilla_Planeacion_1.jpg','PB_Tomas_Carrasquilla_Planeacion_2.jpg',NULL,'uploads/meeting/meeting_adjunct',5,184,24,'2015-05-28 21:53:18','0000-00-00 00:00:00'),(661,'2015-05-19','Empalme y planeación','Se realiza la presentación del programa y explica la importancia del punto de navegación y la red wifi en el espacio. La funcionaria realiza preguntas referentes al funcionamiento de este espacio, se nos muestra el espacio en el que el contratista de la instalación colocó las conexiones de la energía, ella manifiesta que según los planos levantados a partir de la caracterización en campo, el contratista hizo caso omiso a esto y los destinó en el lugar equivocado. Se busca generar espacios de apropiación y para esto tendremos charlas en el punto de navegación y gran divulgación por parte de las personas que se encuentran en este. ','La gestora de cultura digital encargada del espacio, asistirá a la reunión mensual de los funcionarios del espacio a sensibilizarlos sobre la red wifi y el punto de navegación.','UPSS_Doce_de_Octubre_Empalme_y_Gestion.jpg',NULL,NULL,'uploads/meeting/meeting_adjunct',2,489,24,'2015-05-28 22:25:02','0000-00-00 00:00:00'),(662,'2015-05-26','Reunión de empalme y planeación de procesos','Reunión de empalme con la Supervisora del Proyecto, la Coordinadora General y el Coordinador de Educación, para gestionar procesos de formación con la comunidad. ','Se programa charla de sensibilización y Curso de alfabetización Digital y Gobierno en Línea, inicia el Martes 2 de Junio.','Reunion_Empalme_Por_Mis_Derechos_2.jpg','Reunion_Empalme_Por_Mis_Derechos_1.jpg',NULL,'uploads/meeting/meeting_adjunct',2,321,40,'2015-05-28 22:53:32','0000-00-00 00:00:00'),(663,'2015-05-28','Empalme y planeación ','Se realizó la presentación de la nueva Gestora de cultura digital que acompañará la Institución Educativa, se detectaron las principales necesidades de la Institución, entre las cuales está acompañar aula abierta, realizar charlas de Gobierno en Línea para jóvenes, incluyendo el tema de mapeo y conocimiento del territorio por medio de las herramientas virtuales. Lo anterior es una necesidad manifiesta en los estudiantes, por lo cual también se quiere hacer un ejercicio de cartografía social con el fin de fomentar la identidad social. ','Programar una próxima reunión para realizar una planeación estructurada de las actividades.','Institucion_Educativa_Debora_Arango_Empalme_y_planeacion.jpg',NULL,NULL,'uploads/meeting/meeting_adjunct',2,128,43,'2015-05-29 08:07:10','0000-00-00 00:00:00'),(664,'2015-05-27','Planeación Evento Panamericano de natación','Reunión para la planeación del evento panamericano de natación máster a realizarse desde el 15 al 25 de junio\r\n','Revisar servicios de conexión y como podemos articularnos.','20150527_152026.jpg',NULL,NULL,'uploads/meeting/meeting_adjunct',5,504,10,'2015-05-29 10:25:56','0000-00-00 00:00:00'),(665,'2015-05-26','Planeación de procesos','Se llevó a cabo reunión de planeación de procesos donde se convocó a la coordinadora académica, rectora y docente encargado del aula abierta en años anteriores y se habló de varios procesos:\r\n1. Con el propósito de reactivar el aula abierta se trató de mirar estrategias de acompañamiento y convocatoria dado que en lusitania se encontraron varios club de vida; sin embargo y pese a que la I.E demostró toda la disposición posible, el sistema en la nube causó gran deserción de los padres de familia y por ende se están direccionando al aula de sistemas de la estación de metro-cable Vallejuelos, por tal motivo se visitará el lugar para mirar posibles formas de acompañamiento y gestión.\r\n2. Se acordó que según las necesidades de la I.E se realizarán procesos de formación con los chicos de sexto inicialmente en relación a la estrategia NSN, también charlas de GEL con los grados once.\r\n\r\nEn relación a los padres de familia se programará según calendario de la I.E charlas de NSN.','Fechas charlas\r\n\r\nJulio 7: GEL once\r\nAgosto 6 : GEL once\r\nSept 9: NSN con sextos 90 niños\r\nSept 23: NSN con sextos 90 niños','I_E_Santa_margarita_Planeacion_de_procesos.jpg',NULL,NULL,'uploads/meeting/meeting_adjunct',5,285,23,'2015-05-29 11:13:09','0000-00-00 00:00:00'),(666,'2015-05-27','Reunión Palacio de la Cultura Rafael Uribe Uribe','Reunión con personal del Palacio de la Cultura y el Coordinador del CEDEZO, para gestionar el préstamo de espacios para realizar procesos de formación con la comunidad que asiste al Pasaje la Bastilla y a Por Mis Derechos. ','Se inicia curso de Alfabetización y Gobierno en Línea, para la comunidad de Por Mis Derechos el miércoles 10 de mayo en el aula de informática del Palacio.\r\nSe agenda proceso de formación con la comunidad del CEDEZO Pasaje la Bastilla.','Gestion_con_Aliados_CEDEZO_Pasaje_la_Bastilla_Palacio_de_la_Cultura_3.jpg','Gestion_con_Aliados_CEDEZO_Pasaje_la_Bastilla_Palacio_de_la_Cultura_2.jpg',NULL,'uploads/meeting/meeting_adjunct',3,171,40,'2015-05-29 11:26:34','0000-00-00 00:00:00'),(667,'2015-05-20','Empalme con Profesora','Se hizo reunión de empalme con la profesora, como es el manejo del Kit de Inclusión en la Institución','Reunirse nuevamente para ver el manejo del kit en algunos alumnos','Institucion_Educativa_Jose_Asuncion_Silva_Reunion_de_empalme.JPG',NULL,NULL,'uploads/meeting/meeting_adjunct',2,224,42,'2015-05-29 12:03:13','0000-00-00 00:00:00'),(668,'2015-05-29','Empalme con Profesora','´Se reunió con la profesora Claudia López para iniciar nuevamente el aula abierta en la institución','Se programó unas charlas y además se quedó de conseguir gestor o gestora para el aula abierta','Institucion_Educativa_Fe_y_Alegria_Villa_de_la_Candelaria.JPG',NULL,NULL,'uploads/meeting/meeting_adjunct',2,409,42,'2015-05-29 12:07:04','0000-00-00 00:00:00'),(669,'2015-05-08','Articulación Ciudad Comuna','Reunión con integrantes de colectivo Ciudad Comuna para gestionar acompañamiento en festival de la memoria.','Acompañar el festival el 7 de mayo y prestar las cámaras del programa para los talleres.','Parque_Santo_Gestion_con_Aliados_6.jpg','Parque_Santo_Gestion_con_Aliados_1.jpg',NULL,'uploads/meeting/meeting_adjunct',3,530,17,'2015-05-29 12:22:11','0000-00-00 00:00:00'),(670,'2015-05-26','Reunión de planeación ','Reunión con la directora para planear la actividad de stopomotion con línea de tiempo y la articulación con el Cedezo.','Realizar la convocatoria de los niños para el taller de stopmotion','Biblioteca_Santa_Elena_Reunion_planeacion_4.JPG','Biblioteca_Santa_Elena_Reunion_planeacion_8.JPG',NULL,'uploads/meeting/meeting_adjunct',5,190,17,'2015-05-29 15:24:53','0000-00-00 00:00:00'),(671,'2015-05-22','Seguimiento a la instalación del punto de navegación y wifi','Se visitó la UPSS Hermenegildo de Fex con la intención de hacerle seguimiento a la instalación del punto de navegación y conocer el contacto enlace encargado del sitio. Se tomaron los datos de contacto, y se dieron las recomendaciones y sugerencias del caso para acompañarlo desde el programa. ','Se asignarán dos gestores Tic de la comuna 3 para que estén acompañando el punto de navegación una vez esté instalado; sin embargo de iniciará el acompañamiento con la activación wifi del sitio y asesorías en dispositivos móviles. ','IMG_7619.JPG','IMG_7623.JPG',NULL,'uploads/meeting/meeting_adjunct',4,522,41,'2015-05-29 16:02:41','0000-00-00 00:00:00'),(672,'2015-05-14','Seguimiento a los compromisos curso de Mercadeo y Gestor Tic ','Se visitó el Cedezo Santo Domingo con el fin de presentar al coordinador la nueva gestora tic que acompañará el sitio con el curso de Mercadeo para emprendedores y asesorías personalizadas para algunos empresarios. \r\nSe establecieron posibles horarios y fechas de inicio para dar inicio a la convocatoria. ','El curso de Mercadeo Digital se iniciará en el mes de junio y el Cedezo se encargará de movilizar la convocatoria respectiva','IMG_7435.JPG','IMG_7437.JPG',NULL,'uploads/meeting/meeting_adjunct',4,165,41,'2015-05-29 16:07:56','0000-00-00 00:00:00'),(673,'2015-05-27','Articulación practicas - Gestrores TIC','Reunión con la coordinadora de práctica para articular la estrategia de Gestores TIC con el proceso de prácticas de las estudiantes de la modalidad de informática.','Encuentro con las 14 estudiantes para socializare el programa y la estrategia Gestores TIC\r\n','CEFA_Reunon_articulacion_2.JPG',NULL,NULL,'uploads/meeting/meeting_adjunct',5,299,17,'2015-05-29 16:20:43','0000-00-00 00:00:00'),(674,'2015-05-28','Reunión de empalme y planeación ','Reunión con el líder de proyectos y el coordinador del sitio para realizar la articulación y planeación de la intervención por parte del programa.','Realizar la gestión para la dotación de la sala de cómputo.','Casa_Afrodescendiente_Reunion_empalme_y_planeacion_4.JPG','Casa_Afrodescendiente_Reunion_empalme_y_planeacion_3.JPG',NULL,'uploads/meeting/meeting_adjunct',2,297,17,'2015-05-29 16:35:22','0000-00-00 00:00:00'),(675,'2015-05-28','Planeación de objetivo del taller de narrativas digitales','Reunión con Camilo funcionario de la Biblioteca para planear la estrategia que se implementará en el taller de fotografía con los jóvenes.','Realizar la segunda sesión del taller de narrativas digitales llevando una propuesta concreta de parte del programa.','Biblioteca_Publica_El_Limonar_Reunion_Planeacion_de_procesos.jpg',NULL,NULL,'uploads/meeting/meeting_adjunct',5,196,15,'2015-05-29 17:37:50','0000-00-00 00:00:00'),(676,'2015-05-26','Planeación proceso de formación','Reunión con de planeación del curso de alfabetización digital para personas en situación de discapacidad. El grupo se divide en dos para que sea más personalizado el curso, dos formadoras se encargaran de cada grupo. Uno es los lunes y el otro el jueves de 9:00 a 11:00 am','Elaboración de planeación conjuntamente.','PB_Leon_de_Greiff_planeacion.jpg',NULL,NULL,'uploads/meeting/meeting_adjunct',5,189,20,'2015-05-30 17:27:32','0000-00-00 00:00:00'),(677,'2015-05-21','Empalme y agenda de acompañamiento','Se visitó la institución educativa con el fin de articular los procesos de acompañamiento para este año. \r\nEl aula abierta se abre una vez estén los cupos deseados de la convocatoria a los padres de familia, por el momento están identificados los estudiantes que los acompañarán en los tallres. \r\nSe programaron charlas de gobierno en línea para estudiantes del grado once dictados por dos gestores tic. ','Confirmar la fecha de las charlas de NSF','IMG_7575.JPG','IMG_7581.JPG',NULL,'uploads/meeting/meeting_adjunct',2,147,41,'2015-06-01 11:13:06','0000-00-00 00:00:00'),(678,'2015-06-03','Reunión de Planeación Kit de Inclusión','Reunión con la docente de apoyo para poner en uso el kit en la institución ya que desde el momento en que se entregó no se ha hecho uso de este.','La profesora Martha hablará con el rector para buscar los computadores en donde está instalado el software, cuando lo haga, se planeará una nueva cita para asesorías de los programas.','Institucion_Educativa_Mariscal_Robledo_Reunion_de_planeacion_Kit_de_Inclusion.jpg',NULL,NULL,'uploads/meeting/meeting_adjunct',5,281,42,'2015-06-03 18:27:17','0000-00-00 00:00:00'),(679,'2015-06-05','Planeación certificación','Reunión para ultimar detalles de la ceremonia de certificación de los asistentes al aula abierta de la institución.','Próxima reunión ','20150605_100807_HDR.jpg',NULL,NULL,'uploads/meeting/meeting_adjunct',5,162,10,'2015-06-05 15:02:47','0000-00-00 00:00:00'),(680,'2015-06-02','Planeación de procesos','Se llevó a cabo reunión de planeación con Técnico en cultura digital de la biblioteca para intervenir los grupos existentes de A.D con GEL , posiblemente web 2.0 además se conversó del proceso de certificación y de la posibilidad de realizar talleres esporádicos con niños y niñas algunos sábados. Se realizará una próxima reunión para concretar procesos y compartir contenidos.','Concretar las intervenciones que realizará el programa en los diferentes grupos que ya tiene la biblioteca con procesos de formación. Pensar en intervención con grupos de niños posiblemente desde la propuesta de stop- motion. Agendar reunión para compartir contenidos.','Biblio_Fdo_gomez_Martinez_Planeacion_de_Procesos.jpg',NULL,NULL,'uploads/meeting/meeting_adjunct',5,268,23,'2015-06-05 16:34:56','0000-00-00 00:00:00'),(681,'2015-06-02','Planeación de procesos','Se llevó a cabo reunión con rector y docente de informática de la I.E loma hermosa en donde se concretó la estrategia para aperturar el aula abierta los dias lunes jueves  en las tardes. Para esto se dispone de la formación de algunos alfabetizadores de la I.E que estará a cargo de la docente Andrea Chica y de MDE ','El programa Mde acopañará el programa de aula abierta con charlas de GEL , NSN además de la formación a los alfabetizadores. En conjunto con la I.E se creará el paquete de contenidos para las clases con la comunidad. LLevar a cabo reunión para organizar contenidos . La I.E realizará convocatoria abierta entre el 1 y 17 de julio','I_E_Loma_Hermosa_Planeacion_de_procesos.jpg',NULL,NULL,'uploads/meeting/meeting_adjunct',5,493,23,'2015-06-09 15:45:54','0000-00-00 00:00:00'),(682,'2015-06-04','Presentación a Gestoras TIC','Encuentro con la coordinadora de prácticas del CEFA y un grupo  de 14 estudiantes de la modalidad de informática para presentarles el programa y la estrategia de Gestores TIC, y así generar una alianza entre la I.E. CEFA y MDE Ciudad Inteligente que permita a las estudiantes realizar sus horas de práctica con el programa.','Por parte de la institución: Agilizar el trámite de afiliación de las estudiantes a la ARL con la Secretaría de Educación para poder comenzar las prácticas.\r\npor parte del Programa: Averiguar el tipo de convenio con el cual se articularía la estrategia de Gestores TIC con las prácticas del CEFA en la modalidad de informática.','CEFA_Reunion_Gestoras_TIC_1.JPG','CEFA_Reunion_Gestoras_TIC_2.JPG','CEFA_Reunion_Gestoras_TIC_4.JPG','uploads/meeting/meeting_adjunct',6,299,17,'2015-06-09 16:03:49','0000-00-00 00:00:00'),(683,'2015-06-09','Planeación de procesos y convoctorias para talleres','reunión para realizar convocatoria de niños para el taller con la corporación línea de tiempo, y hacerle seguimiento a los cursos que se estan realizando con nuestros contenidos los gestores TIC de la biblioteca','- Realizar Convocatoria (PB San Javier)\r\n- Enviar Formatos para generar los certificados de los asistentes a cursos','Parque_Biblioteca_Belen_Reunion_de_planeacion_para_convocatorias.JPG',NULL,NULL,'uploads/meeting/meeting_adjunct',5,191,38,'2015-06-10 10:50:28','0000-00-00 00:00:00'),(684,'2015-06-09','Reunión con Gestor y gestion','Reunión para planificación de la certificación de los estudiantes y la entrega entrega de certificados al elecentro','Definir fecha para ceremonia.','telecentro.jpg',NULL,NULL,'uploads/meeting/meeting_adjunct',3,198,10,'2015-06-10 14:58:26','0000-00-00 00:00:00'),(685,'2015-06-03','Gestión con aliados','Se llevó a cabo reunión entre Director de parque biblioetca Fernando Botero, Gestora de Servicios Bibliotecarios y técnico en cultura digital del mismo lugar, además de MDE inteligente y el administrador del punto Vive Digital San Cristóbal con el propósito de anudar esfuerzos entre entidades para generar procesos de formación conjuntos e intervenir las comunidades con procesos integrales entre las tres entidades. Dentro de las actividades realizadas estuvieron:\r\n- Focalización de públicos probables.\r\n- Propuestas de intervención de las tres entidades.\r\n- Procesos de certificación conjuntos.\r\n- Apoyo y participación en eventos del corregimiento.\r\n- Vinculación a espacios como la mesa de inclusión de la comuna a través de charlas de accesibilidad e inclusión.\r\nEl parque biblioteca expresó como gran interés el trabajo con micro-empresarios y emprendedores; para esto tanto MDE  como vive digital serán el puente y se propone la creación de una especie de laboratorio donde a a partir de una reunión con ellos y ellas se identifiquen intereses y necesidadades de formación','Asistir a próxima reunión el día viernes  12 de Junio con el grupo de Cultura digital para agendar un proceso de formación que se desarrolle entre MDE inteligente y el punto Vive digital','Parque_Biblioteca_Fernando_Botero_Gestion_con_Aliados.jpg',NULL,NULL,'uploads/meeting/meeting_adjunct',3,186,23,'2015-06-10 14:59:27','0000-00-00 00:00:00'),(686,'2015-06-04','Reunión JAL Comuna 80','Se realizó una reunión para conversar acerca de los procesos en los que los estudiantes de pp han venido adelantando con nosotros, además se converso acerca de posibles procesos de formación que se abrirán en la comuna.','Enviar datos actualizados de los estudiantes de pp por parte de la funcionaria de la JAL.','Casa_de_Gobierno_San_Antonion_de_Prado_Reunion_JAL.jpg',NULL,NULL,'uploads/meeting/meeting_adjunct',3,333,15,'2015-06-11 08:44:26','0000-00-00 00:00:00'),(687,'2015-06-04','Reunión JAL Comuna 16','se realizó una corta reunión para conversar acerca de la labor que realizan los estudiantes de pp que están haciendo la labor social con el programa.','Ninguno.','Mascerca_Belen_Gestion_con_aliados_JAL_Comuna_16.jpg',NULL,NULL,'uploads/meeting/meeting_adjunct',3,438,15,'2015-06-11 08:59:32','0000-00-00 00:00:00'),(688,'2015-06-04','Planeación Curso para Adultos Mayores','Reunión con Luz Elena, Líder Comunitaria, integrante de la JAC Comuna 8 - Los Mangos, para programar Charla de sensibilización de Curso alfabetización Digital para grupo de Adulto Mayor en Aula abierta de la Sede Niño Jesús de Praga.','Se programa charla de Sensibilización del Curso Alfabetización Digital y Gobierno en Línea para el día 10 de junio de 3:00 p.m. a 5:00 p.m.','I_E_Luis_Carlos_Galan_Sarmiento_Sede_Nino_Jesus_de_Praga_Reunion-0.jpg',NULL,NULL,'uploads/meeting/meeting_adjunct',3,313,40,'2015-06-11 13:52:41','0000-00-00 00:00:00'),(689,'2015-06-03','Planeación asesorías página web','Se realizó una corta reunión con el coordinador de la Institución educativa para plantear la fecha de inicio de las asesorías con los profesores del equipo gestor y empezar a montar la página web de la IE.','Reunión viernes 12 de junio.','IE_San_Roberto_Belarmino_Reunion_proceso_pagina_web.jpg',NULL,NULL,'uploads/meeting/meeting_adjunct',5,356,15,'2015-06-11 16:17:54','0000-00-00 00:00:00'),(690,'2015-06-04','Gestión Aliados','Se visitó la sala de informática de la estación vallejuelos del metro cable y se estableció contacto con los formadores del lugar con el propósito de gestionar el espacio en dos vías; una de ellas desarrollar nuestros procesos de formación o bien apoyar los procesos del lugar y contactarlos con la comunidad de las flores que está en espera de la apertura de Alfabetización Digital básica para ellos. Los formadores quedaron muy interesados con las propuestas y hubo total disposición frente a una posible alianza. Se dejaron claros aspectos como la certificación de participación para la comunidad la cual ellos realizan de igual forma y la importancia de hacer sinergías con propósitos comunes en beneficio de la ciudadanía.','Llamar a La señora Paula, jefe inmediata de los formadores del Metro para agendar reunión y concretar las formas de vinculación entre el programa y el metro con el propósito común de antender las necesidades formativas de la comunidad del sector','Estacion_Vallejuelos_Gestion_Con_aliados.jpg',NULL,NULL,'uploads/meeting/meeting_adjunct',3,494,23,'2015-06-12 08:04:02','0000-00-00 00:00:00'),(691,'2015-06-11','Seguimiento CAV','Seguimiento de sitio y reunión con la coordinadora Para compartir impresiones y estrategias para el uso del CAV','Nueva reunión después de terminado los trabajos.','CAV.jpg',NULL,NULL,'uploads/meeting/meeting_adjunct',4,247,10,'2015-06-12 08:47:41','0000-00-00 00:00:00'),(692,'2015-06-12','Inducción Gestor TIC y firma de pacto','Firma Pacto de acompañamiento e inducción de procesos de MDE','Iniciar procesos de formación para la próxima semana y nos acompañará en el proceso de migración de información al sistema de apropiación.','Mascerca_Poblado_Induccion_Gestor_TIC_Miguel_Angel_Pastas.JPG',NULL,NULL,'uploads/meeting/meeting_adjunct',6,349,38,'2015-06-12 15:03:40','0000-00-00 00:00:00'),(693,'2015-06-10','Reunión de planeación','Reunión con una de la funcionarias del Parque de la Vida para planificar actividades con la comunidad de asiste al sitio. Se les ofrece la posibilidad de trabajar alfabetización digital con adultos mayores, GEL para líderes comunitarios, NSN niños. ','La funcionaria del sitio coordinadora el grupo con el cual se empieza la intervención','Parque_de_la_Vida_reunion_de_planeacion.jpg',NULL,NULL,'uploads/meeting/meeting_adjunct',5,318,20,'2015-06-12 15:17:38','0000-00-00 00:00:00'),(694,'2015-06-17','Empalme y detección de necesidades','Se realizó la presentación de la gestora de cultura digital que acompañará el sitio y se conversó con los funcionarios sobre la Zona Wifi y el Punto de Navegación que tendrán allí, explicándoles en que consiste el punto de navegación y cual es el objetivo de este. La red Wifi ya está funcionando y varios usuarios la están usando. \r\nAdemás se detectaron las principales necesidades de la comunidad, entre ellas aprender sobre trámites de salud y páginas que promuevan los hábitos de vida saludables, otra de las necesidades es la comunicación de los pacientes hospitalizados con sus familiares y amigos. Por lo anterior se planeará un acompañamiento al sitio que supla las necesidades de la comunidad.','Planear el acompañamiento que se hará en el sitio, a partir de las necesidades ya detectadas.','UPSS_Hector_Abad_Gomez_Reunion_de_empalme.jpg',NULL,NULL,'uploads/meeting/meeting_adjunct',2,561,43,'2015-06-17 13:57:26','0000-00-00 00:00:00'),(695,'2015-06-16','Gestión con la JAL','Reunión de gestión y alianza con el presidente de la JAL de santa Elena para la articulación de algunos estudiantes de PP con los procesos de apropiación en el corregimiento. En la reunión estuvo presente la secretaria, quien facilitó los datos de los estudiantes. ','Llamar a los estudiantes y gestionar su participación en el programa.','Casa_Gobierno_Santa_Elena_Gestion_con_aliados_2.JPG','Casa_Gobierno_Santa_Elena_Gestion_con_aliados_3.JPG',NULL,'uploads/meeting/meeting_adjunct',3,296,17,'2015-06-17 14:01:26','0000-00-00 00:00:00'),(696,'2015-06-16','Planeación Taller Stopmotion','Reunión con la directora de la biblioteca para conocer el proceso de convocatoria para el taller de stopmotion. Hasta el momento hay 19 niños y niñas preinscritos. ','Fortalecer la convocatoria por medio de llamadas telefónicas, y acompañar el taller.','Biblioteca_Santa_Elena_Planeacion_taller_Stopmotion_3.JPG','Biblioteca_Santa_Elena_Planeacion_taller_Stopmotion_2.JPG',NULL,'uploads/meeting/meeting_adjunct',5,190,17,'2015-06-17 14:04:41','0000-00-00 00:00:00'),(697,'2015-06-09','Empalme  y planeación','Se realizó reunión con Daniela Maury, Técnico en cultura Digital con el propósito de indagar los procesos hasta ahora desarrollados en la biblioteca con la comunidad además de ingresarla como gestora Tic, compartir con ella algunos de nuestros contenidos, explicarle el diligenciamiento de los formatos y planear intervenciones paulatinas en cada uno de los grupos que ella forma.','- Realizar charla de NSN para adultos con los grupos de informática básica.\r\n- Hay una invitación para participar con el grupo de niños de cápsulas digitales que se reúnen los sábados de 1 a 2 y realizar alguna intervención, posiblemente en el tema de Stop Motion o Fotografía\r\n-Certificar los procesos desarrollados por la Gestora Tic donde utilizará los contenidos del programa.','Biblioteca_Fdo_G_Martinez_Empalme_y_planeacion_Gestora_Tic_1.jpg',NULL,NULL,'uploads/meeting/meeting_adjunct',2,268,23,'2015-06-17 14:09:12','0000-00-00 00:00:00'),(698,'2015-06-10','Planeación de procesos','Se llevó  a cabo un encuentro con Carolina Gallón para ajustar los detalles del taller que se llevará a cabo el dia 18 de Julio de 2015 en la biblioteca con al corporación línea del tiempo sobre el teman de Astronomía, utilizando Stop motion. Se concretaron aspectos como Cantidad de niños, responsabilidad de convocatoria, edades, horario, refrigerio.','Realizar Convocatoria para dejar algunos cupos para el PVD . \r\nDisponer el espacio ','PB_Fernando_botero_Planeacion_de_procesos.jpg',NULL,NULL,'uploads/meeting/meeting_adjunct',5,186,23,'2015-06-17 16:16:35','0000-00-00 00:00:00'),(699,'2015-06-17','Inducción Gestor Tic','Se realizó reunión con La señora Martha  y yurany Londoño quien será la nueva gestora Tic en la Bpp la loma. Además de contarle en qué consistía el programa y todas las actividades que realizamos se hizo empalme del proceso  hasta ahora llevado a cabo en la biblioteca y como ella tiene la experiencia con Tic perfectamente puede asumirlo. Se mostró muy interesada en realizar su articulación con el programa, dispuesta y responsable. Se tomaron los datos y se planearon otras posibles actividades a realizar en el sitio.','Pasar los contenidos de A. D a la gestora Tic para que asuma en adelante el curso en la Biblioteca ','Pacto_de_acompanamiento_yurani.PDF','BPP_La_loma_Induccion_Gestor_Tic.jpg',NULL,'uploads/meeting/meeting_adjunct',6,187,23,'2015-06-19 12:12:19','0000-00-00 00:00:00'),(700,'2015-06-18','Gestión con aliados','Se realizó reunión con la profesional en Gestión territorial de la Unidad de Víctimas que acompaña el sector de la Loma dado que ella manifiesta la necesidad emergente de que la mesa de líderes del sector obtenga formación en Alfabetización  digital ya que no hay manejo del computador y como líderes necesitan dichas competencias básicas además de algunas específicas. Frente a esto se conversó con la biblioteca y se plantearon posibilidades de horarios; sin embargo los líderes solo pueden en su mayoría los sábados en la tarde y no es viable ni por el espacio dado que la biblioteca cierra a las 2 pm y ya tiene procesos este día. Frente a esto se pensó en la posibilidad de dividir el grupo para que algunos obtengan la formación en semana y los de los sábados traten de acomodarse al horario de la biblioteca. Este proceso lo asumiría la biblioteca como tal.','Claudia Escobar tomó los datos de la Gestora de Cultura Digital para que una vez converse con las personas se establezca comunicación y se traten de concretar estrategias. El programa propuso además acompañamiento en el tema de GEL dada la importancia que representa este conocimiento para los líderes.','BPP_La_loma_Gestion_con_Aliados_1.jpg','BPP_La_loma_Gestion_con_Aliados_2.jpg',NULL,'uploads/meeting/meeting_adjunct',3,187,23,'2015-06-19 14:31:54','0000-00-00 00:00:00'),(701,'2015-06-10','Reunión Hogar Infantil La Estrellita','Reunión en el Hogar Infantil La Estrellita, para programar Taller de Narrativas Digitales con los niños y niñas de párbulos, se plantea como fecha de inicio el mes de Agosto-','Queda pendiente fijar la fecha para iniciar el taller.','Telecentro_Los_Mangos_Gestion_con_Aliados.jpg',NULL,NULL,'uploads/meeting/meeting_adjunct',3,204,40,'2015-06-22 14:38:45','0000-00-00 00:00:00'),(702,'2015-06-10','Planeación Curso para Adultos Mayores','Reunión con el profesor Hammer, encargado del aula abierta en la institución, se estudian los posibles horarios para realizar curso de alfabetización Digital y Gobierno en Línea para grupo de adulto mayor. \r\nSe plantea programación de charlas para los grados 5 de primaria, de Navegar Sin Naufragar y de Gobierno en Línea para 11 de bachillerato.','Se confirma horario para el curso de Alfabetización y Gobierno en Línea con adultos mayores de 3:00 a 5:00 p.m., iniciando el miércoles 8 de julio.\r\n','I_E_Luis_Carlos_Galan_Sarmiento_Sede_Nino_Jesus_de_Praga_Reunion_Planeacion.jpg',NULL,NULL,'uploads/meeting/meeting_adjunct',5,313,40,'2015-06-22 15:21:08','0000-00-00 00:00:00'),(703,'2015-06-18','Empalme ','Se realizó una reunión de empalme con la gestora administrativa, con quien se puso a disposición los servicios del programa y se tuvo en cuenta el tipo de público que asiste al sitio','Se realizará una visita al mes, como mínimo, al sitio.','Diamante_de_Beisbol_2.jpg',NULL,NULL,'uploads/meeting/meeting_adjunct',2,505,46,'2015-06-22 16:21:03','0000-00-00 00:00:00'),(704,'2015-06-19','Seguimiento de evento','Seguimiento al buen funcionamiento del evento Panamericano Máster de Natación que se realiza en el sitio.','Seguimiento telefónico del evento','20150619_135942_HDR.jpg',NULL,NULL,'uploads/meeting/meeting_adjunct',4,504,10,'2015-06-23 08:40:27','0000-00-00 00:00:00'),(705,'2015-06-02','Planeación actividades en el punto de navegación','Se realizó una corta reunión con la nueva secretaria, para contarle que se estaba haciendo en el sitio, además se identificó la posibilidad de realizar otras actividades.','Ninguno','Unidad_Integral_de_Belen_6_seguimiento_y_planeacion_de_procesos-0.jpg',NULL,NULL,'uploads/meeting/meeting_adjunct',5,362,15,'2015-06-23 09:11:09','0000-00-00 00:00:00'),(706,'2015-06-12','Reunión página web','Se realizó una reunión con el equipo gestor de la IE para verificar el estado de la página web de la institución, se identifico que tenía un buen funcionamiento y se definió que los docentes la actualizarían frecuentemente.','Actualización de la página web por parte de los docentes de la IE.','IE_San_Roberto_Belarmino_Reunion_equipo_gestor.jpg',NULL,NULL,'uploads/meeting/meeting_adjunct',5,356,15,'2015-06-23 10:48:18','0000-00-00 00:00:00'),(707,'2015-06-11','Planeación procesos de formación','Se realizó una reunión con la encargada del telecentro para programar las actividades que se realizaran con las personas que frecuentan en lugar, se decidió iniciar un taller de narrativas digitales con adultos y adultos mayores.','Inicio de taller','Telecentro_Pradito_Planeacion_de_procesos_de_formacion.jpg',NULL,NULL,'uploads/meeting/meeting_adjunct',5,211,15,'2015-06-23 12:01:18','0000-00-00 00:00:00'),(708,'2015-06-17','Seguimiento al Punto de Navegación','Se realizó visita al punto de Navegación ubicado en el Centro de Innovación del Maestro MOVA, no se encontraban en el lugar los equipos destinados para este punto, por esta razón se realiza reunión con Luis Fernando Ribero, Coordinador Área de Sistemas, para conocer información de la situación.\r\nSe me informa que se desconectó el Punto de Navegación para realizar la contratación de los nuevos docentes que obtuvieron plaza a través del concurso Nacional Docente; aún no se conoce fecha para instalarlos nuevamente.','Informar fecha de instalación de los equipos.','Centro_Innovacion_del_Maestro_Seguimiento_al_Sitio.jpg',NULL,NULL,'uploads/meeting/meeting_adjunct',4,302,40,'2015-06-23 13:17:23','0000-00-00 00:00:00'),(709,'2015-06-17','Gestión de procesos de formación','Reunión de seguimiento al Punto de Navegación y gestión de inicio de procesos de formación. ','Queda pendiente realizar convocatoria para iniciar con asesoría para los funcionarios.','Archivo_Historico_de_Medellin_Reunion_de_Planeacion_1.jpg','Archivo_Historico_de_Medellin_Reunion_de_Planeacion_2.jpg','Archivo_Historico_de_Medellin_Reunion_de_Planeacion_3.jpg','uploads/meeting/meeting_adjunct',5,292,40,'2015-06-23 13:23:30','0000-00-00 00:00:00'),(710,'2015-06-16','Seguimiento al sitio','Reunión con el coordindor del CEDEZO para gestionar convocatoria para proceso de formación a funcionarios.','se realiza la convocatoria 15 días, tiempo que se tiene para la inscripción de los usuarios.','CEDEZO_Pasaje_La_Bastilla_Reunion_de_seguimiento.jpg',NULL,NULL,'uploads/meeting/meeting_adjunct',4,171,40,'2015-06-23 13:30:19','0000-00-00 00:00:00'),(711,'2015-06-19','Planeación Procesos de formación','Reunión con la Profesional de Formación de la Biblioteca EPM, para gestionar procesos de formación en Alfabetización Digital, para el adulto mayor y Narrativas Digitales, para los niños y niñas . Se habla de un evento que realizarán en agosto, contemplando la posibilidad de tener presencia de Medellín Ciudad Inteligente.','Analizar la posibilidad de asistir al evento y realizar convocatoria para los procesos de formación.','Biblioteca_EPM_Reunion_de_Planeacion.jpg',NULL,NULL,'uploads/meeting/meeting_adjunct',5,163,40,'2015-06-23 14:38:32','0000-00-00 00:00:00'),(712,'2015-06-16','Primera reunión con Gestora TIC','Reunión con Nueva Gestora TIC, se le habla del programa, los procesos de formación y los sitios que va a acompañar, se establece un horario y sitio para ella.','Acompañar el proceso de Alfabetización Digital y Gobierno en Línea que se tiene con la Comunidad de Por Mis Derechos.',NULL,NULL,NULL,'',6,571,40,'2015-06-23 15:33:54','0000-00-00 00:00:00'),(713,'2015-06-23','Planeación de procesos de formación','Reunión para programar Charla de Navegar Sin Naufragar para niños y Narrativas Digitales para Adulto Mayor.','Se programa charla para el martes 7 de julio a las 2:oo p.m.','Telecentro_El_Salvador_Reunion_Planeacion_1.jpg','Telecentro_El_Salvador_Reunion_Planeacion_2.jpg',NULL,'uploads/meeting/meeting_adjunct',5,569,40,'2015-06-23 15:44:14','0000-00-00 00:00:00'),(714,'2015-06-17','Invitación taller de animación','Se realizó una corta reunión con la auxiliar de la biblioteca para hacer la invitación a algunos chicos que visitan la biblioteca al taller de animación.','Una próxima reunión para planear procesos de formación.','Filial_biblioteca_San_Antonio_de_Prado_Gestion_de_participantes_taller_de_animacion.jpg',NULL,NULL,'uploads/meeting/meeting_adjunct',4,195,15,'2015-06-23 15:49:24','0000-00-00 00:00:00'),(715,'2015-06-23','Reunión seguimiento y gestión de procesos de formación','Reunión para gestionar charla de Navegar Sin Naufragar para Jóvenes y seguimiento al punto de Navegación.','Realizar convocatoria para la charla Navegar Sin Naufragar.','Centro_de_la_Diversidad_Sexual_Reunion_de_Seguimiento_1.jpg','Centro_de_la_Diversidad_Sexual_Reunion_de_Seguimiento_2.jpg','Centro_de_la_Diversidad_Sexual_Reunion_de_Seguimiento_3.jpg','uploads/meeting/meeting_adjunct',4,300,40,'2015-06-23 15:57:21','0000-00-00 00:00:00'),(716,'2015-06-23','Reunión de empalme','Reunión con el coordinador del centro de salud para planificar alguna intervención por parte del programa en el sitio. Verificación del buen funcionamiento de la red wifi. El funcionario pregunta por la entrega del punto de navegación. ','Se averigua con conectividad y se averigua que se encuentra parada por la ley de garantías, además se entrega en comodatos.   ','Centro_de_salud_San_Lorenzo_Reunion.jpg',NULL,NULL,'uploads/meeting/meeting_adjunct',2,573,20,'2015-06-23 17:02:02','0000-00-00 00:00:00'),(717,'2015-06-11','Planeación segundo semestre','La reunión se plantea con antelación con el fin de generar la planeación para el segundo semestre, se plantea cambiar la estrategia que se viene implementando con los emprendedores y empresarios adscritos al cedezo, se busca realizar otro tipo de cursos más llamativos para estás personas. Se propone entonces realizar dos talleres, el primero de excel y el segundo de Mercadeo Digital. \r\nSe plantean además fechas de inicio y cierre de cada uno de los procesos. ','El Cedezo realizará la convocatoria de las personas y la reserva del espacio. ','Cedezo_La_Tinaja_Empalme_y_planeacion.jpg',NULL,NULL,'uploads/meeting/meeting_adjunct',5,167,24,'2015-06-24 09:10:25','0000-00-00 00:00:00'),(718,'2015-06-24','Reunión de empalme y planeación','Reunión de empalme y planeación de actividades para el segundo semestre del año. El coordinador recuerda que había establecido con un anterior gestor un curso de alfabetización digital y un taller de mercado digital','Se conviene participar de unas reuniones con emprendedores para contarles sobre las ofertas del programa MCI','CEDEZO_La_Ladera_reunion_empalmeyplaneacion.jpg',NULL,NULL,'uploads/meeting/meeting_adjunct',2,170,20,'2015-06-24 15:17:12','0000-00-00 00:00:00'),(719,'2015-06-19','Gestión Funcionarios del buen Comienzo','La reunión se centra en contarle a las personas del programa Buen Comienzo que la Unidad Deportiva ya cuenta con internet wifi y que ellos pueden conectarse al servicio, se busca además que durante las horas que ellos están con las madres gestantes se puedan realizar sensibilizaciones buscando que ellas ingresen a páginas de interés frente a la gestación y lactancia materna. Para esto se pide a la coordinadora un espacio para realizarlo. ','Los Agentes Educativos divulgaran a los usuarios del sitio el internet wifi que se encuentra en la zona. \r\nRicardo Alvarez, buscará que la coordinadora nos ceda el espacio para realizar la actividad. ','Centralidad_Deportiva_El_Progreso_2_Gestion_con_aliados.jpg',NULL,NULL,'uploads/meeting/meeting_adjunct',3,485,24,'2015-06-25 09:23:37','0000-00-00 00:00:00'),(720,'2015-06-16','Disponibilidad de equipos en el Telecentro Pedregal','Se inicia con el reconocimiento de los nuevos computadores entregados por dotación de la Oficina de Telecentros, con esto se busca que las personas que se encuentren cerca al sitio puedan iniciar cursos de herramientas web 2.0 en el espacio. ','Se buscarán las personas idóneas para iniciar el proceso de formación en herramientas web 2.0','Casa_de_la_Cultura_Pedregal_Empalme_y_Planeacion_1.jpg','Casa_de_la_Cultura_Pedregal_Empalme_y_Planeacion.jpg',NULL,'uploads/meeting/meeting_adjunct',3,487,24,'2015-06-25 17:00:49','0000-00-00 00:00:00'),(721,'2015-06-19','Empalme con la coordinadora de la Corporación Picacho con Futuro','Se inicia una nueva reunión de empalme en la que se busca que el Telecentro por su gran oferta de formación con los cursos virtuales de la Universidad Católica del Norte no nos cierre las puertas, para esto se propone realizar formaciones a la comunidad con los nuevos equipos dotados por la oficina de Telecentros y para el equipo de líderes de la corporación. ','En la junta directiva la coordinadora propondrá a los integrantes realizar el taller en las horas de la noche con el fin de utilizar las herramientas de dotación y el espacio del Telecentro. ','Telecentro_Picacho_Empalme_y_planeacion.jpg',NULL,NULL,'uploads/meeting/meeting_adjunct',2,202,24,'2015-06-25 17:14:19','0000-00-00 00:00:00'),(722,'2015-06-16','Inducción al Gestor TIC ','Al realizar la visita al Telecentro de Pedregal observamos a este nuevo Gestor TIC dictando un curso de Alfabetización Digital con los contenidos del programa, a partir de lo anterior lo invitamos a hacer parte de la estrategia de los Gestores TIC y este acepta, argumentando que le encanta el trabajo comunitario, ya que este es un líder del barrio. ','Se abrirán otros grupos de formación en los cuales él será el Gestor TIC. ','Casa_de_la_Cultura_Pedregal_Pedro_Nel_Munoz.jpg',NULL,NULL,'uploads/meeting/meeting_adjunct',6,487,24,'2015-06-25 17:21:31','0000-00-00 00:00:00'),(723,'2015-06-25','nuevo gestor TIC','Reunión con nuevo gestor para socializar los contenidos de AD y GEL ','Dictará cursos de alfabetización Digital en la biblioteca Mario Gaviria Suárez ','Pactos_de_acompanamieto_Sebastian_Salazar.PDF','Biblioteca_Mario_Gaviria_Suarez_Gestor_TIC_Sebastian_Suarez.JPG',NULL,'uploads/meeting/meeting_adjunct',6,471,42,'2015-06-26 09:09:11','0000-00-00 00:00:00'),(724,'2015-06-25','nuevo gestor TIC','Reunión con nuevo gestor TIC para socializar los contenidos de los cursos','Se abrirán cursos para la comunidad en la biblioteca ','Biblioteca_Mario_Gaviria_Suarez_Gestor_TIC_Sebastian_Ospina.JPG','Pactos_de_acompanamieto_Sebastian_Ospina.PDF',NULL,'uploads/meeting/meeting_adjunct',6,471,42,'2015-06-26 09:14:42','0000-00-00 00:00:00'),(725,'2015-06-12','Seguimiento a la planeación de los procesos.','Se realizó visita al sitio con el fin de conocer como va el proceso de convocatoria para el taller de dispositivos móviles dirigido a padres de familia y enfocado en aprender a utilizar las aplicaciones y páginas web que promueven el aprendizaje y la comunicación en los niños diagnosticados con trastornos del espectro autista, además de indagar por la fecha de inicio del un taller de narrativas digitales con los niños. La respuesta que se obtuvo frente a los procesos mencionados, es que ya están aprobados, pero que ellos salen un mes a vacaciones. Por lo anterior las actividades se iniciarán a finales del mes de Julio.	 ','Por parte de la fundación quedó como compromiso programar las actividades ya planeadas. ','Fundacion_integrar_Seguimiento_al_sitio.jpg',NULL,NULL,'uploads/meeting/meeting_adjunct',4,215,43,'2015-06-26 10:21:55','0000-00-00 00:00:00'),(726,'2015-06-25','Gestión con aliados','Se visitó uno de los telecentros de Palmitas con el propósito de apoyar la labor del dinamizador con la comunidad en vista de que conversando con las personas se evidenció que el lugar está siendo visitado y reconocido por las personas. Se establecieron canales de comunicación, se le contó a cerca del programa y de nuestra labor en campo además de las formas en que podíamos intervenir en conjunto. El dinamizador quedó muy interesado y planteamos la opción de hacer una actividad mensual','Enviar por correo electrónico los contenidos de A.D y comunicarnos constantemente  para planear actividades mensuales.','telecentro_Palmitas_Gestion_con_Aliados_1.jpg','telecentro_Palmitas_Gestion_con_Aliados_2.jpg',NULL,'uploads/meeting/meeting_adjunct',3,276,23,'2015-06-26 10:24:59','0000-00-00 00:00:00'),(727,'2015-06-18','Inducción Gestor TIC','Se firmo el pacto de acompañamiento con la nueva gestora TIC, además se le explicó las funciones y las actividades que tendría a cargo.','Ninguno','Telecentro_Pradito_Induccion_Gestora_TIC.jpg',NULL,NULL,'uploads/meeting/meeting_adjunct',6,211,15,'2015-06-26 15:27:00','0000-00-00 00:00:00'),(728,'2015-06-26','Planeación actividades mes de julio','Se planea el nuevo curso de formación en Web 2.0 que se dictará a los líderes multiplicadores de la comuna, para fortalecer sus habilidades. ','Se organizará el grupo y pactarán las horas de trabajo. ','Telecentro_Doce_de_Octubre_Planeacion.jpg',NULL,NULL,'uploads/meeting/meeting_adjunct',5,480,24,'2015-06-30 15:51:44','0000-00-00 00:00:00'),(729,'2015-06-26','Revisión de la convocatoria para el Taller','Se revisa la convocatoria realizada por la encargada de dinamizar el Taller que realizará la corporación Línea de Tiempo en el espacio, además se miran los temas logísticos de la actividad. ','La técnico de cultura realizará las llamadas para confirmar a las personas que asistirán, además se busca postear de nuevo la E-card para realizar una convocatoria más grande. ','PB_Doce_de_Octubre_Planeacion.jpg',NULL,NULL,'uploads/meeting/meeting_adjunct',5,183,24,'2015-06-30 16:27:26','0000-00-00 00:00:00'),(730,'2015-06-26','Empalme ','Se hizo una presentación formal del programa y las posibilidades de nuevos procesos allí según las necesidades.','Listado de programas y/o talleres ','Cedezo_Moravia.JPG',NULL,NULL,'uploads/meeting/meeting_adjunct',2,166,46,'2015-07-01 09:39:41','0000-00-00 00:00:00'),(731,'2015-06-25','Empalme ','Se realizó reunión de empalme con la coordinadora y la gestora tic del sitio','Enviar información con programación de fechas para próximos talleres.','floresta.png','floresta.jpg',NULL,'uploads/meeting/meeting_adjunct',2,180,46,'2015-07-01 09:59:13','0000-00-00 00:00:00'),(732,'2015-07-03','Planeación de procesos','Se llevó a cabo reunión con el coordinador del cedezo para hablar del estado actual de las personas que frecuentan el cedezo en relación a los procesos de formación recibidos y la posible oferta que el programa MDE inteligente puede realizar. Además de esto se resaltó la importancia de que todos los actores institucionales del corregimiento hagan sinergia para desarrollar procesos en conjunto que beneficien la población y es por esto que nos vinculamos con Biblioteca Fernando Botero y Punto Vive Digital para llevar a cabo una reunión donde se indaguen los intereses y expectativas de los microempresarios y de este modo lograr vincularlos con nuestros procesos de formación.','Realizar llamado a personas del listado facilitado por el cedezo que se encuentran activas tanto emprendedores como microempresarios para convocarlos a reunión con Punto Vive digital y MDE para iniciar procesos de formación según sus necesidades y expectativas','Cedezo_San_Cristobal_Planeacion_de_procesos_2.jpg','Cedezo_San_Cristobal_Planeacion_de_procesos.jpg',NULL,'uploads/meeting/meeting_adjunct',5,169,23,'2015-07-07 15:07:17','0000-00-00 00:00:00'),(733,'2015-07-02','Reunión de planeación','Se realizó una reunión para planear la creación de laboratorio audiovisual que tendrá como objetivo reactivar el canal de TV de la Institución y la creación de contenidos para la página Web de la misma. Se iniciará con un Taller de Narrativas Digitales (Fotografía) el Lunes 6 de Julio, dirigido a los estudiantes de la Mediatecnica en Multimedia. ','Por parte de la Institución Educativa quedó como compromiso gestionar los recursos requeridos para el taller.','Institucion_Educativa_Jose_Acevedo_y_Gomez_Reunion_de_planeacion.jpg',NULL,NULL,'uploads/meeting/meeting_adjunct',5,344,43,'2015-07-08 07:49:48','2015-07-08 12:55:08'),(735,'2015-07-08','Reunión con nueva Líder de Servicio','Reunión con la nueva Líder de Servicio del sitio, empalme de procesos realizados y planeación de procesos nuevos con las personas que atiende el CAV','- Articularse a las capacitaciones que tienen los funcionarios en nuevos trámites en linea, requeridos para gestionar procesos de ayuda a victima. (resolución de la situación militar, chat de victimas, etc)\r\n\r\n- Buscar un espacio donde se pueda dar formación a jóvenes víctimas del conflicto en el trámite de la libreta Militar, ya que para este tipo de población existe un procedimiento especializado.','CAV_Belencito_Reunion_de_Empalme_con_nueva_Lider_de_Servicio.jpg',NULL,NULL,'uploads/meeting/meeting_adjunct',2,335,38,'2015-07-08 16:26:09','0000-00-00 00:00:00');
/*!40000 ALTER TABLE `meetings` ENABLE KEYS */;
UNLOCK TABLES;

--
-- Table structure for table `meetings_people`
--

DROP TABLE IF EXISTS `meetings_people`;
/*!40101 SET @saved_cs_client     = @@character_set_client */;
/*!40101 SET character_set_client = utf8 */;
CREATE TABLE `meetings_people` (
  `meeting_id` int(11) NOT NULL,
  `person_id` bigint(15) NOT NULL,
  KEY `person_id` (`person_id`),
  KEY `meeting_id` (`meeting_id`),
  CONSTRAINT `meetings_people_ibfk_1` FOREIGN KEY (`meeting_id`) REFERENCES `meetings` (`id_meeting`) ON DELETE NO ACTION ON UPDATE NO ACTION,
  CONSTRAINT `meetings_people_ibfk_2` FOREIGN KEY (`person_id`) REFERENCES `people` (`id_person`) ON DELETE NO ACTION ON UPDATE CASCADE
) ENGINE=InnoDB DEFAULT CHARSET=latin1;
/*!40101 SET character_set_client = @saved_cs_client */;

--
-- Dumping data for table `meetings_people`
--

LOCK TABLES `meetings_people` WRITE;
/*!40000 ALTER TABLE `meetings_people` DISABLE KEYS */;
INSERT INTO `meetings_people` VALUES (38,518),(39,1),(45,100),(46,5),(46,6),(47,101),(48,102),(49,103),(57,103),(58,11),(60,24),(64,102),(67,200),(68,2),(69,3),(70,7),(76,14),(77,108),(78,104),(79,106),(80,107),(81,102),(82,105),(83,109),(84,110),(85,2),(86,1),(87,106),(88,201),(89,3),(90,530),(91,532),(92,202),(93,203),(94,13),(94,513),(94,532),(95,2),(95,11),(95,13),(95,14),(95,105),(95,106),(95,107),(95,108),(95,109),(95,110),(95,200),(95,201),(95,202),(95,203),(95,510),(95,520),(95,530),(95,531),(95,532),(96,15),(96,513),(96,532),(97,530),(97,532),(98,16),(99,513),(99,532),(100,57),(100,513),(101,18),(101,532),(102,11),(102,532),(103,58),(103,513),(104,19),(104,513),(105,20),(105,513),(106,21),(106,22),(106,23),(106,513),(107,54),(108,41),(109,41),(109,42),(109,43),(109,44),(109,45),(110,42),(111,53),(111,54),(111,530),(112,14),(113,2),(114,2),(115,57),(116,57),(117,2),(118,50),(119,1),(120,60),(121,47),(122,47),(123,61),(124,5),(125,55),(125,56),(126,5),(127,46),(128,53),(128,54),(130,48),(131,7),(132,105),(133,7),(134,30),(135,30),(137,24),(138,140),(139,33),(140,62),(141,63),(142,58),(143,35),(144,111),(145,101),(146,112),(147,113),(148,32),(148,37),(149,60),(150,59),(151,130),(152,60),(153,192),(155,161),(156,161),(157,162),(158,162),(159,162),(160,164),(161,164),(162,164),(163,32),(163,37),(164,3),(165,36),(165,37),(166,25),(166,54),(167,531),(168,27),(168,28),(169,105),(170,54),(171,111),(172,29),(173,114),(174,143),(175,3),(175,60),(176,115),(177,61),(179,116),(180,134),(181,27),(182,5),(182,6),(184,116),(185,5),(185,6),(187,18),(188,11),(189,105),(190,42),(190,43),(190,45),(191,131),(192,62),(193,205),(194,33),(195,117),(197,53),(197,54),(198,118),(199,206),(200,143),(201,11),(202,117),(203,206),(204,132),(205,52),(206,63),(207,54),(208,33),(209,207),(210,39),(211,45),(212,80),(213,47),(214,208),(216,65),(217,209),(219,210),(221,5),(221,6),(222,84),(222,85),(223,146),(225,341),(226,57),(227,62),(228,86),(228,87),(229,120),(230,140),(231,166),(232,167),(233,192),(234,121),(235,193),(236,122),(237,194),(237,195),(238,25),(238,54),(239,16),(240,168),(241,170),(242,171),(243,339),(244,172),(245,211),(245,212),(246,334),(246,335),(246,356),(247,341),(248,339),(249,173),(250,173),(250,196),(251,211),(251,212),(252,174),(253,289),(254,62),(255,528),(255,533),(256,245),(256,246),(257,64),(258,245),(258,246),(259,114),(260,55),(261,176),(262,65),(263,178),(264,247),(264,248),(265,180),(266,249),(267,250),(268,348),(269,7),(270,1),(271,66),(272,82),(273,123),(274,27),(275,124),(276,125),(277,86),(277,87),(278,55),(279,213),(279,214),(280,251),(281,215),(282,252),(283,274),(284,245),(285,216),(286,253),(287,254),(288,217),(289,255),(289,256),(290,126),(291,122),(292,121),(293,218),(294,292),(295,103),(296,219),(296,220),(297,88),(298,108),(299,80),(299,89),(300,66),(300,91),(301,66),(301,91),(302,92),(303,93),(304,182),(305,94),(306,33),(307,42),(307,43),(308,291),(308,531),(309,47),(310,107),(311,197),(312,401),(313,198),(314,185),(315,185),(316,106),(317,185),(318,290),(319,185),(320,368),(321,185),(322,244),(322,257),(322,258),(322,259),(323,375),(324,377),(325,381),(326,509),(327,383),(328,386),(329,116),(330,218),(330,313),(331,392),(332,377),(333,297),(333,502),(334,382),(335,115),(336,290),(337,373),(338,242),(339,289),(340,369),(341,243),(342,369),(343,372),(344,376),(345,289),(346,379),(347,378),(352,511),(352,514),(353,519),(354,36),(355,5),(356,1),(358,539),(358,540),(359,542),(364,546),(365,257),(366,552),(367,550),(368,133),(369,133),(370,553),(370,554),(373,555),(374,1),(375,550),(376,47),(377,556),(378,540),(379,557),(380,558),(381,559),(382,560),(382,561),(383,562),(383,563),(384,29),(385,313),(386,341),(387,564),(388,341),(389,102),(390,102),(390,502),(391,524),(392,390),(393,565),(394,542),(395,14),(395,52),(396,5),(397,569),(398,570),(399,540),(400,572),(401,573),(402,400),(403,574),(404,553),(404,554),(405,56),(405,575),(406,576),(406,577),(407,347),(408,578),(409,16),(410,35),(411,580),(412,59),(413,518),(414,558),(415,303),(416,587),(417,257),(418,588),(419,589),(420,32),(421,590),(422,47),(423,591),(423,592),(424,593),(425,339),(426,565),(428,42),(429,595),(430,596),(431,599),(432,101),(433,80),(433,597),(434,594),(435,134),(436,142),(437,176),(438,124),(438,600),(439,601),(440,108),(441,602),(442,603),(443,174),(444,111),(444,604),(444,605),(445,606),(445,607),(446,130),(447,101),(447,598),(448,608),(449,609),(450,610),(451,611),(452,603),(453,603),(453,612),(454,239),(455,613),(456,102),(457,279),(458,277),(459,614),(460,615),(461,616),(461,617),(462,518),(463,271),(464,116),(465,619),(466,620),(467,621),(468,56),(468,575),(469,343),(470,622),(471,624),(472,565),(473,339),(474,379),(475,173),(475,625),(476,601),(477,627),(478,626),(479,628),(480,136),(480,630),(481,629),(482,391),(483,28),(483,632),(483,633),(483,634),(483,635),(484,595),(485,595),(486,389),(487,389),(488,636),(489,637),(490,638),(491,642),(492,639),(493,556),(494,640),(495,641),(496,62),(497,643),(498,5),(499,644),(500,645),(501,646),(502,647),(503,254),(504,56),(505,546),(506,649),(507,182),(508,650),(509,162),(510,109),(510,653),(511,654),(512,602),(513,108),(514,108),(515,655),(516,662),(517,30),(518,663),(519,664),(520,665),(521,656),(522,657),(523,522),(524,658),(525,550),(526,659),(527,639),(528,666),(529,621),(530,660),(531,661),(532,651),(532,652),(533,45),(534,670),(535,47),(535,671),(536,672),(537,538),(538,7),(539,673),(540,674),(541,381),(542,56),(543,675),(544,171),(544,676),(545,677),(546,678),(547,679),(548,680),(549,681),(550,682),(551,172),(552,683),(553,684),(554,686),(554,687),(555,685),(556,183),(556,198),(557,688),(558,123),(559,689),(560,690),(561,668),(562,314),(563,691),(564,616),(565,692),(566,693),(567,254),(568,253),(569,694),(569,695),(570,591),(570,592),(571,175),(572,697),(573,698),(574,314),(575,378),(576,24),(576,92),(577,314),(578,305),(579,699),(580,700),(581,701),(582,302),(583,269),(583,702),(584,704),(585,705),(586,703),(587,289),(588,706),(589,707),(590,709),(591,274),(591,275),(592,126),(593,108),(594,134),(595,401),(596,139),(597,710),(598,132),(599,190),(600,160),(601,170),(602,711),(603,712),(604,712),(605,713),(606,714),(607,302),(608,503),(609,102),(609,715),(609,717),(610,718),(610,719),(611,720),(612,721),(613,722),(614,723),(615,724),(616,725),(617,243),(618,726),(618,727),(619,56),(619,728),(620,616),(621,565),(622,729),(622,730),(622,731),(623,732),(624,733),(625,734),(626,703),(627,735),(628,345),(629,108),(629,736),(630,120),(631,737),(632,738),(633,595),(634,739),(635,692),(636,740),(637,1),(638,16),(639,741),(640,123),(641,742),(642,743),(642,744),(643,180),(644,538),(645,643),(646,335),(647,745),(648,746),(649,29),(650,747),(651,599),(652,46),(653,748),(654,749),(655,579),(656,102),(656,756),(656,757),(656,758),(657,267),(658,759),(659,712),(660,759),(661,761),(661,760),(662,762),(662,763),(662,764),(663,765),(663,766),(663,58),(664,767),(665,768),(666,139),(666,769),(666,770),(666,771),(667,772),(668,290),(669,774),(670,103),(671,775),(672,303),(673,776),(674,133),(674,777),(675,92),(676,731),(676,729),(676,730),(676,778),(677,779),(678,819),(679,116),(680,843),(681,639),(682,776),(683,572),(684,339),(685,900),(685,746),(686,645),(687,902),(688,932),(689,569),(690,934),(691,348),(692,935),(693,185),(694,1041),(695,1085),(696,103),(697,843),(698,1086),(699,668),(700,1179),(701,946),(701,943),(702,123),(703,1241),(704,767),(705,1275),(706,1288),(706,1289),(706,569),(707,1312),(707,1307),(708,1327),(709,689),(710,139),(711,1243),(712,1352),(713,743),(714,590),(715,134),(716,1374),(717,1385),(718,1431),(719,1440),(720,281),(721,1487),(722,1488),(723,1506),(724,1510),(725,16),(726,1527),(727,1559),(728,698),(729,1596),(730,705),(731,1691),(732,656),(733,633),(735,1738);
/*!40000 ALTER TABLE `meetings_people` ENABLE KEYS */;
UNLOCK TABLES;

--
-- Table structure for table `neighborhoods`
--

DROP TABLE IF EXISTS `neighborhoods`;
/*!40101 SET @saved_cs_client     = @@character_set_client */;
/*!40101 SET character_set_client = utf8 */;
CREATE TABLE `neighborhoods` (
  `id_neighborhood` int(11) NOT NULL AUTO_INCREMENT,
  `neighborhood_name` varchar(200) NOT NULL,
  `commune_id` int(11) NOT NULL,
  `creation_date` datetime NOT NULL,
  `modification_date` timestamp NOT NULL DEFAULT '0000-00-00 00:00:00' ON UPDATE CURRENT_TIMESTAMP,
  `user_id` int(11) NOT NULL,
  PRIMARY KEY (`id_neighborhood`),
  UNIQUE KEY `neighborhood_name` (`neighborhood_name`),
  KEY `commune_id` (`commune_id`),
  KEY `user_id` (`user_id`),
  CONSTRAINT `neighborhoods_ibfk_3` FOREIGN KEY (`commune_id`) REFERENCES `communes` (`id_commune`) ON UPDATE CASCADE,
  CONSTRAINT `neighborhoods_ibfk_4` FOREIGN KEY (`user_id`) REFERENCES `users` (`id_user`) ON UPDATE CASCADE
) ENGINE=InnoDB AUTO_INCREMENT=222 DEFAULT CHARSET=latin1;
/*!40101 SET character_set_client = @saved_cs_client */;

--
-- Dumping data for table `neighborhoods`
--

LOCK TABLES `neighborhoods` WRITE;
/*!40000 ALTER TABLE `neighborhoods` DISABLE KEYS */;
INSERT INTO `neighborhoods` VALUES (11,'Santo Domingo',1,'0000-00-00 00:00:00','0000-00-00 00:00:00',0),(12,'Villa del Socorro',2,'0000-00-00 00:00:00','0000-00-00 00:00:00',0),(13,'Manrique',3,'0000-00-00 00:00:00','0000-00-00 00:00:00',0),(14,'Aranjuez',4,'0000-00-00 00:00:00','0000-00-00 00:00:00',0),(15,'Estadio',21,'0000-00-00 00:00:00','0000-00-00 00:00:00',0),(16,'Los colores',21,'0000-00-00 00:00:00','0000-00-00 00:00:00',0),(17,'Suramericana',21,'0000-00-00 00:00:00','0000-00-00 00:00:00',0),(18,'Castilla',5,'0000-00-00 00:00:00','0000-00-00 00:00:00',0),(19,'Caribe',5,'0000-00-00 00:00:00','0000-00-00 00:00:00',0),(20,'Sevilla',4,'0000-00-00 00:00:00','0000-00-00 00:00:00',0),(21,'Doce de octubre',6,'0000-00-00 00:00:00','0000-00-00 00:00:00',0),(22,'Robledo',7,'0000-00-00 00:00:00','0000-00-00 00:00:00',0),(23,'San Sebastián de Palmitas',27,'0000-00-00 00:00:00','0000-00-00 00:00:00',0),(24,'Nuevo Occidente',28,'0000-00-00 00:00:00','0000-00-00 00:00:00',0),(25,'San Cristobal',28,'0000-00-00 00:00:00','0000-00-00 00:00:00',0),(26,'Caunces',9,'0000-00-00 00:00:00','0000-00-00 00:00:00',0),(28,'El Salvador',9,'0000-00-00 00:00:00','0000-00-00 00:00:00',0),(29,'La América',22,'0000-00-00 00:00:00','0000-00-00 00:00:00',0),(30,'Santa Lucía',22,'0000-00-00 00:00:00','0000-00-00 00:00:00',0),(31,'El Chagualo',10,'0000-00-00 00:00:00','0000-00-00 00:00:00',0),(32,'La Candelaria',10,'0000-00-00 00:00:00','0000-00-00 00:00:00',0),(34,'Boston',10,'0000-00-00 00:00:00','0000-00-00 00:00:00',0),(35,'Villanueva',10,'0000-00-00 00:00:00','0000-00-00 00:00:00',0),(36,'Centro',10,'0000-00-00 00:00:00','0000-00-00 00:00:00',0),(37,'Santa Elena ',31,'0000-00-00 00:00:00','0000-00-00 00:00:00',0),(38,'Jesús de Nazareth',10,'0000-00-00 00:00:00','0000-00-00 00:00:00',0),(40,'Belencito Corazón',23,'0000-00-00 00:00:00','0000-00-00 00:00:00',0),(41,'Poblado',24,'0000-00-00 00:00:00','0000-00-00 00:00:00',0),(42,'Guayabal',25,'0000-00-00 00:00:00','0000-00-00 00:00:00',0),(43,'Belén San Bernardo',26,'0000-00-00 00:00:00','0000-00-00 00:00:00',0),(44,'Belén ',26,'0000-00-00 00:00:00','0000-00-00 00:00:00',0),(45,'Altavista',29,'0000-00-00 00:00:00','0000-00-00 00:00:00',0),(46,'San Antonio de Prado',30,'0000-00-00 00:00:00','0000-00-00 00:00:00',0),(47,'El Limonar',30,'0000-00-00 00:00:00','0000-00-00 00:00:00',0),(48,'Palermo',4,'0000-00-00 00:00:00','0000-00-00 00:00:00',0),(49,'Los Alcázares',22,'0000-00-00 00:00:00','0000-00-00 00:00:00',0),(50,'Granizal',1,'0000-00-00 00:00:00','0000-00-00 00:00:00',0),(51,'La Avanzada',1,'0000-00-00 00:00:00','0000-00-00 00:00:00',0),(52,'Carpinelo',1,'0000-00-00 00:00:00','0000-00-00 00:00:00',0),(53,'Popular 1',1,'0000-00-00 00:00:00','0000-00-00 00:00:00',0),(54,'Santa Cruz ',2,'0000-00-00 00:00:00','0000-00-00 00:00:00',0),(55,'La Francia ',2,'0000-00-00 00:00:00','0000-00-00 00:00:00',0),(56,'Moscú #1',2,'0000-00-00 00:00:00','0000-00-00 00:00:00',0),(57,'Popular #2',2,'0000-00-00 00:00:00','0000-00-00 00:00:00',0),(58,'Playón',2,'0000-00-00 00:00:00','0000-00-00 00:00:00',0),(59,'Barrios De Jesús',9,'0000-00-00 00:00:00','0000-00-00 00:00:00',0),(60,'La Sierra',8,'0000-00-00 00:00:00','0000-00-00 00:00:00',0),(61,'Caicedo ',8,'0000-00-00 00:00:00','0000-00-00 00:00:00',0),(63,'Villa Hermosa',8,'0000-00-00 00:00:00','0000-00-00 00:00:00',0),(64,'La Libertad',8,'0000-00-00 00:00:00','0000-00-00 00:00:00',0),(65,'La Milagrosa',9,'0000-00-00 00:00:00','0000-00-00 00:00:00',0),(66,'Los Mangos - Enciso',8,'0000-00-00 00:00:00','0000-00-00 00:00:00',0),(67,'Buenos Aires',9,'0000-00-00 00:00:00','0000-00-00 00:00:00',0),(68,'Miraflores',9,'0000-00-00 00:00:00','0000-00-00 00:00:00',0),(69,'Villatina',8,'0000-00-00 00:00:00','0000-00-00 00:00:00',0),(70,'13 De Noviembre',8,'0000-00-00 00:00:00','0000-00-00 00:00:00',0),(71,'Villa Turbay\n',8,'0000-00-00 00:00:00','0000-00-00 00:00:00',0),(72,'Eduardo Santos ',23,'0000-00-00 00:00:00','0000-00-00 00:00:00',0),(73,'La Independencia ',23,'0000-00-00 00:00:00','0000-00-00 00:00:00',0),(74,'San Javier',23,'0000-00-00 00:00:00','0000-00-00 00:00:00',0),(76,'20 de Julio',23,'0000-00-00 00:00:00','0000-00-00 00:00:00',0),(77,'El Salado ',23,'0000-00-00 00:00:00','0000-00-00 00:00:00',0),(78,'Los Balsos',24,'0000-00-00 00:00:00','0000-00-00 00:00:00',0),(79,'Trinidad',25,'0000-00-00 00:00:00','0000-00-00 00:00:00',0),(80,'Campo Amor ',25,'0000-00-00 00:00:00','0000-00-00 00:00:00',0),(81,'Santafé ',25,'0000-00-00 00:00:00','0000-00-00 00:00:00',0),(82,'Belén Rincón ',26,'0000-00-00 00:00:00','0000-00-00 00:00:00',0),(83,'Belén Las Mercedes',26,'0000-00-00 00:00:00','0000-00-00 00:00:00',0),(84,'Belén las Playas',26,'0000-00-00 00:00:00','0000-00-00 00:00:00',0),(85,'Belén Miravalle',26,'0000-00-00 00:00:00','0000-00-00 00:00:00',0),(86,'Belén Fátima',26,'0000-00-00 00:00:00','0000-00-00 00:00:00',0),(87,'Belén las Violetas',26,'0000-00-00 00:00:00','0000-00-00 00:00:00',0),(88,'Belén Buenavista',26,'0000-00-00 00:00:00','0000-00-00 00:00:00',0),(89,'El Manzanillo ',29,'0000-00-00 00:00:00','0000-00-00 00:00:00',0),(91,'Pradito',30,'0000-00-00 00:00:00','0000-00-00 00:00:00',0),(92,'La Florida',30,'0000-00-00 00:00:00','0000-00-00 00:00:00',0),(93,'Enciso',8,'0000-00-00 00:00:00','0000-00-00 00:00:00',0),(94,'Manrique Las Granjas',3,'0000-00-00 00:00:00','0000-00-00 00:00:00',0),(95,'Manrique San Blaz',3,'0000-00-00 00:00:00','0000-00-00 00:00:00',0),(96,'Manrique Central',3,'0000-00-00 00:00:00','0000-00-00 00:00:00',0),(97,'Versalles 2',3,'0000-00-00 00:00:00','0000-00-00 00:00:00',0),(98,'Manrique Jardín',3,'0000-00-00 00:00:00','0000-00-00 00:00:00',0),(99,'Manrique Pomar',3,'0000-00-00 00:00:00','0000-00-00 00:00:00',0),(100,'La Salle',3,'0000-00-00 00:00:00','0000-00-00 00:00:00',0),(101,'Versalles 1',3,'0000-00-00 00:00:00','0000-00-00 00:00:00',0),(102,'San Cayetano',4,'0000-00-00 00:00:00','0000-00-00 00:00:00',0),(103,'Campo Valdés',4,'0000-00-00 00:00:00','0000-00-00 00:00:00',0),(104,'San Joaquín',21,'0000-00-00 00:00:00','0000-00-00 00:00:00',0),(105,'Laureles',21,'0000-00-00 00:00:00','0000-00-00 00:00:00',0),(106,'Moravia ',4,'0000-00-00 00:00:00','0000-00-00 00:00:00',0),(107,'El Diamante',7,'0000-00-00 00:00:00','0000-00-00 00:00:00',0),(108,'La Ladera',8,'0000-00-00 00:00:00','0000-00-00 00:00:00',0),(110,'Floresta',22,'0000-00-00 00:00:00','0000-00-00 00:00:00',0),(111,'Florencia',5,'0000-00-00 00:00:00','0000-00-00 00:00:00',0),(112,'Villa Flora',7,'0000-00-00 00:00:00','0000-00-00 00:00:00',0),(113,'La Quintana',7,'0000-00-00 00:00:00','0000-00-00 00:00:00',0),(114,'Santa Cecilia',1,'0000-00-00 00:00:00','0000-00-00 00:00:00',0),(116,'Toscana',5,'0000-00-00 00:00:00','0000-00-00 00:00:00',0),(117,'Pedregal',6,'0000-00-00 00:00:00','0000-00-00 00:00:00',0),(118,'Picacho',6,'0000-00-00 00:00:00','0000-00-00 00:00:00',0),(119,'Aures',7,'0000-00-00 00:00:00','0000-00-00 00:00:00',0),(120,'La Mansión',8,'0000-00-00 00:00:00','0000-00-00 00:00:00',0),(121,'Belén Rosales',26,'0000-00-00 00:00:00','0000-00-00 00:00:00',0),(122,'Bomboná ',10,'0000-00-00 00:00:00','0000-00-00 00:00:00',0),(123,'Carlos E Restrepo',21,'0000-00-00 00:00:00','0000-00-00 00:00:00',0),(124,'Santa Mónica',22,'0000-00-00 00:00:00','0000-00-00 00:00:00',0),(125,'Las Brisas ',5,'0000-00-00 00:00:00','0000-00-00 00:00:00',0),(126,'Girardot',5,'0000-00-00 00:00:00','0000-00-00 00:00:00',0),(127,'Tricentenario',5,'0000-00-00 00:00:00','0000-00-00 00:00:00',0),(128,'Ferrini',22,'0000-00-00 00:00:00','0000-00-00 00:00:00',0),(129,'Bello Horizonte',7,'0000-00-00 00:00:00','0000-00-00 00:00:00',0),(130,'La Frisola',27,'0000-00-00 00:00:00','0000-00-00 00:00:00',0),(131,'La Potrera',27,'0000-00-00 00:00:00','0000-00-00 00:00:00',0),(132,'Urquita',27,'0000-00-00 00:00:00','0000-00-00 00:00:00',0),(133,'La Aldea',27,'0000-00-00 00:00:00','0000-00-00 00:00:00',0),(134,'La Suiza',27,'0000-00-00 00:00:00','0000-00-00 00:00:00',0),(135,'La Volcana',27,'0000-00-00 00:00:00','0000-00-00 00:00:00',0),(136,'La Sucia',27,'0000-00-00 00:00:00','0000-00-00 00:00:00',0),(137,'La Esperanza',6,'0000-00-00 00:00:00','0000-00-00 00:00:00',0),(138,'Travesías (San Cristóbal)',28,'0000-00-00 00:00:00','0000-00-00 00:00:00',0),(139,'Santander',6,'0000-00-00 00:00:00','0000-00-00 00:00:00',0),(140,'Santa Margarita',7,'0000-00-00 00:00:00','0000-00-00 00:00:00',0),(141,'Robledo Aures',7,'0000-00-00 00:00:00','0000-00-00 00:00:00',0),(142,'Robledo Aures # 2',7,'0000-00-00 00:00:00','0000-00-00 00:00:00',0),(143,'Pilarica',7,'0000-00-00 00:00:00','0000-00-00 00:00:00',0),(144,'Luis López De Mesa',7,'0000-00-00 00:00:00','0000-00-00 00:00:00',0),(145,'Palmitas',27,'0000-00-00 00:00:00','0000-00-00 00:00:00',0),(146,'Picachito',6,'0000-00-00 00:00:00','0000-00-00 00:00:00',0),(147,'Barrios De Jesús -Buenos Aires',9,'0000-00-00 00:00:00','0000-00-00 00:00:00',0),(148,'El Cerro - Vía Pantanillo',31,'0000-00-00 00:00:00','0000-00-00 00:00:00',0),(149,'El Pinal',8,'0000-00-00 00:00:00','0000-00-00 00:00:00',0),(150,'El Placer',31,'0000-00-00 00:00:00','0000-00-00 00:00:00',0),(151,'El Plan',31,'0000-00-00 00:00:00','0000-00-00 00:00:00',0),(152,'Barro Blanco',31,'0000-00-00 00:00:00','0000-00-00 00:00:00',0),(153,'Puente Mazo',31,'0000-00-00 00:00:00','0000-00-00 00:00:00',0),(154,'Niquitao',10,'0000-00-00 00:00:00','0000-00-00 00:00:00',0),(155,'Piedra Gorda',31,'0000-00-00 00:00:00','0000-00-00 00:00:00',0),(156,'Caicedo - Buenos Aires',9,'0000-00-00 00:00:00','0000-00-00 00:00:00',0),(157,'Belén Parque',26,'0000-00-00 00:00:00','0000-00-00 00:00:00',0),(158,'Robledo Miramar',6,'0000-00-00 00:00:00','0000-00-00 00:00:00',0),(159,'Robledo La Huerta',7,'0000-00-00 00:00:00','0000-00-00 00:00:00',0),(160,'Córdoba',7,'0000-00-00 00:00:00','0000-00-00 00:00:00',0),(161,'Parque Central',31,'0000-00-00 00:00:00','0000-00-00 00:00:00',0),(162,'Belén Zafra',26,'0000-00-00 00:00:00','0000-00-00 00:00:00',0),(163,'Blanquizal',23,'2014-12-05 11:21:16','0000-00-00 00:00:00',14),(164,'Guadalupe',3,'2014-12-17 11:29:42','0000-00-00 00:00:00',14),(165,'Nuevo Horizonte',1,'2014-12-17 11:32:31','0000-00-00 00:00:00',14),(166,'Alfonso López',5,'2015-03-16 13:30:22','0000-00-00 00:00:00',35),(167,'Francisco Antonio Zea',5,'2015-03-16 14:43:07','0000-00-00 00:00:00',35),(168,'El Triunfo',6,'2015-03-16 14:49:01','0000-00-00 00:00:00',35),(169,'Robledo Fuente Clara',7,'2015-03-16 14:51:49','0000-00-00 00:00:00',35),(170,'El Progreso #2',6,'2015-03-16 15:38:32','0000-00-00 00:00:00',35),(171,'Altamira',7,'2015-03-16 16:20:31','0000-00-00 00:00:00',35),(172,'Robledo Diamante',7,'2015-03-16 16:43:25','0000-00-00 00:00:00',35),(173,'Las Flores',7,'2015-03-16 16:55:15','0000-00-00 00:00:00',35),(174,'Las Granjas',3,'2015-03-17 10:40:17','0000-00-00 00:00:00',35),(175,'El bosque',4,'2015-03-17 10:48:26','0000-00-00 00:00:00',35),(176,'Calasanz',22,'2015-03-17 11:08:19','0000-00-00 00:00:00',35),(177,'las Estancias',8,'2015-03-17 11:23:09','0000-00-00 00:00:00',35),(178,'Esfuerzos de paz',8,'2015-03-17 11:26:48','0000-00-00 00:00:00',35),(179,'Trece de Noviembre',8,'2015-03-17 11:40:54','0000-00-00 00:00:00',35),(180,'Industriales',10,'2015-03-17 13:13:24','0000-00-00 00:00:00',35),(181,'Villa Laura',23,'2015-03-17 14:26:57','0000-00-00 00:00:00',35),(182,'Nuevos Conquistadores',23,'2015-03-17 14:59:10','0000-00-00 00:00:00',35),(183,'Antonio Nariño',23,'2015-03-17 15:02:10','0000-00-00 00:00:00',35),(184,'Ciudad del Rio',24,'2015-03-17 15:06:28','0000-00-00 00:00:00',35),(185,'Robledo - Pilarica',7,'2015-06-02 10:25:38','0000-00-00 00:00:00',35),(186,'Belén Los Alpes',26,'2015-06-12 15:23:30','0000-00-00 00:00:00',35),(187,'Belén La Gloria',26,'2015-06-12 16:56:59','0000-00-00 00:00:00',35),(188,'Belén Las Palmas',26,'2015-06-12 16:58:16','0000-00-00 00:00:00',35),(189,'El Vergel',30,'2015-06-16 09:36:37','0000-00-00 00:00:00',35),(190,'El Limonar 1',30,'2015-06-16 09:36:54','0000-00-00 00:00:00',35),(191,'El Limonar 2',30,'2015-06-16 09:37:12','0000-00-00 00:00:00',35),(192,'San José',30,'2015-06-16 09:37:31','0000-00-00 00:00:00',35),(193,'Las Playas - San Antonio de Prado',30,'2015-06-16 09:37:55','2015-06-16 14:39:49',35),(194,'La Loma - San Antonio De Prado',30,'2015-06-16 09:40:14','0000-00-00 00:00:00',35),(195,'Montañita - San Antonio De Prado',30,'2015-06-16 09:40:37','0000-00-00 00:00:00',35),(196,'Horizontes ',30,'2015-06-16 09:40:59','0000-00-00 00:00:00',35),(197,'Barichara',30,'2015-06-16 09:41:26','0000-00-00 00:00:00',35),(198,'El Chíspero',30,'2015-06-16 09:42:04','0000-00-00 00:00:00',35),(199,'El Porvenir',25,'2015-06-16 16:19:20','0000-00-00 00:00:00',35),(200,'López De Mesa',7,'2015-06-17 10:39:47','0000-00-00 00:00:00',13),(201,'Pablo VI',2,'2015-06-17 11:11:38','0000-00-00 00:00:00',13),(202,'La Divisa',23,'2015-06-17 11:30:20','0000-00-00 00:00:00',13),(203,'Floresta Pradera Baja',22,'2015-06-17 11:32:44','0000-00-00 00:00:00',13),(204,'Tejelo',5,'2015-06-19 11:34:11','0000-00-00 00:00:00',35),(205,'Santa Rita',30,'2015-06-19 15:58:13','0000-00-00 00:00:00',13),(206,'Prados Del Este',30,'2015-06-19 15:58:28','0000-00-00 00:00:00',13),(207,'Salinas',30,'2015-06-19 15:58:41','0000-00-00 00:00:00',13),(208,'La Oculta',30,'2015-06-19 15:59:33','0000-00-00 00:00:00',13),(209,'Naranjitos',30,'2015-06-19 15:59:48','0000-00-00 00:00:00',13),(210,'Palo Blanco',30,'2015-06-19 16:00:25','0000-00-00 00:00:00',13),(211,'Vereda La Verde',30,'2015-06-19 16:01:20','0000-00-00 00:00:00',13),(212,'Los Ángeles ',8,'2015-06-22 16:26:39','0000-00-00 00:00:00',35),(213,'Halcones',30,'2015-06-23 11:34:51','0000-00-00 00:00:00',35),(214,'Sol De Oriente',8,'2015-06-23 14:13:23','0000-00-00 00:00:00',35),(215,'Olaya Herrera',7,'2015-06-23 14:13:46','0000-00-00 00:00:00',35),(216,'La Palma',10,'2015-06-23 16:38:04','0000-00-00 00:00:00',35),(217,'La Loma',28,'2015-06-23 16:40:03','0000-00-00 00:00:00',35),(218,'Villa Sofía',7,'2015-06-24 09:09:34','0000-00-00 00:00:00',13),(219,'Romeral',7,'2015-06-24 09:09:46','0000-00-00 00:00:00',13),(220,'Acevedo',5,'2015-06-24 16:17:16','0000-00-00 00:00:00',13),(221,'San Isidro',4,'2015-07-01 10:49:58','0000-00-00 00:00:00',12);
/*!40000 ALTER TABLE `neighborhoods` ENABLE KEYS */;
UNLOCK TABLES;

--
-- Table structure for table `owners`
--

DROP TABLE IF EXISTS `owners`;
/*!40101 SET @saved_cs_client     = @@character_set_client */;
/*!40101 SET character_set_client = utf8 */;
CREATE TABLE `owners` (
  `id_owner` int(11) NOT NULL AUTO_INCREMENT,
  `roll` varchar(45) NOT NULL,
  `site_id` int(11) NOT NULL,
  `person_id` bigint(15) NOT NULL,
  `creation_date` datetime NOT NULL,
  `modification_date` timestamp NOT NULL DEFAULT '0000-00-00 00:00:00' ON UPDATE CURRENT_TIMESTAMP,
  `user_id` int(11) NOT NULL,
  PRIMARY KEY (`id_owner`),
  UNIQUE KEY `person_id` (`person_id`),
  KEY `site_id` (`site_id`),
  CONSTRAINT `owners_ibfk_4` FOREIGN KEY (`person_id`) REFERENCES `people` (`id_person`) ON UPDATE CASCADE,
  CONSTRAINT `owners_ibfk_5` FOREIGN KEY (`site_id`) REFERENCES `sites` (`id_site`) ON UPDATE CASCADE
) ENGINE=InnoDB DEFAULT CHARSET=latin1;
/*!40101 SET character_set_client = @saved_cs_client */;

--
-- Dumping data for table `owners`
--

LOCK TABLES `owners` WRITE;
/*!40000 ALTER TABLE `owners` DISABLE KEYS */;
/*!40000 ALTER TABLE `owners` ENABLE KEYS */;
UNLOCK TABLES;

--
-- Table structure for table `people`
--

DROP TABLE IF EXISTS `people`;
/*!40101 SET @saved_cs_client     = @@character_set_client */;
/*!40101 SET character_set_client = utf8 */;
CREATE TABLE `people` (
  `id_person` bigint(15) NOT NULL AUTO_INCREMENT,
  `document_type` int(11) NOT NULL,
  `cedula` bigint(20) NOT NULL,
  `name` varchar(200) NOT NULL,
  `lastname` varchar(200) NOT NULL,
  `charge` varchar(100) NOT NULL,
  `email` varchar(200) DEFAULT NULL,
  `phone` varchar(45) NOT NULL,
  `cell` varchar(45) NOT NULL,
  `entity` varchar(100) DEFAULT NULL,
  `genre` int(11) NOT NULL,
  `economic_level` int(11) NOT NULL,
  `birthday` date DEFAULT NULL,
  `creation_date` datetime NOT NULL,
  `modification_date` timestamp NOT NULL DEFAULT '0000-00-00 00:00:00' ON UPDATE CURRENT_TIMESTAMP,
  `user_id` int(11) NOT NULL,
  PRIMARY KEY (`id_person`),
  UNIQUE KEY `cedula_UNIQUE` (`cedula`),
  KEY `user_id` (`user_id`),
  CONSTRAINT `people_ibfk_2` FOREIGN KEY (`user_id`) REFERENCES `users` (`id_user`) ON UPDATE CASCADE
) ENGINE=InnoDB AUTO_INCREMENT=1755 DEFAULT CHARSET=latin1;
/*!40101 SET character_set_client = @saved_cs_client */;

--
-- Dumping data for table `people`
--

LOCK TABLES `people` WRITE;
/*!40000 ALTER TABLE `people` DISABLE KEYS */;
INSERT INTO `people` VALUES (1,1,1,'Daniel','Rozo','Gestor de técnologia','danielrozo@gmail.com','3856790','3005791303','Parque Biblioteca de Belén',0,0,'0000-00-00','0000-00-00 00:00:00','2015-07-13 14:08:40',0),(2,1,2,'Sergio','Pinzón','Profesional sistemas de información','sergio.pinzon@medellin.gov.co','3856876','','CAV Belencito',0,0,'0000-00-00','0000-00-00 00:00:00','2015-07-13 14:08:40',0),(3,1,3,'Ana María ','Escobar','Profesional de apoyo a la coordinación','ana.escobar@medellin.gov.co','385 5266','','Casa de justicia 20 de julio',0,0,'0000-00-00','0000-00-00 00:00:00','2015-07-13 14:08:40',0),(5,1,5,'Diana ','Álvarez','Coordinadora','cedezobelen@gmail.com','3858025','','CEDEZO Belén',0,0,'0000-00-00','0000-00-00 00:00:00','2015-07-13 14:08:40',0),(6,1,6,'Alejandro','N.','Gestor empresarial','cedezobelen@gmail.com','3858025','','CEDEZO Belén',0,0,'0000-00-00','0000-00-00 00:00:00','2015-07-13 14:08:40',0),(7,1,43025015,'Ana Lucia ','Gallego','Secretaria','ana.gallego@medellin.gov.co','3859207','','Unidad Integral de Belén # 6',0,0,'0000-00-00','0000-00-00 00:00:00','2015-07-13 14:08:40',0),(11,1,11,'Marlen ','Calderon','Gestora empresarial','cedezosanantoniodeprado@gmail.com','385 6828','','CEDEZO San Antonio de Prado',0,0,'0000-00-00','0000-00-00 00:00:00','2015-07-13 14:08:40',0),(13,1,13,'Claudía María','García','Corregidora','claudiam.garcia@medellin.gov.co','2863712','3142066642','Corregiduría el limonar',0,0,'0000-00-00','0000-00-00 00:00:00','2015-07-13 14:08:40',0),(14,1,14,'Ramiro','Ceballos','Edil comuna 16','ramironcor@yahoo.es','3414638','3116148883','Mascerca Belén',0,0,'0000-00-00','0000-00-00 00:00:00','2015-07-13 14:08:40',0),(15,1,15,'Ana Ester','González Escobar','JAL','anacomunal2@hotmail.com','2859750','3206201064','Mascerca Guayabal',0,0,'0000-00-00','0000-00-00 00:00:00','2015-07-13 14:08:40',0),(16,1,43753242,'Zoraida','Rueda','Coordinadora','info@fundacionintegrar.org','265 75 17','','Fundación Integrar',0,0,'0000-00-00','0000-00-00 00:00:00','2015-07-13 14:08:40',0),(18,1,18,'Julian Dario','Ángel','Auxiliar','j.ah19@hotmail.com','3852972','3206487044','Parque Biblioteca José Horacio Betancur',0,0,'0000-00-00','0000-00-00 00:00:00','2015-07-13 14:08:40',0),(19,1,19,'Edgar','Gutierrez','Coordinador','ligia.vasquez@medellin.gov.co','253 9037','','Institución Educativa Perpetuo Socorro',0,0,'0000-00-00','0000-00-00 00:00:00','2015-07-13 14:08:40',0),(20,1,20,'Juan José','Urrego','Corregidor','juan.urrego@medellin.gov.co','3856595 / 3857428','3002500212','Casa de Gobierno Altavista',0,0,'0000-00-00','0000-00-00 00:00:00','2015-07-13 14:08:40',0),(21,1,21,'Geovany','Metaute','Rector','geovanymetautecorrea6@gmail.com','2528790','','Institución Educativa El Corazón-bachillera',0,0,'0000-00-00','0000-00-00 00:00:00','2015-07-13 14:08:40',0),(22,1,22,'Flor Alba','Robayo','Coordinadora','robayo-pachon@hotmail.com','2528790','3002324076 ','Institución Educativa El Corazón-bachillera',0,0,'0000-00-00','0000-00-00 00:00:00','2015-07-13 14:08:40',0),(23,1,23,'Yuliana','Areiza','Psicologa','yuliareiza@gmail.com','2528790','3014307517','Institución Educativa El Corazón-bachillera',0,0,'0000-00-00','0000-00-00 00:00:00','2015-07-13 14:08:40',0),(24,1,43999377,'Shirley','Ortiz Zuluaga','Coordinadora','limonar@bibliotecasmedellin.gov.co','286 59 23','','Biblioteca Pública El Limonar',0,0,'0000-00-00','0000-00-00 00:00:00','2015-07-13 14:08:40',0),(25,1,25,'Edwin Alfonso  ','León','Contratista','edwin.leon@medellin.gov.co','3858568','3217759357','Puntos de Intermediación Laboral (PIL) PB. San Javier',0,0,'0000-00-00','0000-00-00 00:00:00','2015-07-13 14:08:40',0),(26,1,26,'Catalina ','Cardenas Florez ','Atención al cliente','catalina.cardenas@medellin.gov.co','3857414','','Mascerca Poblado',0,0,'0000-00-00','0000-00-00 00:00:00','2015-07-13 14:08:40',0),(27,1,27,'Patricia Elena','Aguirre','Coordinadora','paguirremunera@gmail.com','255 2996','','José Acevedo y Gómez',0,0,'0000-00-00','0000-00-00 00:00:00','2015-07-13 14:08:40',0),(28,1,1036617616,'Andres','Blandon','Docente','andresblandon7@gmail.com','255 2996','300 4979162','José Acevedo y Gómez',0,0,'0000-00-00','0000-00-00 00:00:00','2015-07-13 14:08:40',0),(29,1,71330714,'Hernán Stives','Builes Tobón','Gestor Empresarial','cedezoguayabal@gmail.com','3834031 - 383 41 30','3148816373','Mascerca Guayabal',0,0,'0000-00-00','0000-00-00 00:00:00','2015-07-13 14:08:40',0),(30,1,30,'Piedad ','Villada','Auxiliar administrativa','piedad.villada@medellin.gov.co','3857413','','Máscerca de Guayabal',0,0,'0000-00-00','0000-00-00 00:00:00','2015-07-13 14:08:40',0),(32,1,32,'Beatriz Eugenia ','Rios','Rectora','beatrizrios5@gmail.com','4929808 ext 14','3013773342','La Independencia sede bachillerato',0,0,'0000-00-00','0000-00-00 00:00:00','2015-07-13 14:08:40',0),(33,1,33,'Adrián ','Prado','Auxiliar administrativo','coordinacion.bsanantonio@bibliotecapiloto.gov','3794440','','Filial Biblioteca San Antonio De Prado',0,0,'0000-00-00','0000-00-00 00:00:00','2015-07-13 14:08:40',0),(34,1,34,'Yaneth Cristina ','Cano','Docente tecnologia','ycriscano@gmail.com','3411386','','Débora Arango',0,0,'0000-00-00','0000-00-00 00:00:00','2015-07-13 14:08:40',0),(35,1,35,'Adriana Patricia ','Valencia Zuluaga','Docente de aula de apoyo','apitavazu23@yahoo.es','2385168','','Pedro Octavio Amado',0,0,'0000-00-00','0000-00-00 00:00:00','2015-07-13 14:08:40',0),(36,1,36,'Martha Silvia ','Díaz Gómez','Coordinadora','martasilvia.presentacion@gmail.com','2555481','','La Presentación',0,0,'0000-00-00','0000-00-00 00:00:00','2015-07-13 14:08:40',0),(37,1,37,'Vanessa ','González','Bibliotecaria','vanessa.presentacion@gmail.com','2555481','3117246472','La Presentación',0,0,'0000-00-00','0000-00-00 00:00:00','2015-07-13 14:08:40',0),(38,1,38,'Josefina ','Córdoba','Coordinadora','iesantoangel@gmail.com','2853623','','Santo Ángel',0,0,'0000-00-00','0000-00-00 00:00:00','2015-07-13 14:08:40',0),(39,1,39,'Luz Dary ','Gomez','Docente','inemguillermo@une.net.co','2663603','','INEM Guillermo Echavarria',0,0,'0000-00-00','0000-00-00 00:00:00','2015-07-13 14:08:40',0),(40,1,40,'Luis Alberto','Castro','Docente tecnologia','tecnoprofe@hotmail.com','3432086','','Institución Educativa José María Bernal',0,0,'0000-00-00','0000-00-00 00:00:00','2015-07-13 14:08:40',0),(41,1,41,'Luz Dary ','Ortiz Betancur','Coordinadora encargada','ldaryortiz@gmail.com','2864285','','Institución Educativa San Antonio de Prado',0,0,'0000-00-00','0000-00-00 00:00:00','2015-07-13 14:08:40',0),(42,1,42,'Maria Victoria ','Correa Maldonado','Profesora de aula de apoyo','mavicom_06@yahoo.com.mx','2860139','','San Antonio de Prado sede Carlos Betancur',0,0,'0000-00-00','0000-00-00 00:00:00','2015-07-13 14:08:40',0),(43,1,43,'Maryori Alexandra','Hoyos Ramírez','Docente tecnologia','maryihoyos@gmail.com','2864285','','San Antonio de Prado',0,0,'0000-00-00','0000-00-00 00:00:00','2015-07-13 14:08:40',0),(44,1,44,'Consuelo ','Giraldo Arroyave','Rectora','ie.sanantoniodeprado@medellin.gov.co','2864285','','San Antonio de Prado',0,0,'0000-00-00','0000-00-00 00:00:00','2015-07-13 14:08:40',0),(45,1,15332067,'Luis Alberto ','Suaza','Coordinador','sadepconvivenciajt@gmail.com','2860139','','San Antonio de Prado sede Carlos Betancur',0,0,'0000-00-00','0000-00-00 00:00:00','2015-07-13 14:08:40',0),(46,1,12967657,'Jaime ','Martínez','Vicerrector','inemacademica@une.net.co','2663603','3154590317','INEM José Félix De Restrepo',2,4,'0000-00-00','0000-00-00 00:00:00','2015-07-13 14:08:40',0),(47,1,98624070,'Carlos Andres ','Osorno Gómez','Dinamizador','telecentroprado@gmail.com','2866100','3137316194 ','Telecentro San Antonio de Prado',0,0,'0000-00-00','0000-00-00 00:00:00','2015-07-13 14:08:40',0),(48,1,48,'Wilmar ','Giraldo Bedoya','Personero','wilmar-gb@hotmail.com','3433208','','Yermo y Parres',0,0,'0000-00-00','0000-00-00 00:00:00','2015-07-13 14:08:40',0),(49,1,49,'Eunice de los Dolores ','Muñoz','Secretaria','eunice.munoz@medellin.gov.co','2863712','','Corregiduría El Limonar',0,0,'0000-00-00','0000-00-00 00:00:00','2015-07-13 14:08:40',0),(50,1,50,'Lina Maria ','Agudelo','Auxiliar de servicio al cliente','linam.agudelo@medellin.gov.co','3857428','','Mascerca de Belén ',0,0,'0000-00-00','0000-00-00 00:00:00','2015-07-13 14:08:40',0),(52,1,52,'Gabriel Jaime','Ospina',' Edil comuna 16','ospinar@hotmail.com','3414638','3148033749','Mascerca de Belén ',0,0,'0000-00-00','0000-00-00 00:00:00','2015-07-13 14:08:40',0),(53,1,53,'Flaminio Adolfo ','Villalba','Coordinador','cedezosanjavier@gmail.com','3857533','','CEDEZO San Javier',0,0,'0000-00-00','0000-00-00 00:00:00','2015-07-13 14:08:40',0),(54,1,54,'Estella María ','Gaviria puerta','Gestora','cedezosanjavier@gmail.com','3857533','','CEDEZO San Javier',0,0,'0000-00-00','0000-00-00 00:00:00','2015-07-13 14:08:40',0),(55,1,55,'Luis fernando ','Caro','Técnico en cultura Digital','tecnologia.guayabal@bibliotecasmedellin.gov.c','3510495','','Parque Biblioteca de Guayabal',0,0,'0000-00-00','0000-00-00 00:00:00','2015-07-13 14:08:40',0),(56,1,71363852,'Daniel ','Gómez Gómez','Técnico en cultura Digital','tecnologia.guayabal@bibliotecasmedellin.gov.c','3510495','','Parque Biblioteca de Guayabal',0,0,'0000-00-00','0000-00-00 00:00:00','2015-07-13 14:08:40',0),(57,1,57,'Gladys ','Ortiz','Presidenta Club de vida ','mariagladysortiz@une.net.co','4924550','3004085916','CAV de Belencito',0,0,'0000-00-00','0000-00-00 00:00:00','2015-07-13 14:08:40',0),(58,1,43155324,'Yaneth Cristina ','Cano','Docente','ycriscano@gmail.com','341 1386','3127539699','IE Debora Arango',1,4,'1979-02-16','0000-00-00 00:00:00','2015-07-13 14:08:40',0),(59,1,59,'Jhonatan ','Vélez Agudelo','Auxiliar de servicio al cliente','jhonatan.velez@medellin.gov.co','3857440','','Casa De Gobierno Altavista',0,0,'0000-00-00','0000-00-00 00:00:00','2015-07-13 14:08:40',0),(60,1,60,'Patricia','Marín Ortega','Coordinadora','patricia.marin@medellin.gov.co','385 5459','3128636453','Casa de justicia 20 de julio',0,0,'0000-00-00','0000-00-00 00:00:00','2015-07-13 14:08:40',0),(61,1,61,'Elkin','Varela','Coordinador','evarela28@gmail.com','4929808 ext 14 - 4929390','3013773342','La independencia - sede Bachillerato',0,0,'0000-00-00','0000-00-00 00:00:00','2015-07-13 14:08:40',0),(62,1,71691275,'Dario','Álvarez','Dinamizador','tlcntrvillalaura@gmail.com','4922502-4924248','3014224086','Telecentro Villa Laura',0,0,'0000-00-00','0000-00-00 00:00:00','2015-07-13 14:08:40',0),(63,1,63,'Luz Amparo','Castro','Inclusión social','luz.castro@medellin.gov.co','3856826','','Casa de Gobierno San Antonio de Prado',0,0,'0000-00-00','0000-00-00 00:00:00','2015-07-13 14:08:40',0),(64,1,64,'Gonzalo ','Villa Arboleda','Coordinador','coortrinidad@gmail.com','300783 1377','','Benjamín Herrera',0,0,'0000-00-00','0000-00-00 00:00:00','2015-07-13 14:08:40',0),(65,1,65,'Miriam','Miranda Restrepo','Coordinadora','mire2365@yahoo.es','313 644 5467','',' IE Santos Ángeles Custodios',0,0,'0000-00-00','0000-00-00 00:00:00','2015-07-13 14:08:40',0),(67,1,67,'Patricia Elena ','Aguirre','Coordinadora','paguirremunera@gmail.com','255 2996','','José Acevedo y Gómez',0,0,'0000-00-00','0000-00-00 00:00:00','2015-07-13 14:08:40',0),(80,1,43000918,'Neyla','Oquendo','Docente tecnologia','omneyla@gmail.com','4480073','3116498073','Benjamín Herrera',0,0,'0000-00-00','0000-00-00 00:00:00','2015-07-13 14:08:40',0),(81,1,81,'Nelsy ','Rangel','Coordinadora','ierv14@yahoo.es','2388255','','República de Venezuela',0,0,'0000-00-00','0000-00-00 00:00:00','2015-07-13 14:08:40',0),(82,1,82,'Shirley','García','Docente','chirlitagp@hotmail.com','3435934','3002872484','Octavio Harry',0,0,'0000-00-00','0000-00-00 00:00:00','2015-07-13 14:08:40',0),(83,1,83,'Analbys','Espineda','Docente de media técnica','analbyse.s@gmail.com','3435934','','Octavio Harry',0,0,'0000-00-00','0000-00-00 00:00:00','2015-07-13 14:08:40',0),(84,1,84,'Margarita','Arango','Rectora','margarita.arango@medellin.gov.co','2655463','3007920548','Pedro Olarte',0,0,'0000-00-00','0000-00-00 00:00:00','2015-07-13 14:08:40',0),(85,1,85,'Aureliana  ','Londoño','Coordinadora','aurelondo@yahoo.es','2655463','3113549003','Pedro Olarte',0,0,'0000-00-00','0000-00-00 00:00:00','2015-07-13 14:08:40',0),(86,1,86,'Yenid Astrid ','Garcia Otálvaro','Docente','yenidastrid@gmail.com','2860010','3127710859','Monseñor Victor Wiedemann',0,0,'0000-00-00','0000-00-00 00:00:00','2015-07-13 14:08:40',0),(87,1,87,'Lyda ','Morales Zapata','Docente','lydamoralesz@gmail.com','2860010','3186149946','Monseñor Victor Wiedemann',0,0,'0000-00-00','0000-00-00 00:00:00','2015-07-13 14:08:40',0),(88,1,88,'Nohelia ','Chalarca','Docente','maria.chalarca@gmail.com','3373048','3113503416','Centro Educativo Montañita',0,0,'0000-00-00','0000-00-00 00:00:00','2015-07-13 14:08:40',0),(89,1,89,'María del Rosario ','Oquendo','Rectora (e)','iebhmed@gmail.com','4480073 ext 15','','Benjamín Herrera',0,0,'0000-00-00','0000-00-00 00:00:00','2015-07-13 14:08:40',0),(90,1,90,'Luis Guillermo ','Carmona','Rector','gcarmona6@une.net.co','2869498','3136616820','Fe y Alegría El Limonar',0,0,'0000-00-00','0000-00-00 00:00:00','2015-07-13 14:08:40',0),(91,1,91,'Alejandra ','Restrepo','Docente de informática','alejandrasarita@hotmail.com','2869498','3136616820','Fe y Alegría El Limonar',0,0,'0000-00-00','0000-00-00 00:00:00','2015-07-13 14:08:40',0),(92,1,1128414042,'Cristian Camilo','Giraldo','Técnico Cultura Digital','limonar@bibliotecasmedellin.gov.co','2865923','','Biblioteca Pública El Limonar',0,0,'0000-00-00','0000-00-00 00:00:00','2015-07-13 14:08:40',0),(93,1,93,'Omar','Marín','Coordinador','marinespinal.7312@hotmail.com','3541437','','Santa Catalina de Sena',0,0,'0000-00-00','0000-00-00 00:00:00','2015-07-13 14:08:40',0),(94,1,94,'Luis Fernando','Caicedo Balvin','Docente de informática','luisfernandocaicedobalvin@yahoo.es','3763331','','San José Obrero',0,0,'0000-00-00','0000-00-00 00:00:00','2015-07-13 14:08:40',0),(100,1,100,'Yamileth ','Gallo','Gestora Mi Barrio','maria@hotmail.com','2160484','3003414146','Parque Biblioteca León de Greiff La Ladera',0,0,'0000-00-00','0000-00-00 00:00:00','2015-07-13 14:08:40',0),(101,1,98704979,'Juan Camilo','Velásquez','Dinamizador','losmangostelecentro@gmail.com','2911904','3042499399','Telecentro Los Mangos',0,0,'0000-00-00','0000-00-00 00:00:00','2015-07-13 14:08:40',0),(102,1,102,'Nelson','Ospina','Coordinador','cedezolaladera@gmail.com','3857328','','Cedezo',0,0,'0000-00-00','0000-00-00 00:00:00','2015-07-13 14:08:40',0),(103,1,103,'Rosa Elena','López Bedoya','Profesional Universitaria','santaelena@bibliotecasmedellin.gov.co','Tel. 5380222 Ext 103','','Sistema de Bibliotecas Públicas de Medellín',0,0,'0000-00-00','0000-00-00 00:00:00','2015-07-13 14:08:40',0),(104,1,104,'Guillermo ','Giraldo','Asesor de servicios','guillermo.giraldo@medellin.gov.co','3856984','','Casa de Gobierno Santa Elena',0,0,'0000-00-00','0000-00-00 00:00:00','2015-07-13 14:08:40',0),(105,1,105,'Viviana','Londoño Ocampo','Secretaria','viviana.londono@medellin.gov.co','2291300 ext 331','','Subsecretaría de Espacio Público',0,0,'0000-00-00','0000-00-00 00:00:00','2015-07-13 14:08:40',0),(106,1,106,'Oscar Mauricio ','García Jiménez','Coordinador de Calidad y Sistemas','mauricio.garcia@parquearvi.org','444 2979 Ext 108','','Parque Arví',0,0,'0000-00-00','0000-00-00 00:00:00','2015-07-13 14:08:40',0),(107,1,107,'Maria Sadih','Mosquera','Docente','masamoas@hotmail.com','5380143','','Centro Educativo El Placer',0,0,'0000-00-00','0000-00-00 00:00:00','2015-07-13 14:08:40',0),(108,1,22227453,'Beatriz Elena','Alvarez','Directora Centros Educativos','centroeducativoelplacer@yahoo.es','5380143','3146576470','Centro Ed El Placer, El Plan, Media Luna',0,0,'0000-00-00','0000-00-00 00:00:00','2015-07-13 14:08:40',0),(109,1,43050954,'Olga Patricia ','Giraldo Mora','Directora','direccion.ladera@bibliotecasmedellin.gov.co','2160484',' 3122651253','Parque Biblioteca León de Greiff - La Ladera',0,0,'0000-00-00','0000-00-00 00:00:00','2015-07-13 14:08:40',0),(110,1,110,'Doris Leonor','Martínez','Líder Social','dlmartinez@codesarrollo.org.co','454 8888 ext 8467 - 8468','313 637 1546','Operador Social Codesarrollo',0,0,'0000-00-00','0000-00-00 00:00:00','2015-07-13 14:08:40',0),(111,1,2103,'Henry','López','Docente ','henrylopez10@hotmail.com','291 43 89','3217151459','Institución Educativa Sol de Oriente',0,0,'0000-00-00','0000-00-00 00:00:00','2015-07-13 14:08:40',0),(112,1,112,'Beatriz Elena ','Araque','Directora','corporacion@parquearvi.org','4442979','','Parque Arví',0,0,'0000-00-00','0000-00-00 00:00:00','2015-07-13 14:08:40',0),(113,1,113,'Isabel Cristina','Guarín','Psicóloga','cristinaisabelgs@gmail.com','3147017306','','IE Alfonso López',0,0,'0000-00-00','0000-00-00 00:00:00','2015-07-13 14:08:40',0),(114,1,114,'Maryluz  ','López','Dinamizadora','telecentrosmlm@gmail.com','2924764','','Telecentros',0,0,'0000-00-00','0000-00-00 00:00:00','2015-07-13 14:08:40',0),(115,1,115,'Lenyn 			','Córdoba','Tecnica Cultura Digital','ljcpalacios.23@hotmail.es','3013987211','','Biblioteca La Ladera',0,0,'0000-00-00','0000-00-00 00:00:00','2015-07-13 14:08:40',0),(116,1,79516196,'Juan Carlos ','Cortés Acosta','Rector','juanca.cortes@medellin.gov.co','3007771131','3007771131','IE Alfonso López',0,0,'0000-00-00','0000-00-00 00:00:00','2015-07-13 14:08:40',0),(117,1,117,'Yesenia 		','Acevedo Martinez','Docente','yeseacevedo@gmail.com','301 718 5109','','IE La Milagrosa',0,0,'0000-00-00','0000-00-00 00:00:00','2015-07-13 14:08:40',0),(118,1,118,'Fabián Alonso 	','Hernández','Docente','fhernandezgallego@gmail.com','315 518 7542	','','IE Cefa',0,0,'0000-00-00','0000-00-00 00:00:00','2015-07-13 14:08:40',0),(119,1,119,'Jorge ','Cardona','Coordinador Sede Darío Londoño','j_cardona66@hotmail.com','2161258','','IE Héctor Abad',0,0,'0000-00-00','0000-00-00 00:00:00','2015-07-13 14:08:40',0),(120,1,43909817,'Karol Cristina ','Quiroz','Docente','karolcri82@hotmail.com','5380236','3017140518','CE El Plan',0,0,'0000-00-00','0000-00-00 00:00:00','2015-07-13 14:08:40',0),(121,1,121,'Eugenio Felipe','Lozano Furnieles','Docente','eufelofu@gmail.com','310 820 5948','','CE Piedras Blancas',0,0,'0000-00-00','0000-00-00 00:00:00','2015-07-13 14:08:40',0),(122,1,122,'Maria Eugenia ','González','Docente','pemazo@gmail.com','5669390','','Centro Educativo Permanente Mazo',0,0,'0000-00-00','0000-00-00 00:00:00','2015-07-13 14:08:40',0),(123,1,71616746,'Hammer','Atehortúa ','Docente','hatehortua704@gmail.com','2842912','3007662472','Institución Educativa Luis Carlos Galán Sarmiento, Sede Niño Jesús de Praga ',0,0,'0000-00-00','0000-00-00 00:00:00','2015-07-13 14:08:40',0),(124,1,124,'Fabian','Hernandez','Docente','fhernandezgallego@gmail.com','2175337','','IE Cefa',0,0,'0000-00-00','0000-00-00 00:00:00','2015-07-13 14:08:40',0),(125,1,125,'GUILLERMO LEON 			','YEPES	','Rector','ie.juandedioscarvaja@medellin.gov.co','2840880','','IE Juan de Dios Carvajal',0,0,'0000-00-00','0000-00-00 00:00:00','2015-07-13 14:08:40',0),(126,1,70086274,'Alfonso 			','Guarín Salazar','Rector','aguarins@ucn.edu.co','2393116','','Institución Educativa Javiera Londonño',0,0,'0000-00-00','0000-00-00 00:00:00','2015-07-13 14:08:40',0),(127,1,127,'Maria Eugenia 		','Pelaez','Docente','mepalu25@yahoo.es','2162939','','IE Santo Tomas de Aquino',0,0,'0000-00-00','0000-00-00 00:00:00','2015-07-13 14:08:40',0),(128,1,128,'Zulay 	 	','Arango','Docente','zulay38@yahoo.com','312 8877811','','CE Juan Andres Patino ',0,0,'0000-00-00','0000-00-00 00:00:00','2015-07-13 14:08:40',0),(129,1,129,'Monica del Socorro 		','Soto','Docente','moquisoto@hotmail.com','566 91 86','311 3327266','CE Piedra Gorda',0,0,'0000-00-00','0000-00-00 00:00:00','2015-07-13 14:08:40',0),(130,1,2105,'Martha ','Figueroa','Lider','martha.figeroa@medellin.gov.co','3856935','3146273554','AMAUTTA - Centro De Atención Al Adulto Mayor',0,0,'0000-00-00','0000-00-00 00:00:00','2015-07-13 14:08:40',0),(131,1,131,'Luz','Jaramillo','Coordinadora','marta.garcia@medellin.gov.co','5126547 / 2317355','','Archivo Histórico De Medellín',0,0,'0000-00-00','0000-00-00 00:00:00','2015-07-13 14:08:40',0),(132,1,21421583,'Gloria Elsy ','del Río Tabares','Coordinadora','gloriaelsy.rio@medellin.gov.co','3855070','312 2827795','Centro de Información e Investigación Ambiental-CIIAM',0,0,'0000-00-00','0000-00-00 00:00:00','2015-07-13 14:08:40',0),(133,1,133,'Ramón Emilio ','Perea','Coordinador','ramon.perea@medellin.gov.co','310 3946025','','Casa De Integración Afrocolombiana ',0,0,'0000-00-00','0000-00-00 00:00:00','2015-07-13 14:08:40',0),(134,1,32556005,'Luz Marina ','Toro','Directora','luzm.toro@medellin.gov.co','5124019','3016393469','Centro De La Diversidad Sexual',0,0,'0000-00-00','0000-00-00 00:00:00','2015-07-13 14:08:40',0),(135,1,135,'Andrea ','Londoño','Coordinadora','empleadasdelhogar.colombia@gmail.com','5133100','','Escuela Nacional Sindical',0,0,'0000-00-00','0000-00-00 00:00:00','2015-07-13 14:08:40',0),(136,1,43510317,'Mercedes Lucía','Pereira Yepes','Directora','isabel.pulgarin@medellin.gov.co','2181827','3155897679','Corporación Hogar',0,0,'0000-00-00','0000-00-00 00:00:00','2015-07-13 14:08:40',0),(137,1,137,'Isabel ','Pulgari','Li','isabel.pulgarin@medellin.gov.co','2291300 / 2291304 Ext 202','','Espacio Publico',0,0,'0000-00-00','0000-00-00 00:00:00','2015-07-13 14:08:40',0),(139,1,2774164,'Carlos Augusto ','Carmona','Coordinador','carlos.carmona@medellin.gov.co','3858054','','Pasaje La Bastilla',2,4,'0000-00-00','0000-00-00 00:00:00','2015-07-13 14:08:40',0),(140,1,140,'Olga Lucía',' Escobar','Coordinadora','Antioquiafundacionpatronato@patronato.org','5116875  5113298 ','','Patronato Maria Auxiliadora',0,0,'0000-00-00','0000-00-00 00:00:00','2015-07-13 14:08:40',0),(141,1,141,'Juan Camilo ','Castaño','Director','direducultura@museodeantioquia.org.co','2513636 Ext 188','','Plazoleta Botero',0,0,'0000-00-00','0000-00-00 00:00:00','2015-07-13 14:08:40',0),(142,1,2101,'Edgar ','Espinal','Coordinador','edgar.espinal@medellin.gov.co','2541552 - 385 80 50','315 538 38 37','Por Mis Derechos, Equidad E Inclusión',0,0,'0000-00-00','0000-00-00 00:00:00','2015-07-13 14:08:40',0),(143,1,143,'Olga Stella ','Guzman','Educación','olga.arbelaez@medellin.gov.co','3858050','3122328394','Por Mis Derechos, Equidad E Inclusión',0,0,'0000-00-00','0000-00-00 00:00:00','2015-07-13 14:08:40',0),(144,1,144,'Isabel Cristina ','Diez','Coordinadora','isabel.diez@medellin.gov.co','3855136','','Tesorería Municipal',0,0,'0000-00-00','0000-00-00 00:00:00','2015-07-13 14:08:40',0),(145,1,145,'Nélida María ','Barrientos Flórez','Lider de Servicio','nelida.barrientos@medellin.gov.co','3857162- 3857414 - 3857161','','Taquilla Única - Centro De Atención',0,0,'0000-00-00','0000-00-00 00:00:00','2015-07-13 14:08:40',0),(146,1,146,'Paula','Ruiz','lider','liderareasocial@fundacionpatronato.org','5112230','','Fundacion Patronato Maria Auxiliadora',0,0,'0000-00-00','0000-00-00 00:00:00','2015-07-13 14:08:40',0),(160,1,70100668,'Juan Díaz ','Londoño','Rector','juand244@hotmail.com','221 2693','','Institución Educativa Arzobispo Tulio Botero Salazar',0,0,'0000-00-00','0000-00-00 00:00:00','2015-07-13 14:08:40',0),(161,1,161,'Reinaldo ','Galea','Docente','rega42@gmail.com','221 2693','','Arzobispo Tulio Botero Salazar',0,0,'0000-00-00','0000-00-00 00:00:00','2015-07-13 14:08:40',0),(162,1,71681396,'Rigoberto ','Monsalve','Docente','proferigo@gmail.com','321 640 4712','321 640 4712','Asamblea Departamental',0,0,'0000-00-00','0000-00-00 00:00:00','2015-07-13 14:08:40',0),(163,1,163,'Ana María','Montoya Velásquez ','Subdirectora','amontoya@fundacionepm.org.co','3807529','','Biblioteca EPM',0,0,'0000-00-00','0000-00-00 00:00:00','2015-07-13 14:08:40',0),(164,1,164,'Mauricio ','Alzate Carmona','Profesional Adultos','eduard.alzate@fundacionepm.org.co','3007808312','3007808312','Biblioteca EPM',0,0,'0000-00-00','0000-00-00 00:00:00','2015-07-13 14:08:40',0),(165,1,165,'Yuri','Colorado','Secretaria','seCarreraecaicedo@fundacionlasgolondrinas.org','2260014','','Camino de Paz',0,0,'0000-00-00','0000-00-00 00:00:00','2015-07-13 14:08:40',0),(166,1,166,'Cielo  ','Rendón','Coordinadora','academico@fundacionlasgolondrinas.org','3136146696','3136146696','Camino de Paz',0,0,'0000-00-00','0000-00-00 00:00:00','2015-07-13 14:08:40',0),(167,1,167,'Isabel ','Espinosa','Encargada','mariaisa127@hotmail.com','3217120366','3217120366','Casa Hogar Santa Laura',0,0,'0000-00-00','0000-00-00 00:00:00','2015-07-13 14:08:40',0),(168,1,168,'Gil Alberto ','Giraldo Jiménez','Rector','gil.giraldo@medellin.gov.co','300 732 3603','300 732 3603','I. E El Salvador',0,0,'0000-00-00','0000-00-00 00:00:00','2015-07-13 14:08:40',0),(169,1,169,'Ofelia ','Medina Medina','Coordinadora','ofemed@hotmail.com','310 840 6679','310 840 6679','IE El Salvador',0,0,'0000-00-00','0000-00-00 00:00:00','2015-07-13 14:08:40',0),(170,1,170,'Carlos Mario ','García','Coordinador Área de Sistemas','carlosm.garcia@medellin.gov.co','3857140','','Escuela Del Maestro',0,0,'0000-00-00','0000-00-00 00:00:00','2015-07-13 14:08:40',0),(171,1,43743196,'Claudia ','Raquejo Álvarez','Docente','clamara2008@gmail.com','2699679','3154685202','IE Federico Ozanam',0,0,'0000-00-00','0000-00-00 00:00:00','2015-07-13 14:08:40',0),(172,1,37513745,'Nancy ','Camacho','Docente','inge.nancy@gmail.com','2260583','3166953817','IE Gabriel Garcia Márquez',0,0,'0000-00-00','0000-00-00 00:00:00','2015-07-13 14:08:40',0),(173,1,173,'Bayron','Pineda','Coordinador','bayroncoordinador07@gmail.com','3147547147','3147547147','I.E Gonzalo Restrepo',0,0,'0000-00-00','0000-00-00 00:00:00','2015-07-13 14:08:40',0),(174,1,174,'Martha ','Agudelo Sosa','Inspectora','martha.agudelo@medellin.gov.co','2161812','','Inspección 9b Salvador',0,0,'0000-00-00','0000-00-00 00:00:00','2015-07-13 14:08:40',0),(175,1,175,'Luis Alberto ','Lizon','Coordinador inclusión','luis.lizon@itm.edu.co','4405352','','ITM - Sede Fraternidad',0,0,'0000-00-00','0000-00-00 00:00:00','2015-07-13 14:08:40',0),(176,1,176,'Tania ','Montes','Docente','taniamontes353@gmail.com','3105055342','3105055342','ITM - Sede Fraternidad',0,0,'0000-00-00','0000-00-00 00:00:00','2015-07-13 14:08:40',0),(177,1,177,'Sandra ','Arango','Rectora','libertad.ie@gmail.com','3005722630','3005722630','La Libertad',0,0,'0000-00-00','0000-00-00 00:00:00','2015-07-13 14:08:40',0),(178,1,178,'Luis Alfonso ','Díaz','Coordinador','licinfymav@gmail.com','311 410 5967','311 410 5967','IE La Libertad',0,0,'0000-00-00','0000-00-00 00:00:00','2015-07-13 14:08:40',0),(179,1,179,'Dora Luz ','Gómez Betancur','Rectora','dolugobe@hotmail.com','2217929','','IE Manuel Jose Caicedo',0,0,'0000-00-00','0000-00-00 00:00:00','2015-07-13 14:08:40',0),(180,1,43011277,'Rubiela ','Montoya Montoya','Coordinadora','rubielamontoya@yahoo.com','2220715','3122772478','Institución Educativa Manuel José Cayzedo',0,0,'0000-00-00','0000-00-00 00:00:00','2015-07-13 14:08:40',0),(181,1,181,'Fanny ','Arias','Lider','fanny.arias@medellin.gov.co','3857405/01','','Mascerca Buenos Aires',0,0,'0000-00-00','0000-00-00 00:00:00','2015-07-13 14:08:40',0),(182,1,42755942,'Doralba ','Callejas','Asesora','doralba.callejas@medellin.gov.co','3857401','3857401','Mascerca Buenos Aires',0,0,'0000-00-00','0000-00-00 00:00:00','2015-07-13 14:08:40',0),(183,1,43008695,'María Isabel ','Villa Álzate','Rectora','mivillalzate@gmail.com','269 7583 Ext 13','','Institución Educativa Miraflores',0,0,'0000-00-00','0000-00-00 00:00:00','2015-07-13 14:08:40',0),(184,1,184,'Greta ','Romero Deluque','Coordinadora','coordinacion@parquedelavida.co','2634476','','Parque de la Vida',0,0,'0000-00-00','0000-00-00 00:00:00','2015-07-13 14:08:40',0),(185,1,1128429491,'Jackeline ','Rúa Arboleda','Comunicadora','comunicaciones@parquedelavida.co','2634476','','Parque de la Vida',1,4,'0000-00-00','0000-00-00 00:00:00','2015-07-13 14:08:40',0),(187,1,187,'Juan Camilo ','Castaño','Comunicador','juan.castano@museodeantioquia.co','2513636 Ext 188','','Plazoleta Botero',0,0,'0000-00-00','0000-00-00 00:00:00','2015-07-13 14:08:40',0),(188,1,188,'Carolina ','Calle Jaramillo','Gestora','cedezobuenosaires@gmail.com','385 2944','','Punto De Atención Cedezo Buenos Aires',0,0,'0000-00-00','0000-00-00 00:00:00','2015-07-13 14:08:40',0),(189,1,189,'Alba Yaneth ','Giraldo','Docente','alyagi7@hotmail.com','2690520','','IE San Francisco De Asis',0,0,'0000-00-00','0000-00-00 00:00:00','2015-07-13 14:08:40',0),(190,1,43061072,'Liboria ','Renteria Urrutia ','Docente','liramaru2000@gmail.com','2690627','313 744 4272','Institución Educativa Madre Laura',0,0,'0000-00-00','0000-00-00 00:00:00','2015-07-13 14:08:40',0),(191,1,191,'Cesar/Emilsen','García','Coordinador','cesargarcia25@hotmail.com','3007752024/3148898677','3007752024/3148898677','IE Villa Turbay',0,0,'0000-00-00','0000-00-00 00:00:00','2015-07-13 14:08:40',0),(192,1,192,'Camilo','Gallo','Coordinador','c.a.v.caunces@gmail.com','3006734199','3006734199','Cav Caunces - Centro De Atención A Victimas',0,0,'0000-00-00','0000-00-00 00:00:00','2015-07-13 14:08:40',0),(193,1,193,'John ','Restrepo','Líder Juvenil','jhon.restrepo1@gmail.com','3007538199','3007538199','Esfuerzos de Paz',0,0,'0000-00-00','0000-00-00 00:00:00','2015-07-13 14:08:40',0),(194,1,194,'Darwin','Fernández','Coordinador','darwinpinal@iepinal.edu.co','222 3647','','IE El Pinal',0,0,'0000-00-00','0000-00-00 00:00:00','2015-07-13 14:08:40',0),(195,1,195,'Aliria','Henao','Coordinadora','aliriahenao@gmail.com','2210099','','IE El Pinal',0,0,'0000-00-00','0000-00-00 00:00:00','2015-07-13 14:08:40',0),(196,1,196,'Sor María ','Rojo Ríos','Psicóloga','rojoriossor@hotmail.com','2697940 ext 11 y 12','','IE Gonzálo Restrepo',0,0,'0000-00-00','0000-00-00 00:00:00','2015-07-13 14:08:40',0),(197,1,197,'Ángela','Londoño','Docente','angelalondoove@yahoo.es','3148723015','','IE Merceditas Gómez Martínez',0,0,'0000-00-00','0000-00-00 00:00:00','2015-07-13 14:08:40',0),(198,1,91002917,'Javier','Mosquera','Docente','javiersabana@hotmail.com','2214634','3138492441','Institución Educativa Miraflores',0,0,'0000-00-00','0000-00-00 00:00:00','2015-07-13 14:08:40',0),(200,1,200,'Jana ','Olaya','Gestora','',' 427 0148','','CEDEZO San Cristóbal',0,0,'0000-00-00','0000-00-00 00:00:00','2015-07-13 14:08:40',0),(201,1,201,'Ruth Estela','Ospina','Edil ','','4279567','3113452724','JAL San Cristóbal',0,0,'0000-00-00','0000-00-00 00:00:00','2015-07-13 14:08:40',0),(202,1,202,'Paula Andrea','Zorrilla','Coordinadora Vecinos y Amigos','','4204193','3003463711','Vecinos y Amigos',0,0,'0000-00-00','0000-00-00 00:00:00','2015-07-13 14:08:40',0),(203,1,203,'José Fernando','Correa','Gestor Administrativo','','3662304','3017823782','Programa Vecinos y Amigos',0,0,'0000-00-00','0000-00-00 00:00:00','2015-07-13 14:08:40',0),(205,1,205,'Javier Alberto','Castro','Bienestar institucional','socio.economico@colmayor.edu.co','4445611','3216216564','Colegio Mayor de Antioquia',0,0,'0000-00-00','0000-00-00 00:00:00','2015-07-13 14:08:40',0),(206,1,206,'Luis Alberto','Monsalve','Secretario corregiduría','luis.monsalve@medellin.gov.co','3856832','','Casa Gobierno Palmitas',0,0,'0000-00-00','0000-00-00 00:00:00','2015-07-13 14:08:40',0),(207,1,207,'Gilma','Ayala','Coordinadora centros educativos','gilmayala@hotmail.com','4461379','3012178773','Centros educativos Palmitas',0,0,'0000-00-00','0000-00-00 00:00:00','2015-07-13 14:08:40',0),(208,1,208,'Diana Victoria','Montoya','Docente','devilladiana@hotmail.com','3870129 ','3154778703','C.E. La Aldea',0,0,'0000-00-00','0000-00-00 00:00:00','2015-07-13 14:08:40',0),(209,1,209,'Diana Carolina','Rivera','Coordinadora ','ie.hrmpalmitas@gmail.co','387 0058','3117319380','IE Héctor Rogelio Montoya',0,0,'0000-00-00','0000-00-00 00:00:00','2015-07-13 14:08:40',0),(210,1,210,'Mery Luz','Cardona','Promotora de lectura','palmitas@bibliotecasmedellin.gov.co','3870612','','Biblioteca Pública Palmitas',0,0,'0000-00-00','0000-00-00 00:00:00','2015-07-13 14:08:40',0),(211,1,211,'Francisco Javier ','Jiménez','Rector','javierjgiraldo@hotmail.com','4379554','312 860 9002','IE La Huerta',0,0,'0000-00-00','0000-00-00 00:00:00','2015-07-13 14:08:40',0),(212,1,212,'Leidis ','Soto','Docente','leidissoto@gmail.com','4379554','312 685 24 67','IE La Huerta',0,0,'0000-00-00','0000-00-00 00:00:00','2015-07-13 14:08:40',0),(213,1,213,'Lucía Teresa ','Arismendy','Profesional Gestión de biblioteca','cdeinfo@pascualbravo.edu.co','4480520 ext 1017','3206173661','Institución Universitaria Pascual Bravo',0,0,'0000-00-00','0000-00-00 00:00:00','2015-07-13 14:08:40',0),(214,1,214,'MarthaLigia ','García','Asistente Gestión biblioteca','cdeinfo@pascualbravo.edu.co','4480520 ext 1017','3127497737','Institución Universitaria Pascual Bravo',0,0,'0000-00-00','0000-00-00 00:00:00','2015-07-13 14:08:40',0),(215,1,215,'Luis Alberto ','Lizón ','Líder de inclusión','luislizon@itm.edu.co','4405352','3137281426 ','Instituto tecnológico Metropolitano',0,0,'0000-00-00','0000-00-00 00:00:00','2015-07-13 14:08:40',0),(216,1,216,'Victor Gabriel ','Puerta','Educador especial','victorpuerta@gmail.com','4379646','3006561049','Buen Comienzo La Huerta',0,0,'0000-00-00','0000-00-00 00:00:00','2015-07-13 14:08:40',0),(217,1,217,'Carolina','Vélez López','Coordinadora ','carovlopez@gmail.com','4294920','3122487971','Centro Integrado San Cristóbal',0,0,'0000-00-00','0000-00-00 00:00:00','2015-07-13 14:08:40',0),(218,1,218,'Juan Carlos','Rodríguez','Gestor de servicios bibliotecarios','gestor.docedeoctubre@bibliotecasmedellin.gov.','4776519','','Parque Biblioteca Doce de Octubre',0,0,'0000-00-00','0000-00-00 00:00:00','2015-07-13 14:08:40',0),(219,1,219,'Yovanny','Tapasco','Rector','ie.flores@yahoo.es','4278910 - 4277760','','IE Ciudadela Nuevo Occidente',0,0,'0000-00-00','0000-00-00 00:00:00','2015-07-13 14:08:40',0),(220,1,220,'Ana María','López','Coordinadora ','ie.flores@yahoo.es','4278910 - 4277760','3003535066','IE Ciudadela Nuevo Occidente',0,0,'0000-00-00','0000-00-00 00:00:00','2015-07-13 14:08:40',0),(235,1,235,'Nancy','Cano','Líder de Centro de Servicios','nancy.canoz@medellin.gov.co','3857161 ','3017423978','Secretaría de Calidad y Servicio a la Ciudadanía - Mascerca Castilla',0,0,'0000-00-00','0000-00-00 00:00:00','2015-07-13 14:08:40',0),(236,1,236,'Diana','Mesa','Profesional de monitoreo y evaluación','dianamesa22@hotmail.es','4939813','3218301336','Secretaría de Gobierno y DDHH - Programa Jóvenes por la vida',0,0,'0000-00-00','0000-00-00 00:00:00','2015-07-13 14:08:40',0),(237,1,237,'Rocío','Naar','Coordinadora Territorial','rocionaar@gmail.com','4939813','3003009348','Secretaría de Gobierno y DDHH - Programa Jóvenes por la vida',0,0,'0000-00-00','0000-00-00 00:00:00','2015-07-13 14:08:40',0),(238,1,238,'John Jairo','Bedoya','Vicepresidente','johnbedoya60@gmail.com','5809025','3016475807','Mesa de Discapacidad Comuna 5 - JAC Castilla',0,0,'0000-00-00','0000-00-00 00:00:00','2015-07-13 14:08:40',0),(239,1,239,'Juan Manuel','Bedoya Ramírez','Promotor de Acompañamiento','jmbedoya1209@hotmail.com','4939795','3206234180','Secretaría de Gobierno y DDHH - Programa Jóvenes por la vida',0,0,'0000-00-00','0000-00-00 00:00:00','2015-07-13 14:08:40',0),(240,1,240,'Deiby','Castañeda','Coordinador','ciccabe@gmail.com','4780169','3014040398','Centro de Integración Comunitario Comuna 5 y 6',0,0,'0000-00-00','0000-00-00 00:00:00','2015-07-13 14:08:40',0),(241,1,241,'Diana','Gutierrez','Coordinadora Fundación Ratón de Biblioteca ','coordinacion.laesperanza@ratondebiblioteca.or','3666910','3007870689','Centro de Integración Comunitario Comuna 5 y 6',0,0,'0000-00-00','0000-00-00 00:00:00','2015-07-13 14:08:40',0),(242,1,242,'Alcira','Gómez Ferreira','Profesional Empleabilidad – Autonomía Econ','alcira.gomez@medellin.gov.co','3203420782','','Secretaría de Gobierno y DDHH - Unidad Municipal de Atención y Reparación a Víctimas',0,0,'0000-00-00','0000-00-00 00:00:00','2015-07-13 14:08:40',0),(243,1,243,'Erika','Meléndez Becerra','Promotora de Acompañamiento','erika.melendez@medellin.gov.co','4939864','3003902601','Secretaría de Gobierno y DDHH',0,0,'0000-00-00','0000-00-00 00:00:00','2015-07-13 14:08:40',0),(244,1,244,'Arcesio','Gómez','Auxiliar Administrativo','arcesio.gomez@medellin.gov.co','4939844','3137801797','Secretaria de Gobierno y DDHH',0,0,'0000-00-00','0000-00-00 00:00:00','2015-07-13 14:08:40',0),(245,1,245,'Juan Guillermo','Ramírez','Técnico en Cultura Digital','biblioteca.fernandog@medellin.co','4216595','','Biblioteca Fernando Gómez Martínez',0,0,'0000-00-00','0000-00-00 00:00:00','2015-07-13 14:08:40',0),(246,1,246,'Beatriz ','Atehortúa','Auxiliar Administrativa','biblioteca.fernandog@medellin.co','4227115','','Biblioteca Fernando Gómez Martínez',0,0,'0000-00-00','0000-00-00 00:00:00','2015-07-13 14:08:40',0),(247,1,247,'Lucelly','Giraldo','Rectora','lucellygj@gmail.com','4218309','3007865346','Institución Educativa Jesús Rey',0,0,'0000-00-00','0000-00-00 00:00:00','2015-07-13 14:08:40',0),(248,1,248,'Gloria','Chica','Coordinadora Académica','iejesusrey2011@gmail.com','4218309','','Institución Educativa Jesús Rey',0,0,'0000-00-00','0000-00-00 00:00:00','2015-07-13 14:08:40',0),(249,1,249,'Valentina ','Mena Orejuela','Coordinadora','tinamenaorejuela@gmail.com','3113550726','','Institución Educativa Sor Juana Inés de la Cruz',0,0,'0000-00-00','0000-00-00 00:00:00','2015-07-13 14:08:40',0),(250,1,250,'Diana','Londoño','Coordinadora','cedezocastilla@gmail.com','3857161 ','','CEDEZO La Tinaja',0,0,'0000-00-00','0000-00-00 00:00:00','2015-07-13 14:08:40',0),(251,1,251,'Patricia','Zapata','Docente','do.p.aza@hotmail.com','3112929810','','Institución Educativa Mariscal Robledo',0,0,'0000-00-00','0000-00-00 00:00:00','2015-07-13 14:08:40',0),(252,1,252,'Alejandra','Tabera Casas','Coordinadora Fundación Ratón de Biblioteca ','coordinacion.laesperanza@ratondebiblioteca.or','3666910','','Centro de Integración Comunitario Comuna 5 y 6 - Fundación Ratón de Biblioteca La Esperanza',0,0,'0000-00-00','0000-00-00 00:00:00','2015-07-13 14:08:40',0),(253,1,253,'Cielo Cristina','Vélez','Docente de apoyo','cicrivel@hotmail.com','273 2700','3103970391','Institución Educativa Diego Echavarría Misas',0,0,'0000-00-00','0000-00-00 00:00:00','2015-07-13 14:08:40',0),(254,1,8308276,'Rubén Darío','Patiño Garcia','Rector','pagaruda@une.net.co','2732700','3104321239','Institución Educativa Diego Echavarría Misas',0,0,'0000-00-00','0000-00-00 00:00:00','2015-07-13 14:08:40',0),(255,1,255,'Gabriel','Guzmán','Rector','gaguzboom@yahoo.es','461 2395','3003901366','Institución Educativa Julio César García',0,0,'0000-00-00','0000-00-00 00:00:00','2015-07-13 14:08:40',0),(256,1,256,'Luz Janneth','Saldarriaga Castañeda','Bibliotecaria','luzsalda22@hotmail.com','2730139','3005376960','Institución Educativa Julio César García',0,0,'0000-00-00','0000-00-00 00:00:00','2015-07-13 14:08:40',0),(257,1,257,'Olga Lucía','Agudelo Casanova','Líder de Proyecto - Coordinación SMJCC-UPJ','olga.agudelo@medellin.gov.co','4939793','','Secretaría de Gobierno y Derechos Humanos',0,0,'0000-00-00','0000-00-00 00:00:00','2015-07-13 14:08:40',0),(258,1,258,'Sandra Milena','Vásquez Bolívar','Profesional Universitaria – Socióloga/ Coo','sandra.vasquez@medellin.gov.co','493 9741','','Subsecretaria de Gobierno Local y Convivencia - Secretaría de Gobierno y DDHH',0,0,'0000-00-00','0000-00-00 00:00:00','2015-07-13 14:08:40',0),(259,1,259,'Rosa','Isaza Sánchez','Secretaría de Gobierno y DH - Coordinación','rosa.isaza@medellin.gov.co','493 9736','','Secretaría de Gobierno y DDHH',0,0,'0000-00-00','0000-00-00 00:00:00','2015-07-13 14:08:40',0),(267,1,267,'Margarita María ','Vasco','Docente','margaritavascos@gmail.com','273 0061','317 378 1192','Ciudadela de las Americas',0,0,'0000-00-00','0000-00-00 00:00:00','2015-07-13 14:08:40',0),(268,1,268,'Carlos ','Vidal Tabón','Rector','rectoria.ie@gmail.com','237 1235','311 754 20 27','Maestro Fernando Botero',0,0,'0000-00-00','0000-00-00 00:00:00','2015-07-13 14:08:40',0),(269,1,269,'Maria Beatriz ','Quintero Cardona','Coordinadora','mabeqica@hotmail.com','476 1277','312 752 7140','Picachito',0,0,'0000-00-00','0000-00-00 00:00:00','2015-07-13 14:08:40',0),(270,1,270,'Ángela María ','Chavera Sierra','Rectora','angela.chaverra@medellin.gov.co','477 7998/267 6900','312 851 1169','Doce de Octubre',0,0,'0000-00-00','0000-00-00 00:00:00','2015-07-13 14:08:40',0),(271,1,271,'Gabriel','Clavijo','Docente','goclavijog@hotmail.com','477 7998/267 6900','3128817442','Doce de Octubre',0,0,'0000-00-00','0000-00-00 00:00:00','2015-07-13 14:08:40',0),(272,1,272,'Beatriz Cecilia ','Cortés ','Rectora','cortesgonzalez.beatrizcecilia@gmail.com','471 1144','311 764 2005','Santa Juana del Lestonnac',0,0,'0000-00-00','0000-00-00 00:00:00','2015-07-13 14:08:40',0),(273,1,273,'Conny ','Barth ','Rectora','conny.barth@medellin.gov.co','237 4710','300 243 1245','El Pedregal',0,0,'0000-00-00','0000-00-00 00:00:00','2015-07-13 14:08:40',0),(274,1,274,'Fran Edilson ','Ramirez','Docente','framirex@gmail.com','267 3941','3104951105','El Pedregal',0,0,'0000-00-00','0000-00-00 00:00:00','2015-07-13 14:08:40',0),(275,1,275,'Pilar ','Olascoaga','Docente','corpani777@gmail.com','237 4710','3105289344','El Pedregal',0,0,'0000-00-00','0000-00-00 00:00:00','2015-07-13 14:08:40',0),(276,1,276,'Blanca','Yarza','Docente','blancayarza_6@hotmail.com','4777154','3127268124','Juvenil Nuevo Futuro',0,0,'0000-00-00','0000-00-00 00:00:00','2015-07-13 14:08:40',0),(277,1,277,'Wilson ','Gallego','Coordinador','wgallego.1960@gmail.com','267 3506','3103853883','Juvenil Nuevo Futuro',0,0,'0000-00-00','0000-00-00 00:00:00','2015-07-13 14:08:40',0),(278,1,278,'Jairo Hernan ','Ortiz','Rector','jairo.ortiz@medellin.gov.co','2578292','3005504497','Jorge Eliécer Gaitán ',0,0,'0000-00-00','0000-00-00 00:00:00','2015-07-13 14:08:40',0),(279,1,279,'Lina Marcela ','Vallejos Grisales','psicoorientadora','elaieney@yahoo.es','2578292','3005393476','Jorge Eliécer Gaitán ',0,0,'0000-00-00','0000-00-00 00:00:00','2015-07-13 14:08:40',0),(280,1,280,'Jackeline ','Agudelo Suarez','funcionaria Escuelas Saludables','jakeline.agudelo@medellin.gov.co','5148216','','Secretaria de Educación Escuelas Saludables',0,0,'0000-00-00','0000-00-00 00:00:00','2015-07-13 14:08:40',0),(281,1,281,'Diana María ','Henao','Dinamizadora Telecentro','yayita1813@hotmail.com','4777116','3104575250','Telecentro Pedregal',0,0,'0000-00-00','0000-00-00 00:00:00','2015-07-13 14:08:40',0),(282,1,282,'Mario','Arboleda','Vicepresidente Concejo Comunal','mhao714@gmail.com','4777116','3147969383','Concejo Comunal Pedregal',0,0,'0000-00-00','0000-00-00 00:00:00','2015-07-13 14:08:40',0),(283,1,283,'Alejandra','Villa','Dinamizadora Telecentro','telecentropicacho@gmail.com','4764178','3104424383','Telecentro Picacho',0,0,'0000-00-00','0000-00-00 00:00:00','2015-07-13 14:08:40',0),(284,1,284,'Juan Carlos ','Tabares','Representante Legal','telecentropicacho@gmail.com','4777116','3014087045','Telecentro Picacho',0,0,'0000-00-00','0000-00-00 00:00:00','2015-07-13 14:08:40',0),(285,1,285,'Beatriz Elena','Gallo','Inspectora','beatriz.gallo@medellin.gov.co','4776011','','Inspección Doce de Octubre',0,0,'0000-00-00','0000-00-00 00:00:00','2015-07-13 14:08:40',0),(286,1,286,'Fanny','Arias','Líder de Centro de Servicios','fanny.arias@medellin.gov.co','3857405','3013883762','Secretaría de Calidad y Servicio a la Ciudad',0,0,'0000-00-00','0000-00-00 00:00:00','2015-07-13 14:08:40',0),(287,1,287,'Nelson ','González','Rector','negamaya1213@yahoo.es','257 5489','311 632 6824','Fe y Alegría Aures',0,0,'0000-00-00','0000-00-00 00:00:00','2015-07-13 14:08:40',0),(288,1,288,'Ana Delia ','Cardenas Guarín','Rectora','anadeliacardenas.semi@gmail.com','441 4908','312 296 1997','Fe y Alegría San José',0,0,'0000-00-00','0000-00-00 00:00:00','2015-07-13 14:08:40',0),(289,1,289,'Juan Fernando ','Quiceno Arías','Docente','juanfer8933@gmail.com','2300313','3108429633','Gerardo Valencia Cano',0,0,'0000-00-00','0000-00-00 00:00:00','2015-07-13 14:08:40',0),(290,1,290,'Claudia ','López','Docente','claudialopez51@yahoo.com','2642310','3136183160','Fe y Alegría Villa de la Candelaria',0,0,'0000-00-00','0000-00-00 00:00:00','2015-07-13 14:08:40',0),(291,1,291,'Socorro ','Vergara','Rectora','ie.luislopezdemesa@medellin.gov.co','441 7456','316 655 8593','Luis López de Mesa',0,0,'0000-00-00','0000-00-00 00:00:00','2015-07-13 14:08:40',0),(292,1,292,'Sonia','Hernandez Taborda ','Coordinadora','soniamariaht@gmail.com','2570925','3127229097','Luis López de Mesa',0,0,'0000-00-00','0000-00-00 00:00:00','2015-07-13 14:08:40',0),(293,1,293,'Yeison ','Paniagua','Coordinador ','yeison.paniagua@medellin.gov.co','4373590','3004381240','Casa de la Justicia de Robledo',0,0,'0000-00-00','0000-00-00 00:00:00','2015-07-13 14:08:40',0),(294,1,294,'Andrés ','Bernal ','Coordinador','cedezolaquintana@gmail.com','3857341','3006656900','CEDEZO La Quintana',0,0,'0000-00-00','0000-00-00 00:00:00','2015-07-13 14:08:40',0),(295,1,295,'Flavio ','Peréz','Gestor Empresarial','cedezolaquintana@gmail.com','3857341','3148816373','CEDEZO La Quintana',0,0,'0000-00-00','0000-00-00 00:00:00','2015-07-13 14:08:40',0),(296,1,296,'Edisón Ferney ','Giraldo','Técnico Biblioteca','ferneyedison@hotmail.com','385 73 42','','Parque Biblioteca Tomás Carrasquilla La Quintana',0,0,'0000-00-00','0000-00-00 00:00:00','2015-07-13 14:08:40',0),(297,1,297,'María Juliana','Yepes','Cultura Digital','mariajulianayb@gmail.com','385 73 42','','Parque Biblioteca Tomás Carrasquilla La Quintana',0,0,'0000-00-00','0000-00-00 00:00:00','2015-07-13 14:08:40',0),(298,1,298,'Luz Mariza ','Velasquez','Gestores Servicios','gestor.quintana@bibliotecasmedellin.gov.co','385 73 42','','Parque Biblioteca Tomás Carrasquilla La Quintana',0,0,'0000-00-00','0000-00-00 00:00:00','2015-07-13 14:08:40',0),(299,1,299,'Yina Sirley ','García Tobón ','Técnica Biblioteca','yina.828@hotmail.com','385 73 42','','Parque Biblioteca Tomás Carrasquilla La Quintana',0,0,'0000-00-00','0000-00-00 00:00:00','2015-07-13 14:08:40',0),(300,1,300,'Yuliana ','Tabares','Auxiliar Administrativa','jayui824@hotmail.com','385 73 42','','Parque Biblioteca Tomás Carrasquilla La Quintana',0,0,'0000-00-00','0000-00-00 00:00:00','2015-07-13 14:08:40',0),(301,1,301,'Sandra Milena','Valencia Mira','Técnico Biblioteca','milemi09@hotmail.com','385 73 42','','Parque Biblioteca Tomás Carrasquilla La Quintana',0,0,'0000-00-00','0000-00-00 00:00:00','2015-07-13 14:08:40',0),(302,1,302,'Norma','Ibargüen ','Técnico Biblioteca','clavellinoazul@gmail.com','385 73 42','','Parque Biblioteca Tomás Carrasquilla La Quintana',0,0,'0000-00-00','0000-00-00 00:00:00','2015-07-13 14:08:40',0),(303,1,303,'Guillermo ','Cossio González ','Coordinador ','cedezosantodomingo@gmail.com','5280559','3104555776','CEDEZO Santo Domingo Savio ',0,0,'0000-00-00','0000-00-00 00:00:00','2015-07-13 14:08:40',0),(304,1,304,'Mario ','Álvarez Chavarriaga ','Líder de Servicio ','telecentrosantacecilia1@gmail.com','5291142','5291142','Telecentro Santa Cecilia 1',0,0,'0000-00-00','0000-00-00 00:00:00','2015-07-13 14:08:40',0),(305,1,305,'Carlos','Quiroz Castro','Dinamizador ','telecentrostacecilia2jac@gmail.com','5728133','3015434117','Telecentro Santa Cecilia 2 ',0,0,'0000-00-00','0000-00-00 00:00:00','2015-07-13 14:08:40',0),(307,1,307,'Cristina ','Álvarez ','Coordinadora ','santodomingo@bibliotecasmedellin.gov.co','3857598','3008775133','Parque Biblioteca España ',0,0,'0000-00-00','0000-00-00 00:00:00','2015-07-13 14:08:40',0),(308,1,308,' Carlos Alberto ','López','Coordinador Tarde','caalloba@hotmail.com','267 7552','','Alfredo Cock Arango',0,0,'0000-00-00','0000-00-00 00:00:00','2015-07-13 14:08:40',0),(309,1,309,'Jhon ','Preciado','Coordinador Mañana','jjpreciado@gmail.com','267 7552','','Alfredo Cock Arango',0,0,'0000-00-00','0000-00-00 00:00:00','2015-07-13 14:08:40',0),(310,1,310,'Angela ','Mena   ','Docente','menaarango.angelanelly@gmail.com','267 7552','','Alfredo Cock Arango',0,0,'0000-00-00','0000-00-00 00:00:00','2015-07-13 14:08:40',0),(311,1,311,'Luis Carlos ','Grajales  ','Docente','luigigrajales717@hotmail.com','267 7552','','Alfredo Cock Arango',0,0,'0000-00-00','0000-00-00 00:00:00','2015-07-13 14:08:40',0),(312,1,312,'Yenys Paola ','Manjarres','Docente','yenissierra@yahoo.es','267 7552','','Alfredo Cock Arango',0,0,'0000-00-00','0000-00-00 00:00:00','2015-07-13 14:08:40',0),(313,1,313,'Juliana ','Barrios','Directora','direccion.docedeoctubre@bibliotecasmedellin.g','477 62 84','3004944638','Parque Biblioteca Doce de Octubre',0,0,'0000-00-00','0000-00-00 00:00:00','2015-07-13 14:08:40',0),(314,1,314,'Andrea ','Osorio Sierra','Técnico Cultura Digital','andrea.osoriosierra@gmail.com','477 62 84','3008813945','Parque Biblioteca Doce de Octubre',0,0,'0000-00-00','0000-00-00 00:00:00','2015-07-13 14:08:40',0),(334,1,334,'Bernardo Antonio','Morales','Retor I.E','sujeymejia@gmail.com','529 3562 -529 3562','3164651328','I.E Fe y Alegría Granizal',0,0,'0000-00-00','0000-00-00 00:00:00','2015-07-13 14:08:40',0),(335,1,335,'Dolly Sujey','Mejíaa Quintero','Docente','sujeymejia@gmail.com','529 3562 -529 3562','314 7911167','I.E Fe y Alegría Granizal',0,0,'0000-00-00','0000-00-00 00:00:00','2015-07-13 14:08:40',0),(336,1,336,'Luz María ','Ramírez','Rectora','vialuz117@gmail.com','521 3099','301 661 7646','I.E San Pablo',0,0,'0000-00-00','0000-00-00 00:00:00','2015-07-13 14:08:40',0),(337,1,337,'Evelio','Ospina Grisales','Rector','evospina@gmail.com','461 0517','3136566391','I.E Asia Ignaciana',0,0,'0000-00-00','0000-00-00 00:00:00','2015-07-13 14:08:40',0),(338,1,338,'Abelardo ','Zuluaga','Bibliotecario I.E Asia Ignaciana','canzu65@gmail.com','461 0517','3166855034','I.E Asia Ignaciana',0,0,'0000-00-00','0000-00-00 00:00:00','2015-07-13 14:08:40',0),(339,1,339,'Willmar','Osorio','Coordinador','willmar.osorio@hotmail.com','366 3210','3104948132','Telecentro Villa del Socorro',0,0,'0000-00-00','0000-00-00 00:00:00','2015-07-13 14:08:40',0),(340,1,340,'Elver ','Arias','Rector','feyalegria@une.net.co','461 1223/464 4146/ 4627507','300 645 8417','I.E José María Velaz',0,0,'0000-00-00','0000-00-00 00:00:00','2015-07-13 14:08:40',0),(341,1,341,'Adriana ','Ruiz','Directora','adriana.ruizm@medellin.gov.co','522 03 03','3015138570','Casa de justicia Villa del Socorro',0,0,'0000-00-00','0000-00-00 00:00:00','2015-07-13 14:08:40',0),(342,1,342,'Maria Catalina','Botero','Docente','ktabote@hotmail.com','2849094','314 7948004','I.E Rodrigo Lara Bonilla',0,0,'0000-00-00','0000-00-00 00:00:00','2015-07-13 14:08:40',0),(343,1,343,'Osías ','Velásquez','Rector','gacerovo@hotmail.com','291 1707','291 1707','I.E Enrique Olaya Herrera',0,0,'0000-00-00','0000-00-00 00:00:00','2015-07-13 14:08:40',0),(344,1,344,'Katerine','Blandón','Docente','kablaar1@gmail.com','291 1707','301 573 3757','I.E Enrique Olaya Herrera',0,0,'0000-00-00','0000-00-00 00:00:00','2015-07-13 14:08:40',0),(345,1,345,'Alvaro ','Londoño Ocampo','Coordinador Académico','alvaro1628@gmail.com','2635951 - 2114410 -2331575- 2125486','300 889 1815','I.E José María Bravo Márquez',0,0,'0000-00-00','0000-00-00 00:00:00','2015-07-13 14:08:40',0),(346,1,346,'Blanca Dora','Galeano Upegui','Rectora','rectora.bm@gmail.com','2635951 - 2114410 -2331575- 2125486','321 648 2089','I.E José María Bravo Márquez',0,0,'0000-00-00','0000-00-00 00:00:00','2015-07-13 14:08:40',0),(347,1,347,'Sandra Milena','Botero','Coordinadora','cedezomanrique@gmail.com','2136050- 3858062- 3014683996','','Cedezo Manrique',0,0,'0000-00-00','0000-00-00 00:00:00','2015-07-13 14:08:40',0),(348,1,348,'Brenda','Tellez ','Tamayo','ortellez@yahoo.es','3834192','3007853902','Cav Palermo',0,0,'0000-00-00','0000-00-00 00:00:00','2015-07-13 14:08:40',0),(349,1,349,'Gloria Patricia ','Gaviria','Coordinadora ','gloriagaviriav@gmail.com','2584057','3136993088','Telecentro Palermo',0,0,'0000-00-00','0000-00-00 00:00:00','2015-07-13 14:08:40',0),(350,1,350,'Juan Carlos','Rodriguez','Rector','juan.rodriguez@medellin.gov.co','412 3351 - 412 2939','310 554 5923','I.E Lucrecio Jaramillo Vélez',0,0,'0000-00-00','0000-00-00 00:00:00','2015-07-13 14:08:40',0),(351,1,351,'Luis Guillermo ','Sierra','Docente','lsierra20@hotmail.com','412 3351 - 412 2939','310 554 5923','I.E Lucrecio Jaramillo Vélez',0,0,'0000-00-00','0000-00-00 00:00:00','2015-07-13 14:08:40',0),(352,1,352,'Maria del Socorro','Ocampo','Asistente Administrativa','maria.ocampom@medellin.gov.co','3857255','3128378190','Cav América',0,0,'0000-00-00','0000-00-00 00:00:00','2015-07-13 14:08:40',0),(353,1,353,'Luisa Fernanda','Ruiz','Docente','luisamella22@gmail.com','2849094','3006150442','I.E Rodrigo Lara Bonilla',0,0,'0000-00-00','0000-00-00 00:00:00','2015-07-13 14:08:40',0),(354,1,354,'Jhon Jairo','Uribe','Docente','jhon.uribe@hotmail.com','2635951 - 2114410 -2331575- 2125486','3017030778','I.E José María Bravo Márquez',0,0,'0000-00-00','0000-00-00 00:00:00','2015-07-13 14:08:40',0),(355,1,355,'Alexandra','Jaramillo','Estudiante','alesa.jaramillo@gmail.com','3117725735','3117725735','I.E Jose María Bravo Márquez',0,0,'0000-00-00','0000-00-00 00:00:00','2015-07-13 14:08:40',0),(356,1,356,'Natalia Andrea','Arredondo','Docente','ingnataliaedu@gmail.com','3137841691','3137841691','I.E Fe y Alegría Granizal',0,0,'0000-00-00','0000-00-00 00:00:00','2015-07-13 14:08:40',0),(366,1,366,'Ángel Giovanni ','Pardo','Rector ','angel.pardo@medellin.gov.co','301 734 99 66','','IE Nuevo Horizonte',0,0,'0000-00-00','0000-00-00 00:00:00','2015-07-13 14:08:40',0),(367,1,367,'Arleison','Arcos Rivas','Rector ','federicocarrasquilla@gmail.com','2580194','','IE Federico Carrasquilla',0,0,'0000-00-00','0000-00-00 00:00:00','2015-07-13 14:08:40',0),(368,1,368,'Luis ','Cardales','Docente','luchocardales@gmail.com','3014168163','','IE Santa Teresa',0,0,'0000-00-00','0000-00-00 00:00:00','2015-07-13 14:08:40',0),(369,1,369,'Marcela','Zapata','Docente','marce.zapatag@gmail.com','3113681764','','Santa Teresa',0,0,'0000-00-00','0000-00-00 00:00:00','2015-07-13 14:08:40',0),(370,1,370,'Hugo León ','Gutiérrez','Rector','iebscruz1@hotmail.com','311 360 8668','','Barrio Santa Cruz',0,0,'0000-00-00','0000-00-00 00:00:00','2015-07-13 14:08:40',0),(371,1,371,'Jorge ','Rentería','Docente','jrente1614@gmail.com','233 1414','300654506','Roberto Vásquez ',0,0,'0000-00-00','0000-00-00 00:00:00','2015-07-13 14:08:40',0),(372,1,372,'Flor Azalia ','Villa Atehortua','Rectora','ie.pedroluisvilla@medellin.gov.co','233 2748 - 211 6350','3004668840','Pedro Luis Villa',0,0,'0000-00-00','0000-00-00 00:00:00','2015-07-13 14:08:40',0),(373,1,373,'Libardo','Munera','Docente','lmunerag@gmail.com','2363000','311 756 3280','José Antonio Galán',0,0,'0000-00-00','0000-00-00 00:00:00','2015-07-13 14:08:40',0),(374,1,374,'Libia','Pabón','Rectora','institucionhta@yahoo.com',' 2136830','','Hernán Toro Agudelo',0,0,'0000-00-00','0000-00-00 00:00:00','2015-07-13 14:08:40',0),(375,1,375,'Ana','Cardenas','Coordinadora','cdcmanrique@gmail.com','211 73 73','3004922749','Casa de la Cultura de Manrique',0,0,'0000-00-00','0000-00-00 00:00:00','2015-07-13 14:08:40',0),(376,1,376,'Luz Margot','Patiño','Coordinadora','telecentromanrique@gmail.com','5273736','3148243812','Telecentro de Manrique',0,0,'0000-00-00','0000-00-00 00:00:00','2015-07-13 14:08:40',0),(377,1,377,'Luisa Fernanda','Mosquera','Docente','multigrado12@gmail.com','3012020267','','Francisco Luis Hernández ',0,0,'0000-00-00','0000-00-00 00:00:00','2015-07-13 14:08:40',0),(378,1,378,'Walter','Vélez','Coordinador','wvelez@iefranciscoluis.edu.co','2368970','','Francisco Luis Hernández ',0,0,'0000-00-00','0000-00-00 00:00:00','2015-07-13 14:08:40',0),(379,1,379,'Adriana ','Castrillon','Docente','nanacasba@hotmail.com','2632687','3116230798','Guillermo Vélez Vélez',0,0,'0000-00-00','0000-00-00 00:00:00','2015-07-13 14:08:40',0),(380,1,380,'Juan Guillermo ','Pino','Docente','juanguillermopino@yahoo.com','311 3365402','','Guillermo Vélez Vélez',0,0,'0000-00-00','0000-00-00 00:00:00','2015-07-13 14:08:40',0),(381,1,381,'Nicolás ','Ríos','Coordinador','coordinacion.bjzuletaferrer@bibliotecapiloto.','2118232','3012748754','BPP sede Campo Valdés',0,0,'0000-00-00','0000-00-00 00:00:00','2015-07-13 14:08:40',0),(382,1,382,'Hanna','Jaramillo','Coordinadora','cedezomoravia@gmail.com','3857330 ','311 7852025','CEDEZO Moravia ',0,0,'0000-00-00','0000-00-00 00:00:00','2015-07-13 14:08:40',0),(383,1,383,'Alvaro ','Ossa','Secretario','alvaro.ossa@medellin.gov.co','2581873','','Inspección Aranjuez',0,0,'0000-00-00','0000-00-00 00:00:00','2015-07-13 14:08:40',0),(384,1,384,'Ana ','Restrepo','Coordinadora','arestrepo86@gmail.com','2132809','','Centro de Desarrollo Cultural de Moravia',0,0,'0000-00-00','0000-00-00 00:00:00','2015-07-13 14:08:40',0),(385,1,385,'Carlos','Ossa','Coordinador','centroloscolores@gmail.com','4216611','310 8148354','Centro Cultural Los Colores',0,0,'0000-00-00','0000-00-00 00:00:00','2015-07-13 14:08:40',0),(386,1,386,'Alba','Pérez','Coordinadora del servicio al público','servicios@bibliotecapiloto.gov.co','4600590 ext 227-214','3113849764','Biblioteca Pública Piloto',0,0,'0000-00-00','0000-00-00 00:00:00','2015-07-13 14:08:40',0),(387,1,387,'Viviana ','Gómez','Referencista','nana987@gmail.com','4600590','','Biblioteca Pública Piloto',0,0,'0000-00-00','0000-00-00 00:00:00','2015-07-13 14:08:40',0),(388,1,388,'Huberto','Giraldo','Rector','hubertogiraldo@gmail.com','252 0097','3007817745','Lola González ',0,0,'0000-00-00','0000-00-00 00:00:00','2015-07-13 14:08:40',0),(389,1,389,'Juan de Dios','Arango','Rector','arangomedrano@gmail.com','252 0535','310 5043810','Cristóbal Colón',0,0,'0000-00-00','0000-00-00 00:00:00','2015-07-13 14:08:40',0),(390,1,390,'Diego','Bastidas','Docente','diego0530@hotmail.es','252 0535','311 6405196','Cristóbal Colón',0,0,'0000-00-00','0000-00-00 00:00:00','2015-07-13 14:08:40',0),(391,1,391,'David','Ramirez','Coordinador','ramirezdavidh@gmail.com','4211148','312 2964303','Colegio el Concejo -Escuela Maestro Clodomiro',0,0,'0000-00-00','0000-00-00 00:00:00','2015-07-13 14:08:40',0),(392,1,392,'Vanessa','De los Ríos','Coordinadora sala de sistemas','vane1204@gmail.com','4119154','','Biblioteca La Floresta',0,0,'0000-00-00','0000-00-00 00:00:00','2015-07-13 14:08:40',0),(400,1,400,'Diana 		','Pérez','Docente','diama90@hotmail.com','310 378 3302','','Escuela Santa Elena',0,0,'0000-00-00','0000-00-00 00:00:00','2015-07-13 14:08:40',0),(401,1,401,'JUAN ESTEBAN 	','FRANCO','Coordinador','cedezosantaelena@gmail.com','3857503 - 3002998222	','','Cedezo Santa Elena',0,0,'0000-00-00','0000-00-00 00:00:00','2015-07-13 14:08:40',0),(402,1,402,'Alba Lucía 		','Sierra Hernandez','Docente','als821@gmail.com','300 6173679','','IE Santa Elena',0,0,'0000-00-00','0000-00-00 00:00:00','2015-07-13 14:08:40',0),(500,1,500,'Sandra Milena ','Valencia Mira','Técnico Biblioteca','milemi09@hotmail.com','385 73 42','','Parque Biblioteca Tomás Carrasquilla La Quintana',0,0,'0000-00-00','0000-00-00 00:00:00','2015-07-13 14:08:40',0),(501,1,501,'Norma','Ibargüen','Técnico Biblioteca','clavellinoazul@gmail.com','385 73 42','','Parque Biblioteca Tomás Carrasquilla La Quintana',0,0,'0000-00-00','0000-00-00 00:00:00','2015-07-13 14:08:40',0),(502,1,502,'Erika','Monsalve Ochoa','Técnica Sala Mi Barrio','erika.monsalve@gmail.com','502','','Parque Biblioteca Tomás Carrasquilla La Quintana',0,0,'0000-00-00','0000-00-00 00:00:00','2015-07-13 14:08:40',0),(503,1,503,'Hildebrando ','Giraldo','Docente','hildegiraldo@yahoo.es','267 7552','300 735 8572','Alfredo Cock Arango',0,0,'0000-00-00','0000-00-00 00:00:00','2015-07-13 14:08:40',0),(504,1,504,'Margarita María ','Jaramillo Guzmán','Rectora','margari66@hotmail.com','267 7552','300 614 6618','Alfredo Cock Arango',0,0,'0000-00-00','0000-00-00 00:00:00','2015-07-13 14:08:40',0),(505,1,505,'Leticia ','Ocampo','Maestra de Apoyo','niapia@msn.com','267 7552','','Alfredo Cock Arango',0,0,'0000-00-00','0000-00-00 00:00:00','2015-07-13 14:08:40',0),(506,1,506,'Xiomara ','Salgado','Analista Biblioteca','analistabiblioteca@colmayor.edu.co','4 44 56 11','','Colegio Mayor de Antioquia',0,0,'0000-00-00','0000-00-00 00:00:00','2015-07-13 14:08:40',0),(508,1,508,'Pablo ','Ochoa','Líder Mesa de Discapacidad','p8a2@hotmail.com','4778433','3108791977','Mesa de Discapacidad Comuna 6',0,0,'0000-00-00','0000-00-00 00:00:00','2015-07-13 14:08:40',0),(509,1,509,'Carlos ','Penagos','Líder Comunitario ','ramsescarlos@yahoo.es','4775884','3007483054','Edil Junta Administradora Local Comuna 6',0,0,'0000-00-00','0000-00-00 00:00:00','2015-07-13 14:08:40',0),(510,1,15444241,'Jorge','Ocampo Rendón','Profesional de Cultura Digital','jorge.ocampo@mdeinteligente.co','5168529','3005766422','Medellín Ciudad Inteligente',0,0,'0000-00-00','0000-00-00 00:00:00','2015-07-13 14:08:40',0),(511,1,21619812,'Nohemy','Quiroz ','Docente','nohemyq@hotmail.com','3112578','3193201938','Institución Educativa INEM Guillermo Echavarria ',0,0,'0000-00-00','0000-00-00 00:00:00','2015-07-13 14:08:40',0),(512,1,43265452,'Catalina ','Durango Ramírez','Agente Dinamizador','','4444963','3163957411','Medellín Ciudad Inteligente',0,0,'0000-00-00','0000-00-00 00:00:00','2015-07-13 14:08:40',0),(513,1,43459681,'Clara Eugenia ','Arias','Agente Dinamizador','clara.arias@mdeinteligente.co','4444963','3113792019','Medellín Ciudad Inteligente',0,0,'0000-00-00','0000-00-00 00:00:00','2015-07-13 14:08:40',0),(514,1,43514379,'Luz ','Vélez Arroyave','Docente','lucyvelezarro@yahoo.com','3112578','3007872205','Institución Educativa INEM Guillermo Echavarria ',0,0,'0000-00-00','0000-00-00 00:00:00','2015-07-13 14:08:40',0),(515,1,43987292,'Mónica Alejandra  ','Castañeda','Agente Dinamizador','monica.castaneda@mdeinteligente.co','4444963','3142258090','Medellín Ciudad Inteligente',0,0,'0000-00-00','0000-00-00 00:00:00','2015-07-13 14:08:40',0),(516,1,44006770,'Amelia ','Caro Martínez','Agente Dinamizador ','amelia.caro@mdeinteligente.co','4444963','3113074174','Medellín Ciudad Inteligente',0,0,'0000-00-00','0000-00-00 00:00:00','2015-07-13 14:08:40',0),(517,1,71279301,'Christian','Vásquez Manrique','Agente dinamizador','christian.vasquez@mdeinteligente.co','4444963','3205882785','Medellín Ciudad Inteligente',0,0,'0000-00-00','0000-00-00 00:00:00','2015-07-13 14:08:40',0),(518,1,71778131,'Juan Camilo ','Parra ','Agente Dinamizador','juan.parra@mdeinteligente.co','4444963','3012089064','Medellín Ciudad Inteligente',0,0,'0000-00-00','0000-00-00 00:00:00','2015-07-13 14:08:40',0),(519,1,98525547,'Luis Carlos ','Betancur','Coordinador','luiskbcoordinador@yahoo.com','2860010','3007134532','Institución Educativa Monseñor Victor Wiedemann',0,0,'0000-00-00','0000-00-00 00:00:00','2015-07-13 14:08:40',0),(520,1,43279335,'Biviana ','Arango Muñoz','Lider de Conectividad','biviana.arango@mdeinteligente.co','4444963','313998727','Medellín Ciudad Inteligente',0,0,'0000-00-00','0000-00-00 00:00:00','2015-07-13 14:08:40',0),(521,1,804829142,'Jhon Mario','Garavito','Rector','jgaravito@josegalan.edu.co','2 36 3000','','José Antonio Galán',0,0,'0000-00-00','0000-00-00 00:00:00','2015-07-13 14:08:40',0),(522,1,70562476,'Pedro','Moreno','Coordinador Cedezo','cedezoaltavista@gmail.com','3146779327','','Cedezo altavista',0,0,'0000-00-00','0000-00-00 00:00:00','2015-07-13 14:08:40',0),(523,1,1017130879,'Johana ','Higuita Castro ','Agente Dinamizador','johana.higuita@mdeinteligente.co','4444963','3014252794','Medellín Ciudad Inteligente',0,0,'0000-00-00','0000-00-00 00:00:00','2015-07-13 14:08:40',0),(524,1,1018343559,'Gabriel','Atehortúa Meneses','Profesional de Inclusión Digital','gabriel.atehortua@mdeinteligente.co','5168504','3159266792','Medellín Ciudad Inteligente',2,2,'1987-12-15','2015-05-22 17:16:52','2015-07-13 14:08:40',13),(525,1,1035417264,'María Paulina ','Díaz Arango','Agente Dinamizador','maria.diaz@mdeinteligente.co','4444963','3113531746','Medellín Ciudad Inteligente',0,0,'0000-00-00','0000-00-00 00:00:00','2015-07-13 14:08:40',0),(526,1,1036603091,'Rosa María ','Pérez','Agente Dinamizador','rosa.perez@mdeinteligente.co','4444963','3046413327','Medellín Ciudad Inteligente',0,0,'0000-00-00','0000-00-00 00:00:00','2015-07-13 14:08:40',0),(527,1,1037575195,'Juan Camilo ','Pérez','Agente Dinamizador','juan.perez@mdeinteligente.co','4444963','3014127144','Medellín Ciudad Inteligente',0,0,'0000-00-00','0000-00-00 00:00:00','2015-07-13 14:08:40',0),(528,1,1037613575,'Mónica María','Mazo Flórez','Estudiante ','gemelis15@hotmail.com','3202223780','3202223780','Presupuesto participativo',0,0,'0000-00-00','0000-00-00 00:00:00','2015-07-13 14:08:40',0),(529,1,1037619606,'Xiomara','Cuervo','Estudiante ','m-a-myxiomy@hotmail.com','4912366','3016724631','Presupuesto participativo',0,0,'0000-00-00','0000-00-00 00:00:00','2015-07-13 14:08:40',0),(530,1,1045048060,'Carolina ','Agudelo Herrera','Agente Dinamizador','carolina.agudelo@mdeinteligente.co','4444963','3002355721','Medellín Ciudad Inteligente',0,0,'0000-00-00','0000-00-00 00:00:00','2015-07-13 14:08:40',0),(531,1,1128425147,'Alejandro ','Marín Valencia','Agente Dinamizador','alejandro.marin@mdeinteligente.co','4444963','3146746251','Medellín Ciudad Inteligente',0,0,'0000-00-00','0000-00-00 00:00:00','2015-07-13 14:08:40',0),(532,1,1128450488,'Cindy','Jaramillo','Agente Dinamizador','cindy.jaramillo@mdeinteligente.co','4444963','3015594118','Medellín Ciudad Inteligente',0,0,'0000-00-00','0000-00-00 00:00:00','2015-07-13 14:08:40',0),(533,1,1152693036,'María Alejandra','Botero','Estudiante ','maleja1331@gmail.com','5817654','3165805714','Presupuesto participativo',0,0,'0000-00-00','0000-00-00 00:00:00','2015-07-13 14:08:40',0),(534,1,9876543219,'Maria','Gomez','Practicante','maria@mariagomez','4444963','','Medellín Ciudad Inteligente',0,0,'0000-00-00','0000-00-00 00:00:00','2015-07-13 14:08:40',0),(535,1,1037616975,'Agustin ','Patiño Orozco','Agente Dinamizador','agustin.patino@mdeinteligente.co','4444963','3002736932','Medellín Ciudad Inteligente',0,0,'0000-00-00','0000-00-00 00:00:00','2015-07-13 14:08:40',0),(536,1,1017189745,'Johana','Jaramillo','Asistente de Soporte','johana.jaramillo@mdeinteligente.co','4444963','3113777726','Medellín Ciudad Inteligente',0,0,'0000-00-00','0000-00-00 00:00:00','2015-07-13 14:08:40',0),(537,1,37861737,'Juana',' Fuentes Gamboa','Lider de apropiación','juana.fuentes@mdeinteligente.co','4444963','3006279774','Medellín Ciudad Inteligente',0,0,'0000-00-00','0000-00-00 00:00:00','2015-07-13 14:08:40',0),(538,1,43508833,'Vidalia María ','Cuesta','Dinamizadora Telecentro','vimacui@gmail.com','3543668','3127978445','Telecentro Belén Zafra',0,0,'0000-00-00','0000-00-00 00:00:00','2015-07-13 14:08:40',0),(539,1,43545223,'Beatriz ','Jordan','Secretaria','beatriz.jordan@medellin.gov.co','3856823','','Casa de Gobierno San Antonio de Prado',0,0,'0000-00-00','0000-00-00 00:00:00','2015-07-13 14:08:40',0),(540,1,3539819,'José Ignacio ','Jaramillo','Polivalente','josei.jaramillo@medellin.gov.co','3856827','','Casa de Gobierno San Antonio de Prado',0,0,'0000-00-00','0000-00-00 00:00:00','2015-07-13 14:08:40',0),(541,1,98772814,'Juan Diego','Urrea Upegui','Líder de Comunicación Pública','juan.urrea@mdeinteligente.co','4444963','','Medellín Ciudad Inteligente',0,0,'0000-00-00','0000-00-00 00:00:00','2015-07-13 14:08:40',0),(542,1,548760860,'Fredy','Tabarez','Docente','johnfres77@gmail.com','2529549','3207452441','IE La Independencia Sede Bachillerato',0,0,'0000-00-00','0000-00-00 00:00:00','2015-07-13 14:08:40',0),(545,1,1094892116,'Nicolas','Tobon ','Desarrollador','nicolas.tobon@mdeinteligente.co','3168786134','316789461','MDE',0,0,'0000-00-00','0000-00-00 00:00:00','2015-07-13 14:08:40',0),(546,1,22058183,'Martha Lucía','Arango Palacio','Directora de CE Altavista','marthaluarpa@gmail.com','3410940','3117380372','CE El Manzanillo',0,0,'0000-00-00','0000-00-00 00:00:00','2015-07-13 14:08:40',0),(547,1,1128460576,'Paula Andrea','Ramirez Quintero','Estudiante de PP Comuna 80','paulita.arq@gmail.com','3764578','3218581328','Comuna 80',1,3,'1995-04-30','0000-00-00 00:00:00','2015-07-13 14:08:40',0),(548,1,97011311184,'Juan Pablo','Velasquez Gómez','Estudiante de PP Comuna 80','pampa-0113@hotmail.com','3012560956','3012560956','Comuna 80',0,0,'0000-00-00','0000-00-00 00:00:00','2015-07-13 14:08:40',0),(550,1,7725981,'Jhon Jairo ','Perdomo ','Dinamizador Telecentro','jaiper11@hotmail.com','4924295','3166828688','Telecentro Los Tanques',0,0,'0000-00-00','0000-00-00 00:00:00','2015-07-13 14:08:40',0),(552,1,43520390,'Alba Nelly ','Alvarez','Presidente JAC ','nelly_0523@hotmail.com','4964946','3103825020','Telecentro Monteverde',0,0,'0000-00-00','2014-12-03 14:02:20','2015-07-13 14:08:40',14),(553,1,43832182,'Erika María','Pérez','Dinamizadora Telecentro','ericapebe@gmail.com','2355850','3014818230','Telecentro Trinidad',0,0,'0000-00-00','2014-12-05 13:40:05','2015-07-13 14:08:40',15),(554,1,71271589,'Cesar Augusto','Bedoya','Voluntario','caba198120@gmail.com','2355850','','Telecentro Trinidad',0,0,'0000-00-00','2014-12-05 13:41:34','2015-07-13 14:08:40',15),(555,1,1001385949,'Daniel Alberto','David','Dinamizador Telecentro Blanquizal','daniel3david@gmail.com','4260502','3137487120','Telecentro Blanquizal',0,0,'0000-00-00','2014-12-09 09:23:15','2015-07-13 14:08:40',38),(556,1,94505073,'Adrian ','Prado Pereañez','Auxiliar administrativo','coordinacion.bsanantonio@biblioteca.gov.co','3794440','','Filial Biblioteca San Antonio De Prado',0,0,'0000-00-00','2014-12-12 13:34:34','2015-07-13 14:08:40',15),(557,1,70080198,'Diego ','Salazar Peláez ','Dinamizador Telecentro','telecentro.rosales@gmail.com','2352978','3004725554','Telecentro Rosales',0,0,'0000-00-00','2014-12-12 13:45:19','2015-07-13 14:08:40',15),(558,1,22052017,'Luz Mary','Sánchez','Inspectora','luzm.sanchez@medellin.gov.co','2857561-2581873','3127303865','Inspección de Aranjuez',0,0,'0000-00-00','2014-12-12 16:16:25','2015-07-13 14:08:40',21),(559,1,1037598317,'Nataly ','Blandon','Auxiliar','nataly.blandon@medellin.gov.co','3857414','','Mascerca Poblado',0,0,'0000-00-00','2014-12-12 16:59:34','2015-07-13 14:08:40',15),(560,1,43277208,'Isabel Cristina','Loaiza','Voluntaria Biblioteca el Manzanillo','loaizaa921@hotmail.com','3176241586','','Biblioteca Comunitaria El Manzanillo',0,0,'0000-00-00','2014-12-16 13:45:39','2015-07-13 14:08:40',38),(561,1,43996132,'Claudia','Loaiza','Voluntaria Biblioteca el Manzanillo','loaizares@hotmail.com','3410860','','Biblioteca Comunitaria El Manzanillo',0,0,'0000-00-00','2014-12-16 13:46:54','2015-07-13 14:08:40',38),(562,1,43873301,'Luisa Fernanda','Gaviria Villada','Directora comercial','direccioncomercial@terminaldelsur.com','3611588','3105044720','Centro Comercial Terminal del sur ',0,0,'0000-00-00','2014-12-18 08:29:41','2015-07-13 14:08:40',15),(563,1,43158461,'Andrea','Lazaro','Comunicadora','comunicaciones@terminaldelsur.com','3611588','','Centro Comercial Terminal del sur ',0,0,'0000-00-00','2014-12-18 08:31:45','2015-07-13 14:08:40',15),(564,1,1036599251,'Yulieth Natalia ','Zapata Serna','Dinamizadora Telecentro','lara-jith@hotmail.com','4764178','3107427777','Telecentro Picacho',0,0,'0000-00-00','2014-12-22 13:16:16','2015-07-13 14:08:40',24),(565,1,22705001,'Claudia','Castro','Directora','claudia.castro@medellin.gov.co','5220303','3013850313','Casa de justicia Villa del Socorro',0,0,'0000-00-00','2015-02-09 09:02:54','2015-07-13 14:08:40',23),(566,1,1152437504,'Leidy Juliana','Mazo Osorio','Gestora de Cultura Digital','juliana.mazo@mdeinteligente.co','4444 963','3126838925','Medellín Ciudad Inteligente',0,0,'0000-00-00','2015-03-04 08:25:34','2015-07-13 14:08:40',13),(567,1,1128279043,'María del Carmen','Mesa Estrada','Gestora de Cultura Digital','maria.mesa@mdeinteligente.co','4444 963','3007455873','Medellín Ciudad Inteligente',0,0,'0000-00-00','2015-03-04 08:29:03','2015-07-13 14:08:40',13),(568,1,1036395604,'Liseth Alejandra','Henao García','Gestora de Cultura Digital','liseth.henao@mdeinteligente.co','4444 963','3137798154','Medellín Ciudad Inteligente',0,0,'0000-00-00','2015-03-04 08:35:47','2015-07-13 14:08:40',13),(569,1,70047982,'Jorge Osiel ','Zapata Orozco','Coordinador','jozapatao1@gmail.com','2562097','3014071346','Institución Educativa San Roberto Belarmino',0,0,'0000-00-00','2015-03-06 14:37:12','2015-07-13 14:08:40',15),(570,1,43019679,'Claudia','Bohorquez Vergara','Gestora empresarial','cedezosanantoniodeprado@gmail.com','385 6828','3137597162','CEDEZO San Antonio de Prado',0,0,'0000-00-00','2015-03-06 15:52:37','2015-07-13 14:08:40',15),(571,1,1037616222,'Maria Laura','Yepes Escobar','Gestora Cultura Digital','maria.yepes@mdeinteligente.co','4444963 Ext 537','','MDEInteligente',0,0,'0000-00-00','2015-03-09 08:18:55','2015-07-13 14:08:40',12),(572,1,1128440960,'Cristian','Hernandez','Técnico en Cultura Digital','alexhja@hotmail.com','3857312','3216229236','Sistema de Bibliotecas Públicas de Medellín',0,0,'0000-00-00','2015-03-09 16:38:15','2015-07-13 14:08:40',38),(573,1,71677165,'Sebastian ','Velasquez Velez','Gestor Empresarial','cedezosanjavier@gmail.com','3857533','','CEDEZO San Javier',0,0,'0000-00-00','2015-03-11 10:55:58','2015-07-13 14:08:40',15),(574,1,32143828,'Nilda Rocío','Jordan','Coordinador','biblioteca.elraizal@ratondebiblioteca.org','3105948970','','Biblioteca El Raizal',0,0,'0000-00-00','2015-03-18 15:20:02','2015-07-13 14:08:40',10),(575,1,32256628,'Natalia','Espejo','Directora','direccion.guayabal@bibliotecasmedellin.gov.co','3510495','3146791461','Parque Biblioteca Manuel Mejía Vallejo - Guayabal',0,0,'0000-00-00','2015-03-19 09:13:07','2015-07-13 14:08:40',43),(576,1,42764328,'Gloria Amanda','Sánchez','Administradora ','asanchez@pascualbravo.edu.co','3204660','3173712224','Institución Universitaria Pascual Bravo',0,0,'0000-00-00','2015-03-19 14:04:54','2015-07-13 14:08:40',43),(577,1,43598920,'Gloria Patricia ','Duque Giraldo','Soporte Técnico ','g.duque@pascualbravo.edu.co','3002078409','','Institución Universitaria Pascual Bravo',0,0,'0000-00-00','2015-03-19 14:11:00','2015-07-13 14:08:40',43),(578,1,0,'Hermana Fanny','Casanova','Coordinadora','iedu.laasuncion@gmail.com','521 74 66   ','','IE La Asunción',0,0,'0000-00-00','2015-03-20 14:37:20','2015-07-13 14:08:40',21),(579,1,43251307,'Adriana Patricia ','Valencia Zuluaga','Docente de aula de apoyo','apitavazu23@yahoo.es','2385168','3162661871','Pedro Octavio Amado',0,0,'0000-00-00','0000-00-00 00:00:00','2015-07-13 14:08:40',0),(580,1,1152453177,'Brian ','Angel Florez','Dinamizador','tc.comunaaltavista@gmail.com','3046689049','','Telecentro Altavista',0,0,'0000-00-00','2015-03-24 11:07:43','2015-07-13 14:08:40',43),(582,1,1036626002,'Jhonatan ','Vélez Agudelo','Auxiliar de servicio al cliente','jhonatan.velez@medellin.gov.co','3857440','','Casa De Gobierno Altavista',0,0,'0000-00-00','0000-00-00 00:00:00','2015-07-13 14:08:40',0),(587,1,15515987,'Marcial ','Aguirre','Encargado De Fomento A La Lectura','lectura.santodomingo@bibiliotecasmedellin.gov','3857598','3003597426','Biblioteca España',0,0,'0000-00-00','2015-03-24 15:14:42','2015-07-13 14:08:40',41),(588,1,1037638401,'Estiven','Ocampo Bedoya','Dinamizador Biblioteca','stevenocampodeboya@gmail.com','4928888','3117796417','Comfenalco',0,0,'0000-00-00','2015-03-25 10:09:29','2015-07-13 14:08:40',38),(589,1,1242532,'Jaime','Sanchez','Rector','rectorialimonar@gmail.com','2862293','3137750533','IE El Limonar',0,0,'0000-00-00','2015-03-25 11:25:13','2015-07-13 14:08:40',38),(590,1,39355750,'Marleny','Gonzalez','Auxiliar Administrativo','bsanantonio@bibliotecapiloto.gov.co','379 44 40','','Filial Biblioteca San Antonio De Prado',0,0,'0000-00-00','2015-03-25 16:45:06','2015-07-13 14:08:40',15),(591,1,1020423999,'Daniel','Gaviria Vélez','Técnico Social Y Cultural','danielgaviria17@gmail.com','3857342','3217807214','Parque Biblioteca La Quintana',0,0,'0000-00-00','2015-03-26 14:44:33','2015-07-13 14:08:40',42),(592,1,104004369,'Astrid Lorena','Carmona Suarez ','Técnica En Cultura Digital','astridcarmona20@gmail.com','3857342','3103901804','Parque Biblioteca La Quintana',0,0,'0000-00-00','2015-03-26 14:50:48','2015-07-13 14:08:40',42),(593,1,1234567,'Diana Marcela ','Ramirez','Gestora De Servicios Bibliotecarios','direccion.popular2@bibliotecasmedellin.gov.co','312 8433234','','Biblioteca Popular 2',0,0,'0000-00-00','2015-03-27 08:02:22','2015-07-13 14:08:40',10),(594,1,88144665,'Josue ','Machuca','Docente De Tecnología','josuemachuca@hotmail.com','3454793','3006174705','Institución Educativa Jose María Bernal ',0,0,'0000-00-00','2015-03-27 15:22:49','2015-07-13 14:08:40',43),(595,1,1234568,'Juan Felipe','Villegas','Gestor','telecentros@gmail.co','3006254823','','Telecentro Santa Monica',0,0,'0000-00-00','2015-03-27 16:02:13','2015-07-13 14:08:40',10),(596,1,22229901,'Gloria ','Vidal','Líder Comunitaria','gloriavial22@gmail.com','3122176489 ','','JAC Villa Flora',0,0,'0000-00-00','2015-03-30 09:30:10','2015-07-13 14:08:40',42),(597,1,15363192,'Carlos Arturo ','Vengoechea','Rector','iebhmed@gmail.com','4480073','3108958841','Institución Educativa Benjamín Herrera',0,0,'0000-00-00','2015-03-30 09:30:51','2015-07-13 14:08:40',43),(598,1,71734607,'Raúl Esteban ','Giraldo Zapata','Administrador Del Centro De Integración Barri','barriolosmangos@gmail.com','2916235','3002210981','Centro De Integración Barrial',0,0,'0000-00-00','2015-03-30 09:32:58','2015-07-13 14:08:40',40),(599,1,98761312,'Ricardo','Sánchez','Dinamizador','telecentro.altamira2013@gmail.com','4226847','3008987052','Telecentro Altamira',0,0,'0000-00-00','2015-03-30 09:37:56','2015-07-13 14:08:40',23),(600,1,2000,'Humberto ','Pérez','Coordinador Académico','academicocefa@hotmail.es','2175337','3103834668','CEFA',0,0,'0000-00-00','2015-03-30 09:48:43','2015-07-13 14:08:40',17),(601,1,43815800,'Rosa','Cuadrado','Dinamizadora Cultural','edithcuadrado@gmail.com','2691021','3004513600','Biblioteca Villatina',0,0,'0000-00-00','2015-03-30 11:35:16','2015-07-13 14:08:40',17),(602,1,2002,'Dostin Andrés','Cano','Dinamizador','telecentrosmlm@gmail.com','292 47 64','3015878217','Telecentro San Miguel La Mansión',0,0,'0000-00-00','2015-03-30 11:45:11','2015-07-13 14:08:40',17),(603,1,21999790,'Maria Nelly','Gil López','Presidenta JAL Castilla ','marianellygil63@hotmail.com','3003915826','','JAL Castilla',0,0,'0000-00-00','2015-03-30 11:45:12','2015-07-13 14:08:40',42),(604,1,2102,'Juan Diego','Restrepo','Rector','juand.restrepo@medellin.gov.co','291 43 89 Ext.104/107','311 336 78 36','Institución Educativa Sol De Oriente',0,0,'0000-00-00','2015-03-30 11:53:00','2015-07-13 14:08:40',40),(605,1,2104,'Paula ','Martínez Caro','Coordinadora','laprofepau@gmail.com','291 43 89','3116219442','Institución Educativa Sol De Oriente',0,0,'0000-00-00','2015-03-30 11:59:11','2015-07-13 14:08:40',40),(606,1,76332828,'Fabián ','Pabón','Pedagogo','fundacionmunay@gmail.com','3664567','3013087806','Fundación Munay',0,0,'0000-00-00','2015-03-30 13:21:06','2015-07-13 14:08:40',17),(607,1,2003,'Yamile ','Ospina','Psicopedagoga','ciudaddcontodo@gmail.com','3122394220','','Crecer Con Dignidad',0,0,'0000-00-00','2015-03-30 13:24:41','2015-07-13 14:08:40',17),(608,1,2301,'Bernardo ','López','Edil Comuna 9','jblopez97@yahoo.com.co','2280620','3104504501','JAL Comuna 9',0,0,'0000-00-00','2015-03-30 14:02:26','2015-07-13 14:08:40',20),(609,1,43840771,'Niyereth','Vásquez','Coordinadora I.E Antonio Derka','niyerethvasquez2@gmail.com','3052497790','3052497790','Institución Educatica Antonio Derka',0,0,'0000-00-00','2015-03-30 14:04:08','2015-07-13 14:08:40',41),(610,1,11431541,'Néstor René ','Otálora Garzón','Rector','santotomas18@gmail.com','2215773','','Institución Educativa La Milagrosa',0,0,'0000-00-00','2015-03-30 15:51:54','2015-07-13 14:08:40',40),(611,1,42800178,'Maria Alejandra','Castaño Giraldo','Sicóloga','funpositivospsicosocial@gmail.com','4223534','3013044990','Fundación Positivos Por La Vida',0,0,'0000-00-00','2015-03-30 16:42:51','2015-07-13 14:08:40',41),(612,1,43585091,'Eliana Maria ','Rodriguez Echavarría','Líder Comunitario ','elianabis4@yahoo.es','3157767523','','Observatorio Comuna 5',0,0,'0000-00-00','2015-03-30 20:16:55','2015-07-13 14:08:40',24),(613,1,525,'Herika ','Román','Coordinadora','eriyuro@yahoo.com','4776196','3113566701','Institución Educativa Jesús Amigo',0,0,'0000-00-00','2015-03-30 21:38:10','2015-07-13 14:08:40',24),(614,1,1038414387,'Mateo ','Franco Ortiz','Dinamizador Telecentro','mateo11love@hotmail.com','3107393726','','Telecentro Picacho',0,0,'0000-00-00','2015-03-30 23:06:42','2015-07-13 14:08:40',24),(615,1,98465732,'Gabriel ','Londoño','Director','direccion.sancristobal@bibliotecasmedellin.go','4204351 - 4204367','','Parque Biblioteca Fernando Botero',0,0,'0000-00-00','2015-03-31 21:41:48','2015-07-13 14:08:40',23),(616,1,94409731,'Mario Andrés','Ceballos','Coordinador Bilioteca Tren De Papel','btrendepapel@bibliotecapiloto.gpv.co','4624548','3166206348','Bilioteca Tren De Papel',0,0,'0000-00-00','2015-04-06 07:39:27','2015-07-13 14:08:40',42),(617,1,43270301,'Paola Andrea','Sepúlveda','Auxiliar Administrativo','andreasq23@gmail.com','4320301','3127137611','Bilioteca Tren De Papel',0,0,'0000-00-00','2015-04-06 07:41:02','2015-07-13 14:08:40',42),(618,1,1128415583,'Isis Cristina','Guisao Henao','Gestora Cultura Digital','cristina.guisao@mdeinteligente.co','4444963','3128552939','MDE Inteligente',0,0,'0000-00-00','2015-04-06 12:07:05','2015-07-13 14:08:40',35),(619,1,70115374,'Alonso ','Arias','Coordinador','biblioteca.fernandog@medellin.co','421 65 95','','Biblioteca Fernando Gómez Martínez',0,0,'0000-00-00','2015-04-07 15:32:50','2015-07-13 14:08:40',23),(620,1,39359508,'Luguethys ','Bernal','Dinamizador','teleamistad@gmail.com','4421935','3113949289','Telecentro La Amistad',1,2,'0000-00-00','2015-06-24 11:22:17','2015-07-13 14:08:40',23),(621,1,15506165,'Nelson ','González','Rector','negamaya1213@yahoo.es','257 5489','311 632 6824','Fe Y Alegria Aures',0,0,'0000-00-00','2015-04-07 16:00:54','2015-07-13 14:08:40',23),(622,1,3113850985,'Carlos Alberto ','Giraldo Alzate','Rector','caliche1964@hotmail.com','3113850985','','Fe Y Alegria Granizal',0,0,'0000-00-00','2015-04-09 07:58:59','2015-07-13 14:08:40',10),(623,1,2911707,'Osías ','Velásquez','Rector','gacerovo@hotmail.com','291 1707','','Enrique Olaya Herrera',0,0,'0000-00-00','2015-04-09 08:11:01','2015-07-13 14:08:40',10),(624,1,1128266773,'Daniel ','Benitez','Dinamizador','debz1986@msn.com','4221607','3148635835','Telecentro Santa Lucía',0,0,'0000-00-00','2015-04-09 11:04:37','2015-07-13 14:08:40',21),(625,1,2004,'Álvaro ','Cuervo Montoya','Rector','a.cuervos63@hotmail.com','2697940 Ext 11 y 12','','IE Gonzalo Restrepo',0,0,'0000-00-00','2015-04-09 16:11:48','2015-07-13 14:08:40',17),(626,1,43435322,'Mónica ','Franco','Coordinadora ','iguana.escuela@gmail.com','2606802','3146029200','Institución Educativa Sección Escuela La Iguaná',0,0,'0000-00-00','2015-04-09 16:30:49','2015-07-13 14:08:40',41),(627,1,43083390,'Hna. Ángela Lucía','Quintero','Coordinadora','mazzarello31@yahoo.com','2937836','','Centro De Capacitación SENA - Mazzarello',0,0,'0000-00-00','2015-04-09 16:32:02','2015-07-13 14:08:40',17),(628,1,71174045,'Jhon Fredy','Bustamante','Profesor Ciencias Sociales','jhonfredy77@une.net.co','2364909','3128659998','Institución Educativa Ciro Mendía',0,0,'0000-00-00','2015-04-09 16:43:03','2015-07-13 14:08:40',41),(629,1,43524172,'Adriana María','Mazo','Coordinadora ','telecentromoscu1@gmail.com','2592467','3207427988','Telecentro Moscú',1,2,'1968-01-07','2015-06-24 16:05:58','2015-07-13 14:08:40',41),(630,1,43686922,'Isabel Cristina','Ospina','Comunicadora','direccion@corporacionhogar.org.co','2181827','','Corporación Hogar',0,0,'0000-00-00','2015-04-09 16:53:37','2015-07-13 14:08:40',20),(631,1,98565042,'David','Ramirez Carmona','Coordinador','ramirezdavidh@gmail.com','4211148','3122964303','Escuela Del Concejo Clodomiro',0,0,'0000-00-00','2015-04-09 17:05:16','2015-07-13 14:08:40',41),(632,1,78114102,'Antonio ','Rodríguez','Docente De Tecnología','antrovi@hotmail.com','3113577758','','Institución Educativa José Acevedo Y Gómez',0,0,'0000-00-00','2015-04-10 08:14:24','2015-07-13 14:08:40',43),(633,1,80028088,'Fabian','Diaz','Docente','fabiand80@hotmail.com','3184749508','','Institución Educativa José Acevedo Y Gómez',0,0,'0000-00-00','2015-04-10 08:41:04','2015-07-13 14:08:40',43),(634,1,71660237,'Jaime','Sierra','Rector','jsierrat@eafit.edu.co','255 2996','','Institución Educativa José Acevedo Y Gómez',0,0,'0000-00-00','2015-04-10 08:43:42','2015-07-13 14:08:40',43),(635,1,43517580,'Yudi Stella','Cardona Galeano','Coordinadora','yudiescar@yahoo.es','255 2996','','Institución Educativa José Acevedo Y Gómez',0,0,'0000-00-00','2015-04-10 08:48:46','2015-07-13 14:08:40',43),(636,1,325632362,'Kelin ','Munera','Docente','kmunera@hotmail.com','4463712','3156342362','I.E Vereda Al Suiza Centralidad',0,0,'0000-00-00','2015-04-10 15:29:36','2015-07-13 14:08:40',23),(637,1,70122855,'Arjiro ','Calderón Zapata','Rector','ie.hrmpalmitas@gmail.co','3870058','','I.E Hector Rogelio Montoya',0,0,'0000-00-00','2015-04-10 15:33:18','2015-07-13 14:08:40',23),(638,1,1128480866,'César','Pérez','Técnico En Cultura Digital','cesar.perez92@hotmail.com','3870612',' 3127866274 ','Biblioteca Publico Corregimental San Sebastían De Palmitas',0,0,'0000-00-00','2015-04-10 15:39:40','2015-07-13 14:08:40',23),(639,1,71661819,'Carlos Mario ','Giraldo','Rector','mariogiraldo211@gmail.com','4271116','3216124376','I.E Loma Hermosa',0,0,'0000-00-00','2015-04-10 15:49:34','2015-07-13 14:08:40',23),(640,1,21667657,'Ana María','López','Coordinaora Académica','iecoordinacionciudadela2012@gmail.com','4278910 - 4277760','3003535066','I.e Ciudadela Nuevo Occidente',0,0,'0000-00-00','2015-04-10 16:15:49','2015-07-13 14:08:40',23),(641,1,22024900,'Adriana','Castrillón Suárez','Auxiliar Administrativo','adriana.castrillon@medellin.gov.co','3858449','3206910484','Centro De Servicios Lusitania',0,0,'0000-00-00','2015-04-10 16:18:35','2015-07-13 14:08:40',23),(642,1,3521328,'Luis Alberto','Monsalve','Secretario','luis.monsalve@medellin.gov.co','3856834','3002426821','Casa De Gobierno San Sebastian De Palmitas',0,0,'0000-00-00','2015-04-13 08:54:31','2015-07-13 14:08:40',23),(643,1,71719698,'Hernando','Montoya','ACJ','escuelapadressbr@gmail.com','3128245719','','Samuel Barrientos',0,0,'0000-00-00','2015-04-14 16:18:21','2015-07-13 14:08:40',10),(644,1,71314322,'Juan David','Monsalve','Técnico Cultura Digital','juandavid@gmail.com','3852972','3005293365','Parque Biblioteca José Horacio Betancur',0,0,'0000-00-00','2015-04-15 17:57:59','2015-07-13 14:08:40',15),(645,1,22057340,'Maria Eugenia ','Toro Lopera','JAL ','maeugeniatorojal80@hotmail.com','3206198679','3206198679','JAL Comuna 80',0,0,'0000-00-00','2015-04-15 18:01:08','2015-07-13 14:08:40',15),(646,1,71679772,'James Eduardo ','Ocampo Monsalve','Director','james.ocampo@medellin.gov.co','300 656 7487','','Institucion Educativa Rodrigo Lara Bonilla',2,1,NULL,'2015-04-20 08:39:46','2015-07-13 14:08:40',10),(647,1,43601880,'Astrid Elena ','Betancur','Docente','aebb2011@hotmail.com','3185224162','','Institución Educativa Santos Ángeles Custodios',1,3,NULL,'2015-04-20 14:38:51','2015-07-13 14:08:40',43),(649,1,8464350,'Gustavo Adolfo','Villada Zapata','Profesor','docentegus@gmail.com','2181827','3206965250','Corporación Hogar',2,3,NULL,'2015-04-21 11:07:47','2015-07-13 14:08:40',20),(650,1,43874058,'Alejandra','Posada','Secretaria','alejandra.posada@medellin.gov.co','2291304','','Espacio Público',1,4,NULL,'2015-04-21 11:39:38','2015-07-13 14:08:40',20),(651,1,15375988,'Luis Guillermo','Carmona Baena','Rector','gcarmona6@une.net.co','2869498','3136616820','Institución Educativa Fé Y Alegría El Limonar',2,2,NULL,'2015-04-21 22:11:12','2015-07-13 14:08:40',15),(652,1,43606568,'María Alejandra','Restrepo Muñoz','Docente Informatica','alejandrasarita@hotmail.com','2869498','3164958710','Institución Educativa Fé Y Alegría El Limonar',1,2,NULL,'2015-04-21 22:17:02','2015-07-13 14:08:40',15),(653,1,1152193255,'Sebastián','Ramírez Vásquez','Técnico En Cultura Digital','tecnologia.ladera@bibliotecasmedellin.gov.co','2160484','3146254304','Biblioteca León De Greiff - La Ladera',2,3,NULL,'2015-04-22 11:55:36','2015-07-13 14:08:40',20),(654,1,71951012,'German Enrique','Alvarez','Rector','german.alvarez@medellin.gov.co','3541437','','IE Santa Catalina De Sena',2,4,NULL,'2015-04-22 13:30:04','2015-07-13 14:08:40',38),(655,1,1128419825,'Laura','Mendoza','Técnica Gestión Social Y Cultural','santaelena@bibliotecasmedellin.gov.co','5380222','3206083203','Biblioteca Santa Elena',1,3,NULL,'2015-04-22 16:47:51','2015-07-13 14:08:40',17),(656,1,3497256,'Luis Hernando ','Giraldo','Coordinador','cedezodesancristobal@gmail.com','4277366','3116302844','Cedezo San Cristobal ',2,2,NULL,'2015-04-22 17:13:36','2015-07-13 14:08:40',23),(657,1,71786297,'Juan Felipe ','Amézquita','Coordinador','integrado@losalamos.org.co',' 4204920 - 4270542','3113797029','Centro Integrado San Cristóbal',2,2,NULL,'2015-04-22 17:36:11','2015-07-13 14:08:40',23),(658,1,70127349,'Jhon Jaime ','Moreno Arenas','Coordinador','john.moreno@medellin.gov.co','3856840','3116930632','Centro De Servicios San Cristóbal',2,2,NULL,'2015-04-22 18:41:45','2015-07-13 14:08:40',23),(659,1,4387068,'Ruth Stella','Ospina','Secretaria JAL','estelaos14@yahoo.es','3113952724','3113952724','JAL San Cristóbal',1,2,NULL,'2015-04-22 18:44:10','2015-07-13 14:08:40',23),(660,1,21527321,'Yuliana Mora ','Hoyos','Ludotekaria','casasanmartin.ludoka@gmail.com','  3856570','3174240476','Ludoteka Casa San Martin',2,2,NULL,'2015-04-22 18:52:17','2015-07-13 14:08:40',23),(661,1,70118938,'Rubiel','Durango','Administrativo','admonsancristobal@metrosalud.gov.co','3002097231','3002097231','UPSS Nuevo Occidente',2,1,NULL,'2015-04-22 18:57:49','2015-07-13 14:08:40',23),(662,1,49551328,'Liris','Ogia','Docente Tecnología Media Técnica','liris.ogia@gmail.com','2388255','','IE República De Venezuela',1,3,NULL,'2015-04-23 08:49:13','2015-07-13 14:08:40',38),(663,1,98427312,'Astrid','Duque','Dinamizadora Telecentro','telecentrofatima@gmail.com','3514953','3137096568','Telecentro Fátima',1,4,NULL,'2015-04-23 10:50:14','2015-07-13 14:08:40',38),(664,1,1128267345,'Mario David ','Calle Salazar','Gestor Administrativo De Escenario','mario.calle25@hotmail.com','3161639','','Bolera Suramericana',2,3,NULL,'2015-04-24 14:35:06','2015-07-13 14:08:40',43),(665,1,42784116,'Claudia ','Tobón Osorio','Gestora Administrativa','pista.bmx@inder.gov.co','3113701975','','Pista De Bicicross Antonio Roldán Betancur',1,3,NULL,'2015-04-24 14:50:46','2015-07-13 14:08:40',43),(666,1,21785084,'Beatriz','Atehortúa ','Promotora De Lectura','luzbeatrizatehortuagrisales@gmail.com','4227115','','Bilioteca Fernando Gómez Martínez',1,2,NULL,'2015-04-27 14:58:14','2015-07-13 14:08:40',23),(667,1,43632237,'Andrea ','Quintero','Educadora Especial','andreaq246@hotmail.com','3218962407','3218962407','J.I Buen Comienzo La Huerta',1,2,NULL,'2015-04-27 16:31:38','2015-07-13 14:08:40',23),(668,1,43054393,'Martha Cecilia','Aldana','Trabajadora Social','marthaaldana8@gmail.com','3215014752','3215014752','Jovenes Por La Vida La Loma',1,2,NULL,'2015-04-27 16:34:16','2015-07-13 14:08:40',23),(670,1,70519151,'Carlos ','Almírola','Coordinador','almirola2@hotmail.com','2860139','3127116986 ','IE San Antonio De Prado Sede Carlos Betancur',2,3,NULL,'2015-04-29 10:11:06','2015-07-13 14:08:40',15),(671,1,1026142587,'Diana Marcela','Montoya','Dinamizadora','telecentroprado@gmail.com','2866100','','Telecentro San Antonio De Prado',1,3,NULL,'2015-04-29 10:39:46','2015-07-13 14:08:40',15),(672,1,8462456,'Walter ','Echeverry','Coordinador Biblioteca','coordinacion.bsanantonio@bibliotecapiloto.gov','3794440','','Filial Biblioteca San Antonio De Prado',2,3,NULL,'2015-04-29 10:45:43','2015-07-13 14:08:40',15),(673,1,8430432,'Diego Mauricio ','Tamayo Cifuentes','Profesor De Primaria: Mesa De Tecnología','migue20025@gmail.com','5225686','3146126108','Institución Educativa Maria Cano/CREM Granizal',2,3,NULL,'2015-04-29 10:59:48','2015-07-13 14:08:40',41),(674,1,43027151,'Gloria Ofelia','Rúa','Dinamizadora Del Telecentro','telecentrosantacecilia1@gmail.com','3498035','3146339611','Telecentro Santa Cecilia',1,2,NULL,'2015-04-29 12:02:41','2015-07-13 14:08:40',41),(675,1,71610260,'Hernán','Gómez','Gestor Empresariao','asesorservicioscedezolaladera@gmail.com','3857329','','CEDEZO La Ladera',2,4,NULL,'2015-04-29 16:02:48','2015-07-13 14:08:40',20),(676,1,71339597,'Gerzon Yair ','Calle Álvarez','Coordinador Académico','iefedericoozanam@gmail.com','2390358','3017437326','IE Federico Ozanam',2,4,NULL,'2015-04-29 16:28:36','2015-07-13 14:08:40',20),(677,1,71587037,'Luis Fernando','León Hernández','Rector','tito1028@hotmail.com','2698211','3136909515','IE Villa Turbay',2,4,NULL,'2015-04-29 16:49:01','2015-07-13 14:08:40',20),(678,1,1017184574,'Deivi Johan','Ocampo López','Dinamizador','telecentro.lasierra@gmail.com','2260635','3128389642','Telecentro La Sierra',2,2,NULL,'2015-04-29 17:06:41','2015-07-13 14:08:40',20),(679,1,2300,'Eliana ','Zuluaga','Líder De Servicio','eliana.zuluaga@medellin.gov.co','3857162','','Centro De Servicio Al Ciudadano (CAM)',1,4,NULL,'2015-04-29 17:15:09','2015-07-13 14:08:40',20),(680,1,71655117,'Jairo Alberto','Arenas Berrio','Gestor Administrativo INDER','jairoalbertoa@yahoo.es','3117741807','3117741807','INDER',2,2,NULL,'2015-04-30 07:51:19','2015-07-13 14:08:40',15),(681,1,42781695,'Mary Luz ','Veléz Cossio','Docente','maryluveco@gmail.com','238 4910','3207256023','IE Antonio Ricaurte',1,3,NULL,'2015-04-30 08:43:13','2015-07-13 14:08:40',15),(682,1,71669098,'Sergio ','Aristizábal Arbeláez','Tesorero','sergio.aristizabal@medellin.gov.co','3856561','','Tesorería Municipal',2,5,NULL,'2015-04-30 10:00:12','2015-07-13 14:08:40',20),(683,1,43255663,'Catalina','Mejia','Coordinadora','jardinlahuerta@fan.org.co','4379646','3007124723','J. INFANTIL Buen Comienzo La Huerta',1,2,NULL,'2015-04-30 10:24:59','2015-07-13 14:08:40',23),(684,1,2302,'Gabriel ','Arango Echeverri','Director De Comunicaciones','garango@concejomedellin.gov','3846857','3148219085','Tesorería Municipal',2,5,NULL,'2015-04-30 12:13:25','2015-07-13 14:08:40',20),(685,1,43165485,'Lina Marcela','Velásquez Patignoc','Profesional De Servicios De Información','lina.velasquez@fundacion.epm.org.co','3807519','3192785705','Biblioteca EPM',1,4,NULL,'2015-06-22 16:47:44','2015-07-13 14:08:40',40),(686,1,1037637385,'María Alejandra','Aristizábal','Jóvenes Por La Vida','alejandraaristizabal28@hotmail.com','2636934','3124765853','Tesorería Municipal',1,2,NULL,'2015-04-30 13:05:49','2015-07-13 14:08:40',20),(687,1,10171710016,'Eliana ','Londoño','Jóvenes Por La Vida','emlg-1989@hotmail.com','2136213','3205984371','Tesorería Municipal',1,2,NULL,'2015-04-30 13:07:55','2015-07-13 14:08:40',20),(688,1,32542967,'Maria Eugenia','González','Coordinadora','javierjgiraldo@hotmail.com','3113212814','3113212814','I.E La Huerta',1,1,NULL,'2015-04-30 13:08:18','2015-07-13 14:08:40',23),(689,1,1040030533,'Marta Cecilia','García','Coordinadora','marta.garcia@medellin.gov.co','5126547','3122929932','Archivo Histórico De Medellín',1,4,NULL,'2015-04-30 16:23:35','2015-07-13 14:08:40',40),(690,1,42797724,'Luz Mary','Toro Montes','Inspectora','luz.toro@medellin.gov.co','2911378','3014647857','Inspección 10B',1,4,NULL,'2015-04-30 16:37:05','2015-07-13 14:08:40',40),(691,1,1152695128,'Luis Gabriel','Arias Vergara','Dinamizador','telecentroplc@gmail.com','4617200','31053793313','Telecentro Plaza Colón',2,3,NULL,'2015-05-02 19:28:03','2015-07-13 14:08:40',42),(692,1,82360306,'Ibsen Antonio','Cossio Perea','Coordinador','ibsenantoniocossioperea@gmail.com','3136841632','','I.E Pedro Claver',2,3,NULL,'2015-05-02 20:08:12','2015-07-13 14:08:40',42),(693,1,75085446,'Cristian Alberto','Álvarez','Coordinador','cristian2410@gmail.com','4713883','3117875328','Institución Educativa Tricentenario',2,3,NULL,'2015-05-02 20:13:37','2015-07-13 14:08:40',42),(694,1,71710041,'Jorge','Atehortúa','Presidente','presidenciajal7@gmail.com','3003917300','','JAL Comuna 7',2,3,NULL,'2015-05-02 20:29:04','2015-07-13 14:08:40',42),(695,1,71793430,'Andrés Felipe','Restrepo','Edil','andresedil@gmail.com','3217257388','','JAL Comuna 7',2,3,NULL,'2015-05-02 20:30:29','2015-07-13 14:08:40',42),(696,1,70415430,'Luis Alberto','Lizón Restrepo','Coordinador Programa De Inclusión','luislizon@itm.edu.co','4405352','3137281426','Instituto Tecnológico Metropolitano',2,3,'2015-05-04','2015-05-03 08:12:05','2015-07-13 14:08:40',42),(697,1,98637377,'Ramón José','Ledesma Soto','Psicólogo Desarrollo Humano','ramonledesma@itm.edu.co','4405352','3004101929','Instituto Tecnológico Metropolitano',2,3,'2015-09-19','2015-05-03 08:19:43','2015-07-13 14:08:40',42),(698,1,43623959,'Flor Yolanda ','Londoño Pérez','Dinamizadora Telecentro','telecentrodoce@gmail.com','4723636-4744198','','Telecentro Doce De Octubre',1,2,NULL,'2015-05-03 12:33:54','2015-07-13 14:08:40',24),(699,1,2370,'Hector ','Soto','Rector','hectorsoto25@yahoo.es','572 2332','','Pequeña María ',2,4,NULL,'2015-05-03 13:52:47','2015-07-13 14:08:40',21),(700,1,2371,'Juan Camilo','Muñoz','Coordinador Casa De La Cultura','cdcloscolores@gmail.com','2641969-4216611','3003454425','Casa De La Cultura De Los Colores',2,4,NULL,'2015-05-03 14:07:23','2015-07-13 14:08:40',21),(701,1,1035858302,'Juan Pablo','Ríos','Dinamizador Del Telecentro','telecentro.sanjuaquin@gmail.com','4112044','3017373450','Telecentro San Joaquin Bolivariana ',2,4,NULL,'2015-05-03 14:20:27','2015-07-13 14:08:40',21),(702,1,71726723,'Miguel Ernesto','Benavides','Coordinador Mañana','cordina.picase@gmail.com','476 1277 ','3012676002','Institución Educativa Picachito',2,2,NULL,'2015-05-03 14:50:59','2015-07-13 14:08:40',24),(703,1,43725919,'Diana María  ','Giraldo Jiménez','Coordinadora Biblioteca','laesperanza@ratondebiblioteca.org','366 69 10','','Fundación Ratón De Biblioteca La Esperanza',1,2,NULL,'2015-05-03 15:04:22','2015-07-13 14:08:40',24),(704,1,2372,'Rubén ','Velásquez ','Coordinador Sede Marco Fidél Suárez','cordiruben@hotmail.com',' 211 6350','3006473368','IE Pedro Luis Villa ',2,3,NULL,'2015-05-03 15:05:47','2015-07-13 14:08:40',21),(705,1,2374,'Juliana ','Posada','Coordinadora CEDEZO','cedezomoravia@gmail.com','3857330 - 3858026','3007834039','CEDEZO Moravia',1,4,NULL,'2015-05-03 15:12:05','2015-07-13 14:08:40',21),(706,1,539,'Edgar De Jesús ','Román Valencia','Rector','edgar.roman@medellin.gov.co','4384765','3046171615','Institución Educativa Camilo Mora Carrasquilla',2,3,NULL,'2015-05-03 15:34:54','2015-07-13 14:08:40',24),(707,1,15384116,'Andrés ','Carmona','Coordinador','salesiano.andres@gmail.com',' 315-6619357','','Institución Educativa Ciudad Don Bosco',2,3,NULL,'2015-05-03 16:17:03','2015-07-13 14:08:40',24),(708,1,1152695502,'Jaqueline ','Muñoz Higuita','Gestor TIC','jaque211@hotmail.com','4742786','','Pascual Bravo',1,3,'2007-05-16','2015-05-03 16:21:29','2015-07-13 14:08:40',44),(709,1,71729852,'Jonh Freddy ','Henao Arias','Docente ','trabajosmath@gmail.com','477 7998/267 6900','3002672619','Institución Educativa Doce De Octubre',2,3,NULL,'2015-05-03 16:26:06','2015-07-13 14:08:40',24),(710,1,2005,'Consuelo','Arias Hoyos','Docente','consueloa76@gmail.com','311 700 61 38','311 700 61 38','CE El Cerro',1,2,NULL,'2015-05-03 18:56:56','2015-07-13 14:08:40',17),(711,1,15343922,'Jairo Hernan','Henao','Analista','jhenaogi@banrep.gov.co','576 74 11','','Banco De La República',2,5,NULL,'2015-05-03 20:19:53','2015-07-13 14:08:40',40),(712,1,39175756,'Ana María',' Arias Quintero ','Coordinadora','ana.arias@medellin.gov.co','4764379','3006484551','Teatro Al Aire Libre Y Parque El Pedregal',1,2,NULL,'2015-05-03 21:07:06','2015-07-13 14:08:40',24),(713,1,30400162,'Alejandra Lorena','Restrepo Betancurt','Coordinadora Centro De Salud','coordinacionsancamilo@metrosalud.gov.co','4415164','3148904956','Centro De Salud San Camilo',1,3,NULL,'2015-05-03 21:51:37','2015-07-13 14:08:40',24),(714,1,43168781,'Claudia Marcela ','Echeverri Vargas ','Apoyo Logístico Coordinación ','claudia.echeverri@medellin.gov.co','4373590','','Casa De La Justicia De Robledo',1,2,NULL,'2015-05-03 22:11:31','2015-07-13 14:08:40',24),(715,1,1037679981,'Edwin León','Vasquez ','Funcionario Cedezo','cedezo.alcaldiamedellin@gmail.com','3857341','','Secretaría De Desarrollo Económico',2,3,NULL,'2015-05-03 22:27:22','2015-07-13 14:08:40',24),(716,1,71754540,'Omar','Tobón','Funcionario Alcaldía','omar.tobon@medellin.gov.co','3007857065','','Vice Gerencia Transporte Zona 2',2,3,NULL,'2015-05-03 22:29:22','2015-07-13 14:08:40',24),(717,1,1128440798,'Milena','Echeverry Campuzano','Gestora Territorial ','milena.secremujeres@gmail.com','3127676225','','Secretaría De Las Mujeres',1,2,NULL,'2015-05-03 22:30:56','2015-07-13 14:08:40',24),(718,1,22068523,'Lucia Teresa','Arismendi Arismendi','Profesional Especializada Gestión Biblioteca','cdeinfo@pascualbravo.edu.co','4480520','','Institución Universitaria Pascual Bravo',1,3,NULL,'2015-05-04 07:15:00','2015-07-13 14:08:40',43),(719,1,98620882,'Juan Fernando ','Castrillon','Coordinador Escenarios Deportivos - Bienestar','juanfrd_145@hotmail.com','4480520','','Institución Universitaria Pascual Bravo',2,3,NULL,'2015-05-04 07:17:43','2015-07-13 14:08:40',43),(720,1,1128276230,'Harold','Pulgarín','Gestor Administrativo','combate.udag@inder.gov.co','2306216','3003610167','Coliseo De Combate',2,4,NULL,'2015-05-04 11:01:27','2015-07-13 14:08:40',41),(721,1,1128470974,'Deisy','Gómez','Gestora Administrativa','baloncesto.udag@inder.gov.co','3005570041','','Coliseo Ivan De Bedout',1,4,NULL,'2015-05-04 11:08:02','2015-07-13 14:08:40',41),(722,1,7175992567,'Wilson','Ortiz','Gestor Administrativo','gimnasia.udag@inder.gov.co','2608062','3002206435','Coliseo De Gimnasia',2,4,NULL,'2015-05-04 11:19:43','2015-07-13 14:08:40',41),(723,1,74370892,'Javier','Burgos','Coordinador','javier.burgos@medellin.gov.co','2346889','3117616062','Casa De La CUltura Los Alcázares',2,4,NULL,'2015-05-04 11:31:01','2015-07-13 14:08:40',41),(724,1,645,'John Jairo ','Pérez Macias','Secretario','jhon.perez@medellin.gov.co','3859432','','Inspección Doce De Octubre',2,2,NULL,'2015-05-04 12:04:54','2015-07-13 14:08:40',24),(725,1,32525456,'Fani Rocío','Arias Botero','Contacto Enlace','fanni.arias@medellin.gov.co','3857405','3017423978','Mas Cerca Floresta',1,4,NULL,'2015-05-04 13:28:02','2015-07-13 14:08:40',41),(726,1,15373893,'Juan Felipe','Giraldo Correa','Webmaster','juan.giraldo@simm.com.co','3013973087','','Secretaría De Movilidad',2,3,NULL,'2015-05-06 08:22:55','2015-07-13 14:08:40',42),(727,1,1128276817,'Laura ','Vargas Rodriguez','Comunicadora SIMM','lauravargas88@gmail.com','3201000','','Secretaría De Movilidad',1,3,NULL,'2015-05-06 08:26:58','2015-07-13 14:08:40',42),(728,1,1120279584,'Aura','Camacho Villegas ','Practicante','aura.camacho@ciclo.co','3014867221','','Ruta N',1,4,NULL,'2015-05-08 10:45:33','2015-07-13 14:08:40',43),(729,1,1035852880,'Sirley Natalia','Trespalacios Jiménez','Técnica De Biblioteca','trespalacios18@gmail.com','3857333','3146434095','Biblioteca La Ladera',1,3,NULL,'2015-05-11 16:56:38','2015-07-13 14:08:40',20),(730,1,1128270206,'Luisa Fernanda','Rodríguez López','Técnica De Biblioteca','luisafer1987@gmail.com','3857538','3107112583','Biblioteca La Ladera',1,3,NULL,'2015-05-11 16:58:22','2015-07-13 14:08:40',20),(731,1,1017160045,'Lenyn Johana ','Córdoba Palacios','Técnica En Cultura Digital','lenyn.cordobaf@gmail.com','3857538','3013987211','Biblioteca La Ladera',1,3,NULL,'2015-05-11 17:00:21','2015-07-13 14:08:40',20),(732,1,71362981,'Jose Manuel ','Gomez','Coordinador','coordinacionvillasocorro@metrosalud.gov.co','25828302','','Centro Salud Villa Del Socorro',2,2,NULL,'2015-05-12 08:37:57','2015-07-13 14:08:40',10),(733,1,6183414,'Gustavo','Valencia Ocampo','Coordinador De Educación (edil Comuna 9)','gustavovalenciao@hotmail.com','2280620','3003918609','Edil Comuna 9',2,4,NULL,'2015-05-13 10:56:50','2015-07-13 14:08:40',20),(734,1,9991631,'José ','Gómez','Coordinador Académico','guanacasarte@yahoo.es','2840808','3002658805','IE Juan De Dios Carvajal',2,3,NULL,'2015-05-13 16:28:14','2015-07-13 14:08:40',20),(735,1,1152436462,'Sara Maria','López Muñoz','Técnico De Cultura Digital','munozsaramaria@gmail.com','477 62 84','','Parque Biblioteca Doce De Octubre',1,3,NULL,'2015-05-13 21:22:51','2015-07-13 14:08:40',24),(736,1,2008,'Eucaris ','Uribe','Docente','eucarisdocente@gmail.com','2695500','3193122464','CE Media Luna',1,3,NULL,'2015-05-14 11:12:55','2015-07-13 14:08:40',17),(737,1,2009,'Alexandra','Idárraga','Gestora','cedezosantaelena@gmail.com','3857503','3206652539','Cedezo Santa Elena',1,3,NULL,'2015-05-14 11:20:04','2015-07-13 14:08:40',17),(738,1,1037583300,'Lina María','Agudelo Aristizabal','Auxiliar Administrativa','linam.agudelo@medellin.gov.co','3857428','','Mascerca Belén',1,3,NULL,'2015-05-15 10:47:14','2015-07-13 14:08:40',15),(739,1,43584118,'Liliana María','Velásquez Villa','Coordinadora','lilina29@hotmail.com','3128341411','3128341411','Institución Educativa Maestro Pedro Nel Gómez',1,3,NULL,'2015-05-19 07:30:53','2015-07-13 14:08:40',42),(740,1,8470376,'Osías ','Velásquez','Rector','gacerovo@hotmail.com','291 1707','','Institucion Educativa Enrique Olaya Herrera',2,2,NULL,'2015-05-19 11:42:49','2015-07-13 14:08:40',10),(741,1,43263525,'Alexandra','Alvarez','Profesional Gestora Espacios EPM','alexandra.alvarez@fundacionepm.org.co','5227799','3105912962','UVA Moscu La Esperanza',1,2,NULL,'2015-05-21 08:51:11','2015-07-13 14:08:40',10),(742,1,43912665,'Ilsa ','Avellaneda','Docente De Artistica','islag2004@gmail.com','5843321','3127182750','IE Barrio Santa Cruz',1,3,NULL,'2015-05-21 09:49:16','2015-07-13 14:08:40',21),(743,1,1017166092,'Nancy ','Mejía Loaiza','Dinamizadora','telecentroelsalvador@gmail.com','2174252','3218890933','Telecentro Los Mangos',1,3,NULL,'2015-05-21 09:58:19','2015-07-13 14:08:40',40),(744,1,1017141717,'Alejandra ','Mejía Montes','Instructora TIC','telecentroelsalvador@gmail.com','2174252','3136102646','Telecentro Los Mangos',1,3,NULL,'2015-05-21 10:00:13','2015-07-13 14:08:40',40),(745,1,7052,'Liliana','Wilches','Coordinadora Centro De Salud','coordinacionsantodomingo@metrosalud.gov.co','5292833','3004821880','Metrosalud',1,3,NULL,'2015-05-23 11:16:22','2015-07-13 14:08:40',21),(746,1,10366624864,'Andres Felipe ','Guerrero Henao','Administrador Vive Digital','andres.guerrero@compuredes.com.co','3113955330','3113955330','Punto Vive Digital- Cedezo',2,2,NULL,'2015-05-25 07:58:14','2015-07-13 14:08:40',23),(747,1,22023693,'Beatriz Helena','Jimenez Henao','Rectora','ie.santamaragarita@medellin.gov.co','427 1046','427 1046','I.E Santa Margarita',1,2,NULL,'2015-05-25 08:13:51','2015-07-13 14:08:40',23),(748,1,43362777,'Janneth','Londoño','Coordinadora Unidad 5o Y 6o','inemacademica@une.net.co','2663643','3004111152','INEM José Félix De Restrepo',1,4,NULL,'2015-05-25 14:37:53','2015-07-13 14:08:40',38),(749,1,91513998,'Juan Pablo ','Prada Jones','Líder Tecnología','tecnologia@colmayor.edu.co','4445611 ext. 177, 178','4445611 ext. 177, 178','Colegio Mayor De Antioquia',2,2,NULL,'2015-05-25 15:00:32','2015-07-13 14:08:40',23),(750,1,1128481286,'Edison Estiven ','Gonzalez Berrio','Sin cargo','yerry92@hotmail.com','3116072665','','Punto de Atención CEDEZO Altavista',2,2,NULL,'2015-05-28 10:16:39','2015-07-13 14:08:40',43),(751,1,71635420,'Jesús María ','Cano Muñoz ','Sin cargo','joyasjesuscano2@hotmail.com','3106952097','','Punto de Atención CEDEZO Altavista',2,2,NULL,'2015-05-28 10:19:37','2015-07-13 14:08:40',43),(752,1,1152441699,'David ','Cano Romero','Sin cargo','davocano21@hotmail.com','3147229397','','Punto de Atención CEDEZO Altavista',1,2,NULL,'2015-05-28 10:21:36','2015-07-13 14:08:40',43),(753,1,1040748218,'Sara Juliana ','Cano Romero ','Sin cargo','saris9416@hotmail.com','3128798456','','Punto de Atención CEDEZO Altavista',1,2,NULL,'2015-05-28 10:25:06','2015-07-13 14:08:40',43),(754,1,32537774,'Margarita ','Restrepo ','Sin cargo','carmenrpo21@hotmail.com','3192102494','','Punto de Atención CEDEZO Altavista',1,2,NULL,'2015-05-28 10:28:57','2015-07-13 14:08:40',43),(755,1,71773077,'John Rafael ','Ortiz ','Sin cargo','johny-75@hotmail.com','3225177624','','Punto de Atención CEDEZO Altavista',2,2,NULL,'2015-05-28 10:41:38','2015-07-13 14:08:40',43),(756,1,42885454,'Marcela ','Morales','Coordinadora','mmorales@latinwmedi.co','3112825394','','Fundación AGRUPAN',1,3,NULL,'2015-05-28 19:01:39','2015-07-13 14:08:40',24),(757,1,16692498,'Rodrigo','Zuluaga','Coordinador','fundaciontaxisdelafelicidad@gmail.com','3005042638','','Fundación Taxis De La Felicidad',2,2,NULL,'2015-05-28 19:04:10','2015-07-13 14:08:40',24),(758,1,70906998,'Abelardo','García','Presidente','agrupan@hotmail.com','3154019706','','Fundación AGRUPAN',2,2,NULL,'2015-05-28 19:06:07','2015-07-13 14:08:40',24),(759,1,536,'Andrés Alonso','Carmona Echeverry','Coordinador','salesiano.andres@gmail.com','3156619357','','Centro De Atención Especializado-Ciudad Don Bosco',2,2,NULL,'2015-05-28 21:20:54','2015-07-13 14:08:40',24),(760,1,43550887,'Janeth ','Usuga Tamayo','Soporte Técnico','soporte12deoctubre@metrosalud.gov.co','4782800','3113878206','UPSS Doce De Octubre \"Luis Carlos Galán Sarmiento\"',1,2,NULL,'2015-05-28 22:14:33','2015-07-13 14:08:40',24),(761,1,70110083,'Luis Fernando','Ceballos Ochoa','Coordinador','admon12deoctubre@metrosalud.gov.co','4782800','3127966051','UPSS Doce De Octubre \"Luis Carlos Galán Sarmiento\"',2,4,NULL,'2015-05-28 22:16:21','2015-07-13 14:08:40',24),(762,1,43521874,'Olga Lucía','Guzmán Gil','Supervisora De Proyecto','olga.guzman@medellin.gov.co','3857151','','Por Mis Derechos',1,4,NULL,'2015-05-28 22:37:22','2015-07-13 14:08:40',40),(763,1,43832197,'Sandra Catalina','Tobon Calle','Coordinadora General','sandrac.tobon@medellin.gov.co','3858049','3148876491','Por Mis Derechos',1,4,NULL,'2015-05-28 22:41:16','2015-07-13 14:08:40',40),(764,1,98528668,'Wilson','Osorio Del Río','Coordinador De Educación','wilson.osorior@medellin.gov.co','3858049','3014000737','Por Mis Derechos',2,4,NULL,'2015-05-28 22:44:25','2015-07-13 14:08:40',40),(765,1,3414046,'Jhon Mario ','Castaño','Coordinador (E)','iedeboraarango@gmail.com','3433654','3007334475','Institución Educativa Débora Arango',2,4,'1981-02-07','2015-05-29 07:47:17','2015-07-13 14:08:40',43),(766,1,39176098,'Tatiana','Muñoz Castillo ','Docente Tecnología','tatif6@gmail.com','3411386','3168859538','Institución Educativa Débora Arango',1,2,'1983-09-18','2015-05-29 07:54:39','2015-07-13 14:08:40',43),(767,1,98487794,'Joaquin ','Bustamante','Gestor Administrativo','complejoacuatico.udag@inder.gov.co','4360841','','Complejo Acuatico',2,4,NULL,'2015-05-29 10:19:03','2015-07-13 14:08:40',10),(768,1,32019433,'Miriam ','Velásquez','Coordinadora Académica','coordinacion.santamargarita@gmail.com','3006157974','3006157974','I.E Santa Margarita',1,2,NULL,'2015-05-29 10:49:18','2015-07-13 14:08:40',23),(769,1,98451718,'Jairo Alonso','Escobar Velásquez','Subdirector Administrativo Y Financiero','jairo.escobar@culturantioquia.gov.co','3209780 Ext. 2 ','3206661063','Instituto De Cultura Y Patrimonio De Antioquia',2,4,NULL,'2015-05-29 11:14:32','2015-07-13 14:08:40',40),(770,1,1152437573,'Isabel Cristina','Vélez Romero','Profesional Universitaria De Bienes','cristina.velez@culturantioquia.gov.co','320 97 80 Ext. 110 ','3137074131','Instituto De Cultura Y Patrimonio De Antioquia',1,4,NULL,'2015-05-29 11:18:20','2015-07-13 14:08:40',40),(771,1,98559841,'Jair Gonzalo','Taborda','Profesional Universitario De Lectura Y Biblioteca','jair.taborda@culturantioquia.gov.co','320 97 80 Ext. 135 ','3136105929','Instituto De Cultura Y Patrimonio De Antioquia',2,4,NULL,'2015-05-29 11:20:18','2015-07-13 14:08:40',40),(772,1,43599388,'Efigenia ','Preciado Montoya','Docente','fifipre@yahoo.com.ar','2739576','','IE Jose Asunción Silva',1,3,NULL,'2015-05-29 12:01:57','2015-07-13 14:08:40',42),(773,1,43208675,'Claudia Cecilia','López','Docente','claudialopez51@yahoo.com','4348749','','IE Fe Y Alegria Villa De La Candelaria',1,3,'2015-10-02','2015-05-29 12:06:29','2015-07-13 14:08:40',42),(774,1,2010,'Leonardo ','Jimenez','Coordinador','info@ciudadcomuna.com','317699673','317699673','Ciudad Comuna',2,3,NULL,'2015-05-29 12:20:13','2015-07-13 14:08:40',17),(775,1,8153404,'Sergio ','Patiño Guerra','Técnico Operativo','sergio.patino@metrosalud.gov.co','5167260','3117831806','Upss Hermenegildo De Fex (Metrosalud)',2,2,NULL,'2015-05-29 15:48:13','2015-07-13 14:08:40',41),(776,1,2011,'Paola Andrea','Arteaga Gómez','Docente Prácticas','paoarteagag.cefa@gmail.com','320 7259155','320 7259155','CEFA',1,3,NULL,'2015-05-29 16:19:21','2015-07-13 14:08:40',17),(777,1,79506304,'Diego Mauricio','Maya','Líder De Proyecto','diego.maya@medellin.gov.co','3832864','3122867465','Casa De Integración Afrodscendiente',2,3,NULL,'2015-05-29 16:26:53','2015-07-13 14:08:40',17),(778,1,39178889,'Luisa Fernanda','Agudelo Cossio','Gestora Fomento De Lectura','lectura.ladera@bibliotecasmedellin.gov.co','3857538','3217268829','Biblioteca León De Greiff',1,3,NULL,'2015-05-30 17:24:04','2015-07-13 14:08:40',20),(779,1,21853090,'Maria Alelis','Monsalve','Profesora Informatica','arelism108@hotmail.com','3137092520','3137092520','I.E Fe Y Alegría La Cima',1,3,NULL,'2015-06-01 11:09:06','2015-07-13 14:08:40',41),(780,1,1001849500,'LADYS YULIETH','MARULANDA URIBE','Estudiante','','2345455','','Centro de Atención Especializado Ciudad Don Bosco',1,3,'1997-05-11','2015-06-02 10:27:00','2015-07-13 14:08:40',24),(781,1,97022420198,'SULEIMA','MEDINA PEREZ','Estudiante','','2345455','','Centro de Atención Especializado',1,3,'1997-02-24','2015-06-02 10:56:15','2015-07-13 14:08:40',24),(782,1,1146441120,'LUZ NAYELSI','MORA BONILLA','Estudiante','','2345455','','Centro de Atención Especializado',1,3,'1997-03-19','2015-06-02 10:58:16','2015-07-13 14:08:40',24),(783,1,1003889178,'JOSE HENRY','MOSQUERA MORENO','Estudiante','','2345455','','Centro de Atención Especializado',2,3,'1996-10-20','2015-06-02 11:01:25','2015-07-13 14:08:40',24),(784,1,1006842345,'DEYVER YEFFERSON ','OCOGUAJE CONDO ','Estudiante','','2345455','','Centro de Atención Especializado',2,3,'1996-06-16','2015-06-02 11:04:03','2015-07-13 14:08:40',24),(785,1,1077175270,'SILBANIO ','OLEA IBAMIA','Estudiante','','2345455','','Centro de Atención Especializado',2,3,'1997-03-04','2015-06-02 11:08:00','2015-07-13 14:08:40',24),(786,1,1102870194,'JORGE MANUEL','ORTEGA MEJIA','Estudiante','','2345455','','Centro de Atención Especializado',2,3,'1997-05-15','2015-06-02 11:09:47','2015-07-13 14:08:40',24),(787,1,1001637486,' MADYURI','PATIÑO FLOREZ ','Estudiante','','2345455','','Centro de Atención Especializado',1,3,'1996-10-08','2015-06-02 11:11:33','2015-07-13 14:08:40',24),(788,1,1147686089,'WILSON','PEREA MOSQUERA','Estudiante','','2345455','','Centro de Atención Especializado',2,3,'1999-08-30','2015-06-02 11:13:58','2015-07-13 14:08:40',24),(789,1,1002919812,'INGRID PAOLA','PLAZA PEÑAFIEL','Estudiante','','2345455','','Centro de Atención Especializada',1,3,'1996-05-19','2015-06-02 11:15:31','2015-07-13 14:08:40',24),(790,1,1006159388,'YEFERSON','PORTILLA CARVAJAL','Estudiante','','2345455','','Centro de Atención Especializado',2,3,'1997-03-08','2015-06-02 11:17:12','2015-07-13 14:08:40',24),(791,1,250128,' YEIMI TATIANA','RAMIREZ BARBARAN','Estudiante','','2345455','','Centro de Atención Especializado ',1,3,'2000-02-04','2015-06-02 11:23:27','2015-07-13 14:08:40',24),(792,1,1107092131,'GILDARDO ALEXIS ','RAMOS BENAVIDES','Estudiante','','2345455','','Centro de Atención Especializado',2,3,'1995-09-14','2015-06-02 11:25:43','2015-07-13 14:08:40',24),(793,1,1004903577,' YAZMIN','RANGEL RODRIGUEZ','Estudiante','','2345455','','Centro de Atención Especializado',1,3,'1998-03-05','2015-06-02 11:27:07','2015-07-13 14:08:40',24),(794,1,1092177107,'NORBEY ANDERSON','RODRÍGUEZ RANGEL ','Estudiante','','2345455','','Centro de Atención Especializado',2,3,'1998-07-08','2015-06-02 11:34:06','2015-07-13 14:08:40',24),(795,1,97081616047,'JOSÉ DANILO','ROJAS PRIETO','Estudiante','','2345455','','Centro de Atención Especializado',2,3,'1997-08-16','2015-06-02 11:35:31','2015-07-13 14:08:40',24),(796,1,1006981575,'BORIS ARISTIDEZ','ROMERO LOPEZ','Estudiante','','2345455','','Centro de Atención Especializado',2,3,'1997-11-26','2015-06-02 11:37:01','2015-07-13 14:08:40',24),(797,1,1193233802,'LUIS STIVEN','SANCHEZ ASPRILLA ','Estudiante','','2345455','','Centro de Atención Especializado',2,3,'1997-09-02','2015-06-02 11:45:20','2015-07-13 14:08:40',24),(798,1,1089509083,'OSCAR DE JESUS','SEVILLANO QUIÑONES ','Estudiante','','2345455','','Centro de Atención Especializado',2,3,'1997-09-10','2015-06-02 11:49:57','2015-07-13 14:08:40',24),(799,1,1033426463,'JERLINTON HERLIDES ','TUBERQUIA CARRILLO','Estudiante','','2345455','','Centro de Atención Especializado',2,3,'1999-02-20','2015-06-02 11:51:50','2015-07-13 14:08:40',24),(800,1,97092618360,'ANDERSON','VARGAS GARAVITO ','Estudiante','','2345455','','Centro de Atención Especializado',2,3,'1997-09-26','2015-06-02 11:55:07','2015-07-13 14:08:40',24),(801,1,1006506434,'MAURICIO ','VERU MORENO','Estudiante','','2345455','','Centro de Atención Especializado',2,3,'1998-01-13','2015-06-02 11:56:46','2015-07-13 14:08:40',24),(802,1,43836078,'Sugelly Andrea','Pinzón','Administradora Lavadero de Autos','suan327@hotmail.com','2359193','','Cedezo Guayabal',1,3,NULL,'2015-06-03 12:10:10','2015-07-13 14:08:40',38),(803,1,70517388,'Martín','Forero','Comerciante','martinforero91@gmail.com','3192333650','','Cedezo Guayabal',2,3,NULL,'2015-06-03 12:13:43','2015-07-13 14:08:40',38),(804,1,98621626,'Alberny','Présiga','Ventas','apresiga74@hotmail.com','5871358','','Cedezo Guayabal',2,3,NULL,'2015-06-03 12:23:58','2015-07-13 14:08:40',38),(805,1,424014,'Scarlett','Herrera','Ventas Hogar','snhi@hotmail.com','5780230','','Cedezo Guayabal',1,5,NULL,'2015-06-03 12:26:15','2015-07-13 14:08:40',38),(806,1,43989638,'Ana María','Calle','Diseñadora Gráfica','lagrafica2013@hotmail.com','4442842','','Cedezo Guayabal',1,3,NULL,'2015-06-03 12:31:50','2015-07-13 14:08:40',38),(807,1,42776413,'Luz Amparo','Cárdenas','Comunicadora','presencia15periodico@gmail.com','3007485443','','Cedezo Guayabal',1,3,NULL,'2015-06-03 12:35:43','2015-07-13 14:08:40',38),(808,1,43551108,'Sandra Patricia','Rojas','Contadora','srojasturismo@gmail.com','3146820190','','Cedezo Guayabal',1,5,NULL,'2015-06-03 12:38:42','2015-07-13 14:08:40',38),(809,1,21938312,'Nora','Villa Yarce','Administradora','noravy@gmail.com','3155469582','','Cedezo Guayabal',1,4,NULL,'2015-06-03 12:41:28','2015-07-13 14:08:40',38),(810,1,79575886,'Andrés','Carranza','Diseñador','dkncreativos@gmail.com','3194737839','','Cedezo Guayabal',2,4,NULL,'2015-06-03 12:51:47','2015-07-13 14:08:40',38),(811,1,21953935,'Diana','Román','Contadora','d.mariadelsur@gmail.com','3715514','','Cedezo Guayabal',1,4,NULL,'2015-06-03 12:54:13','2015-07-13 14:08:40',38),(812,1,1037637083,'Sebastian ','Vanegas Uribe','Estudiantes','sebascamilo_150@hotmail.com','3116199125','3116199125','Institución Universitaria Pascual Bravo',2,3,NULL,'2015-06-03 14:07:15','2015-07-13 14:08:40',38),(813,1,43029338,'Flor María','Tamayo','Ama de casa','','4964345','','Biblioteca Comfenalco El Salado',1,2,NULL,'2015-06-03 14:55:40','2015-07-13 14:08:40',38),(814,1,21993477,'Luz Marina','Posada','Ama de Casa','','2535475','','Biblioteca Comfenalco El Salado',1,2,NULL,'2015-06-03 15:22:40','2015-07-13 14:08:40',38),(815,1,1017172075,'Yuliana Andrea','Alvarez','Ama de casa','','4911304','','Biblioteca Comfenalco El Salado',1,2,NULL,'2015-06-03 15:26:42','2015-07-13 14:08:40',38),(816,1,52407500,'Angela','Yarce','Ama de casa','','4924843','','Biblioteca Comfenalco El salado',1,2,NULL,'2015-06-03 15:28:48','2015-07-13 14:08:40',38),(817,1,54255098,'Onny María','Ortíz','Ama de casa','','3128214821','','Biblioteca Comfenalco El Salado',1,2,NULL,'2015-06-03 15:33:04','2015-07-13 14:08:40',38),(818,1,1007338900,'Lucely','Guerrero','Ama de Casa','','3215838072','','Biblioteca Comfenalco El salado',1,1,NULL,'2015-06-03 15:37:26','2015-07-13 14:08:40',38),(819,1,43751119,'Martha Lucía ','Galeano','Docente De Apoyo','lugagaca@gmail.com','3014034794','3014034794','IE Mariscal Robledo',1,3,'2015-11-30','2015-06-03 18:22:30','2015-07-13 14:08:40',42),(820,1,43004374,'Doris Elena ','Velásquez','Confeccionista','doris1759@hotmail.com','4746011','','ninguna',1,2,NULL,'2015-06-04 14:22:38','2015-07-13 14:08:40',42),(821,1,42998565,'Angela María','Estrada','Ama de Casa','angelaestrada0511@hotmail.com','2545011','','ninguna',1,2,NULL,'2015-06-04 14:24:37','2015-07-13 14:08:40',42),(822,1,1020473036,'Cristian ','Torres Usma','Gestor TIC','criztian01@hotmail.es','3116199125','3116199125','Pascual Bravo',2,2,'1995-11-20','2015-06-04 14:34:01','2015-07-13 14:08:40',42),(823,1,35893932,'Elisa ','Campaña','ama de casa','auraelisaa@hotmail.com','0000000','','ninguna',1,2,NULL,'2015-06-04 14:56:46','2015-07-13 14:08:40',42),(824,1,43608882,'Yudy ','Gil','ama de casa','yudy.0601@hotmail.com','2641693','','ninguna',1,2,NULL,'2015-06-04 14:58:37','2015-07-13 14:08:40',42),(825,1,42935843,'Maria Ruth','Bravo','ama de casa','m-ruth26@hotmail.com','2348223','','ninguna',1,2,NULL,'2015-06-04 15:00:34','2015-07-13 14:08:40',42),(826,1,32537487,'Olivia','Uribe','ama de casa','oliviauribe110@gmail.com','4224810','','ninguna',1,2,NULL,'2015-06-04 15:02:30','2015-07-13 14:08:40',42),(827,1,43427187,'Blanca ','Torres','ama de casa','blanca-ets@hotmail.com','2644715','','ninguno',1,2,NULL,'2015-06-04 15:05:12','2015-07-13 14:08:40',42),(828,1,43027210,'Luz Mary','Uribe','ama de casa','luzmaryuribevasquez@hotmail.com','2649762','','ninguna',1,2,NULL,'2015-06-04 15:07:25','2015-07-13 14:08:40',42),(829,1,43604926,'Gloria Patricia','Chavarría ','ama de casa ','patricia1569@hotmail.com','4372088','','ninguna',1,2,NULL,'2015-06-04 15:09:46','2015-07-13 14:08:40',42),(830,1,43040547,'Beatriz Eugenia ','Muñoz','confeccionista','beatriz-0826@hotmail.com','00000000','','ninguna',1,2,NULL,'2015-06-04 15:12:18','2015-07-13 14:08:40',42),(831,1,43425933,'Maria Eloisa','Calderón','ama de casa','elocalince@hotmail.com','5851271','','ninguna',1,2,NULL,'2015-06-04 15:13:41','2015-07-13 14:08:40',42),(832,1,1128278737,'Edwin Alexander','Monsalve Vélez','Gestor TIC','edwinmedellin2006@hotmail.com','3423883','3003516077','Universidad De Medellín',2,2,NULL,'2015-06-05 10:19:02','2015-07-13 14:08:40',35),(833,1,1017238514,'Carolina','Moreno Ardila','Estudiante','kro-621@hotmail.com','3003389298','','Pascual Bravo',1,3,NULL,'2015-06-05 10:22:15','2015-07-13 14:08:40',35),(834,1,42865351,'María Eugenia','Restrepo Zapata','Ama de Casa','marumisionera@hotmail.com','2659474','3008582786','Club de vida',1,4,'1955-07-01','2015-06-05 10:26:56','2015-07-13 14:08:40',15),(835,1,97111502491,'YENIFFER ','ZAMBRANO RAMIREZ','Estudiante','','2345455','','Centro de Atención Especializado',1,3,'1997-11-15','2015-06-05 15:30:23','2015-07-13 14:08:40',24),(836,1,97112703016,'INGRID LEONELA','ACOSTA HENAO ','Estudiante','','2345455','','Centro de Atención Especializada',1,3,'1997-11-27','2015-06-05 15:32:27','2015-07-13 14:08:40',24),(837,1,1006408341,'WILSON ANTONIO','ALBARRACIN ALVAREZ','Estudiante','','2345455','','Centro de Atención Especializada',2,3,'1998-03-09','2015-06-05 15:34:09','2015-07-13 14:08:40',24),(838,1,1050542321,'YESMÍN ADRIANA ','ÁLVAREZ GARCÍA','Estudiante','','2345455','','Estudiante',1,3,'2000-04-17','2015-06-05 15:36:57','2015-07-13 14:08:40',24),(839,1,1087825756,' DUVAN  ','ANGULO PRECIADO','Estudiante','','2345455','','Centro de Atención Especializada',1,3,NULL,'2015-06-05 15:38:17','2015-07-13 14:08:40',24),(840,1,97062118621,'YEFERSON YORNEY','ASCUE ACHICUE','Estudiante','','2345455','','Centro de Atención Especializada',2,3,'1997-06-21','2015-06-05 15:39:41','2015-07-13 14:08:40',24),(841,1,98032172164,'MIGUEL ANGEL','AYALA SANCHEZ ','Estudiante','','2345455','','Centro de Atención Especializada',2,3,'1998-03-21','2015-06-05 15:41:21','2015-07-13 14:08:40',24),(842,1,1010065235,'ANDREA DANIELA','BALLEN RAMIREZ','Estudiante','','2345455','','Centro de Atención Especializada',1,3,'1997-12-23','2015-06-05 15:43:59','2015-07-13 14:08:40',24),(843,1,1128281619,'Daniela ','Maury Pineda','Técnico En Cultura Digital','danielamaury04@hotmail.com','3128793398','3128793398','Biblioteca Fernando Gómez Martínez',1,2,NULL,'2015-06-05 16:11:16','2015-07-13 14:08:40',23),(844,1,1001683621,'YOIBER ENRIQUE','BELTRAN CARRILLO','Estudiante','','2345455','','Centro de Atención Especializada',2,3,'1997-12-29','2015-06-05 16:31:57','2015-07-13 14:08:40',24),(853,1,10878026630,'JHON EDISON ','BIOJO QUIÑONES','Estudiante','','2345455','','Centro de Atención Especializado',2,3,'2000-10-04','2015-06-05 17:00:07','2015-07-13 14:08:40',24),(854,1,97081323724,'EDGAR ALEXANDER ','CABEZAS QUIÑONES','Estudiante','','2345455','','Centro de Atención Especializado',2,3,'1997-08-13','2015-06-05 17:01:26','2015-07-13 14:08:40',24),(855,1,1133606616,'ELIANA','CABRERA CAIZAMO ','Estudiante','','2345455','','Centro de Atención Especializado',1,3,'1998-12-31','2015-06-05 17:02:59','2015-07-13 14:08:40',24),(856,1,1006484440,'BRAYAN STIVEN ','CARDOZO RUIZ','Estudiante','','2345455','','Centro de Atención Especializado',2,3,'1999-02-28','2015-06-05 17:04:19','2015-07-13 14:08:40',24),(857,1,97110402845,'BRAYAN ADOLFO','CARRILLO BASABE','Estudiante','','2345455','','Centro de Atención Especializado',2,3,'1997-11-04','2015-06-05 17:06:40','2015-07-13 14:08:40',24),(858,1,1146439954,'SIRLEY YULIANA ','CARVAJAL NARANJO','Estudiante','','2345455','','Centro de Atención Especializado',1,3,'1996-03-22','2015-06-05 17:07:52','2015-07-13 14:08:40',24),(859,1,1015194683,'LUIS FERNANDO','CHANAPI PEDROZA ','Estudiante','','2345455','','Centro de Atención Especializado',2,3,'1997-02-05','2015-06-05 17:09:41','2015-07-13 14:08:40',24),(860,1,1010049559,'FREIMAN ANDRÉS','CHICA BONILLA','Estudiante','','2345455','','Centro de Atención Especializado',2,3,'1999-01-07','2015-06-05 17:10:49','2015-07-13 14:08:40',24),(861,1,1003402507,'KATY LILIANA','CORPO MEJIA','Estudiante','','2345455','','Centro de Atención Especializado',1,3,'1999-11-15','2015-06-05 17:12:06','2015-07-13 14:08:40',24),(862,1,1146441041,'FLOR RAQUEL','CRIOLLO YELA','Estudiante','','2345455','','Centro de Atención Especializado',1,3,'1997-02-19','2015-06-05 17:13:10','2015-07-13 14:08:40',24),(863,1,1007343687,' JEFERSON STIFE','DAZA NOSA','Estudiante','','2345455','','Centro de Atención Especializado',2,3,'1998-06-20','2015-06-05 17:18:59','2015-07-13 14:08:40',24),(864,1,97080910286,'JESUS DAVID','DELGADO JEREZ ','Estudiante','','2345455','','Centro de Atención Especializado',2,3,'1997-08-07','2015-06-05 17:20:24','2015-07-13 14:08:40',24),(865,1,97110207402,'YESID ANTONIO ','ELORZA ISAZA ','Estudiante','','2345455','','Centro de Atención Especializado',2,3,'1997-02-11','2015-06-05 17:22:06','2015-07-13 14:08:40',24),(866,1,97041808628,'EFREN DE JESUS ','ESPINOSA GOEZ ','Estudiante','','2345455','','Centro de Atención Especializado',2,3,'1997-04-18','2015-06-05 17:27:16','2015-07-13 14:08:40',24),(867,1,1152215106,'MARIANA ','FAJARDO PATIÑO ','Estudiante','','2345455','','Centro de Atención Especializado',1,3,'1996-07-21','2015-06-05 17:29:12','2015-07-13 14:08:40',24),(868,1,39162229,'Amparo','Marín Franco','Pensionada','','2386240','3004848665','Club de vida',1,2,'1949-07-28','2015-06-09 12:01:06','2015-07-13 14:08:40',15),(869,1,21271756,'Martha Isabel','Londoño Veléz','Ama de casa','','2561471','','Club de vida',1,3,'1933-09-01','2015-06-09 13:27:44','2015-07-13 14:08:40',15),(870,1,32484807,'María Fabiola','Gaviria Piedrahita','Ama de Casa','','3417851','3162552854','Ama de Casa',1,3,'1952-04-15','2015-06-09 13:32:38','2015-07-13 14:08:40',15),(871,1,43426250,'Luz Amparo','Álvarez Lopera','Ama de casa','','2564178','3128204300','Ama de Casa',1,3,'1963-04-19','2015-06-09 14:06:35','2015-07-13 14:08:40',15),(872,1,22147061,'María Esther ','Muñoz de Arboleda','Pensionada','','2383921','','Club de vida',1,3,NULL,'2015-06-09 14:30:54','2015-07-13 14:08:40',15),(873,1,70061218,'Luis Ángel ','Vargas Ramírez ','Pensionado','luisangelvargas14@hotmail.com','3410919','3003099274','Club de vida',2,4,'1954-02-14','2015-06-09 14:37:15','2015-07-13 14:08:40',15),(874,1,70038269,'Jorge Mario','Pérez Pérez','Independiente','','2560636','3117070152','Club de vida',2,3,'1952-08-27','2015-06-09 14:40:08','2015-07-13 14:08:40',15),(875,1,42977522,'María Debis ','Estrada Acosta','Pensionada','','2568162','3122454722','Club de vida',1,3,NULL,'2015-06-09 14:42:29','2015-07-13 14:08:40',15),(876,1,42983621,'María Teresa ','Marín Castaño','Ama de casa','','5800587','3148059131','Club de vida',1,3,'1956-09-13','2015-06-09 14:44:15','2015-07-13 14:08:40',15),(877,1,32413387,'Amparo','Acosta de Giraldo','Ama de casa','','6032109','','Club de vida',1,4,NULL,'2015-06-09 14:46:08','2015-07-13 14:08:40',15),(878,1,32302882,'Luz Marina','Pelaéz Uribe','Pensionada','luz.marinacabrera@yahoo.com','4188626','3148617798','Club de vida',1,4,'1948-12-28','2015-06-09 14:48:58','2015-07-13 14:08:40',15),(879,1,21353347,'Amparo ','Henao de Gil','Ama de casa','','3434528','3004908622','Club de vida',1,3,'1938-11-29','2015-06-09 14:51:22','2015-07-13 14:08:40',15),(880,1,43842841,'Alexandra Maía','Giraldo','Ama de casa','alexandragili23@hotmail.com','3066115','','Ninguna',1,2,NULL,'2015-06-09 16:02:26','2015-07-13 14:08:40',15),(881,1,1037577329,'Oriana Catalina','Zapata Ochoa','Gestora Cultura Digital','oriana.zapata@mdeinteligente.co','4444963','3207856363','Medellín Ciudad Inteligente',1,3,'1986-11-29','2015-06-10 10:49:36','2015-07-13 14:08:40',35),(882,1,71609894,'Carlos Mario','Vélez Gallo','Estudiante','','2520312','','Fundación Alma Y Vida',2,2,NULL,'2015-06-10 11:23:46','2015-07-13 14:08:40',38),(883,1,1152193956,'David','García Hincapié','Estudiante','','4913478','','Fundación Alma y Vida',2,2,NULL,'2015-06-10 11:29:16','2015-07-13 14:08:40',38),(884,1,71364643,'Ovidio','Quiroz Cardona','Estudiante','ovidioquirosc@hotmail.com','2912467','','Ninguna',2,4,NULL,'2015-06-10 11:33:56','2015-07-13 14:08:40',17),(885,1,1152205570,'Ismelda','Galvis Galvis','Estudiante','','3217672450','','Fundación Alma y Vida',1,2,NULL,'2015-06-10 11:34:41','2015-07-13 14:08:40',38),(886,1,1128414929,'Jasmin Alejandra ','Henao Saldarriaga','Estudiante','','4922050','','Fundación Alma y Vida',1,2,NULL,'2015-06-10 11:38:41','2015-07-13 14:08:40',38),(887,1,71379217,'Juan David ','Madrid Gutierrez','Estudiante','','5820011','','Fundación Alma y Vida',2,2,NULL,'2015-06-10 11:47:00','2015-07-13 14:08:40',38),(888,1,1128414632,'Juan David ','Ortiz López','Estudiante','','4927341','','Fundación Alma y Vida',2,2,NULL,'2015-06-10 11:51:57','2015-07-13 14:08:40',38),(889,1,1152188346,'Leidy Marcela ','Cardenas','Estudiante','','4903459','','Fundación Alma y Vida',1,2,NULL,'2015-06-10 12:02:08','2015-07-13 14:08:40',38),(890,1,42897512,'Luz Estella ','Castañeda Betancur','Estudiante','','5864710','','Fundación Alma y Vida',1,2,NULL,'2015-06-10 12:13:19','2015-07-13 14:08:40',38),(894,1,1020451396,'Jhon Henry','Londoño','Estudiante','','310377430','310377430','Fundacion Alma y Vida',2,2,NULL,'2015-06-10 13:31:25','2015-07-13 14:08:40',12),(895,1,34327891,'Marlon Andrés','Torres','Estudiantes','','4929003','','Fundación Alma y Vida',2,2,NULL,'2015-06-10 13:43:11','2015-07-13 14:08:40',38),(896,1,8286009,'Oscar','Mira','Pensionado','racsomira@gmail.com','3113193109','3113193109','Ninguna',2,4,NULL,'2015-06-10 14:10:42','2015-07-13 14:08:40',17),(897,1,1035424288,'Liseth','Montoya Estrada','Empleada','lisseth2037@hotmail.com','2910165','','Ninguna',1,3,NULL,'2015-06-10 14:15:30','2015-07-13 14:08:40',17),(898,1,24951663,'Rubiela','Tabarquino León','Ama de casa','rubie.leon@gmail.com','3155266616','3155266616','Ninguna',1,3,NULL,'2015-06-10 14:19:41','2015-07-13 14:08:40',17),(899,1,43894651,'Deidys','Rincón','Ama de casa','deidys13@hotmail.com','3136612937','3136612937','Ninguna',1,3,NULL,'2015-06-10 14:33:22','2015-07-13 14:08:40',17),(900,1,559499,'Juan Pablo ','Campo','Director','','3008276127','3008276127','Parque Biblioteca Fernando Botero',2,2,NULL,'2015-06-10 14:38:02','2015-07-13 14:08:40',23),(901,1,22147464,'Bertha Oliva','Valbuena','Empleada doméstica / Líder Comunitaria','','4231407','3126936133','Ninguno',1,2,NULL,'2015-06-10 14:57:05','2015-07-13 14:08:40',17),(902,1,1234567890,'Gabriel Jaime','Ospina Villegas','Presidente JAL ','','3414638','3148033749','JAL Comuna 16',2,3,NULL,'2015-06-11 08:56:05','2015-07-13 14:08:40',15),(903,1,70119265,'Jesus Alberto','Rodríguez','Empleado','','3149601406','3149601406','Ninguna',2,3,NULL,'2015-06-11 09:44:07','2015-07-13 14:08:40',17),(904,1,43099041,'Maria Isabel','Pantoja Guzmán','Independiente','mipantojaguzman@yahoo.es','3218172263','3218172263','Ninguna',2,3,NULL,'2015-06-11 09:46:29','2015-07-13 14:08:40',17),(905,1,32446430,'Amparo','Castrillón','Ama de casa','amparitocastrillon123@hotmail.com','2548066','','Ninguna',1,3,NULL,'2015-06-11 09:48:47','2015-07-13 14:08:40',17),(906,1,999,'Ricardo','Córdoba Quejada','Oficios Varios','','3136082344','3136082344','Ninguna',2,2,NULL,'2015-06-11 10:05:59','2015-07-13 14:08:40',17),(907,1,30515664,'Jacoba','Guerrero','Ama de Casa','','3143143930','3143143930','Ninguna',1,1,NULL,'2015-06-11 10:08:38','2015-07-13 14:08:40',17),(908,1,1066518740,'Caterine ','Pertuz Ochoa','Ama de casa','','3146300564','3146300564','Ninguna',1,2,NULL,'2015-06-11 10:12:47','2015-07-13 14:08:40',17),(909,1,777,'Maria Isabel','Zabaleta','Estudiante','','3146300564','3146300564','Ninguna',1,2,NULL,'2015-06-11 10:17:44','2015-07-13 14:08:40',17),(910,1,1038435549,'Lina','Espejo','Ama de casa','','3147105850','3147105850','Ninguna',1,1,NULL,'2015-06-11 10:20:55','2015-07-13 14:08:40',17),(911,1,50641409,'Dina Luz','Noriega','Ama de casa','norimar2008@gmail.com','3135948696','3135948696','Ninguna',1,1,NULL,'2015-06-11 10:23:23','2015-07-13 14:08:40',17),(912,1,3419334,'Jesús Amín ','Machado','Oficios Varios','','3105023243','3105023243','Ninguna',2,1,NULL,'2015-06-11 10:51:06','2015-07-13 14:08:40',17),(913,1,1146430477,'Marinella ','Giraldo','Estudiante','marinellagiraldo@hotMail.coM','3147208932','3147208932','Ninguna',1,1,NULL,'2015-06-11 11:08:15','2015-07-13 14:08:40',17),(914,1,47428517,'Darnelly','Mandivelso','Ama de cassa','','4234238','','Ninguna',1,2,NULL,'2015-06-11 11:17:33','2015-07-13 14:08:40',17),(915,1,43381077,'María Nidia','Murillo','Ama de casa','','000','','Ninguna',1,1,NULL,'2015-06-11 11:19:24','2015-07-13 14:08:40',17),(924,1,43985423,'Yenny Paola ','Sanchez Jaramillo','Estudiante','','4969331','','Fundación Alma y Vida',2,2,NULL,'2015-06-11 12:01:08','2015-07-13 14:08:40',38),(925,1,1017131319,'Yulieth Yohana ','Alvarez Gómez','Estudiante','','4969331','','Fundación Alma y Vida',1,2,NULL,'2015-06-11 12:06:19','2015-07-13 14:08:40',38),(931,1,47624,'Miguel Ángel','Deossa Castaño','Estudiante','','4922316','','Fundación Alma y Vida',2,2,NULL,'2015-06-11 13:44:32','2015-07-13 14:08:40',38),(932,1,32399349,'Luz Elena','Madrid','Lider Comunitaria','luzmadrid45@hotmail.com','2846717','3006932688','JAC Comuna 8, Los Mangos',1,2,NULL,'2015-06-12 15:51:29','2015-07-13 14:08:40',40),(933,1,115219395,'Robin Alejandro ','Piedrahita Ocampo','Estudiante','','2531285','','Fundación Alma y Vida',2,2,NULL,'2015-06-11 13:47:28','2015-07-13 14:08:40',38),(934,1,71336026,'Harold','Juliao','Formador Metro ','hjuliao@fundacionconcreto.org','3002902729','3002902729','Metro',2,2,NULL,'2015-06-12 07:56:23','2015-07-13 14:08:40',23),(935,1,1152211010,'Miguel Ángel','Pastás Lopera','Estudiante','mpastas@eafit.edu.co','2665216','3162968627','Universidad EAFIT',2,5,NULL,'2015-06-12 14:59:01','2015-07-13 14:08:40',38),(936,1,43467266,'Luz Amparo','Gómez Atehortúa','Emprendedora','','2859705','','Cedezo De Belén ',1,3,'1967-06-29','2015-06-22 14:52:53','2015-07-13 14:08:40',15),(937,1,21823987,'María Eugenia ','Castañeda Marín ','Emprendedora','mariacasta34@hotmail.com','3116454168','','Cedezo De Belén ',1,3,'1963-08-07','2015-06-22 14:50:00','2015-07-13 14:08:40',15),(938,1,9056419,'Gabriel ','Ramírez Villalba ','Emprendedor','oraldent@gmail.com','3104474770','','Cedezo De Belén ',2,4,'1950-02-28','2015-06-22 14:50:40','2015-07-13 14:08:40',15),(939,1,21300188,'Liria','Peláez Peláez ','Emprendedora','liriapelaez@hotmail.com','4113702','','Cedezo De Belén ',1,5,'1938-11-13','2015-06-22 15:10:14','2015-07-13 14:08:40',15),(940,1,8431335,'Juan Fernando','Jaramillo Giraldo','Técnico en Aprovisionamiento ','juanfernando2180@hotmail.com','2842235','','JAC Comuna 8, Los Mangos',2,2,NULL,'2015-06-12 15:49:03','2015-07-13 14:08:40',40),(941,1,51936824,'Alfanet ','Guiza Patiño','Emprendedora','alfanetgp@gmail.com','3417156','3212323385','Cedezo De Belén ',1,3,'1969-06-06','2015-06-22 14:42:08','2015-07-13 14:08:40',15),(942,1,71755935,'Henry Adolfo','Burgos Iral','Gestor Administrativo','henryburgos@fundacionbatuta.org','2843040','3162828937','JAC Comuna 8, Los Mangos',2,2,NULL,'2015-06-12 15:56:58','2015-07-13 14:08:40',40),(943,1,43089863,'Alba Lucía ','Londoño Atehortúa','Docente','albalucha@hotmail.com','2540025','3147417014','JAC Comuna 8, Los Mangos',1,2,NULL,'2015-06-12 16:00:11','2015-07-13 14:08:40',40),(944,1,6752958,'Eduardo ','Bautista Ortíz','Emprendedor','eduardobautista@gmail.com','4129794','','Cedezo De Belén ',2,5,'1951-09-24','2015-06-22 14:56:08','2015-07-13 14:08:40',15),(945,1,70093637,'Jafet David ','Ossa Velasquez ','Independiente ','davidossav@gmail.com','2264237','3103991793','Cedezo De Belén ',2,3,'1957-07-01','2015-06-22 15:10:39','2015-07-13 14:08:40',15),(946,1,43745817,'Sulma Astrid','Sánchez Giraldo','Directora Hogar Infantil ','astrid.0110@hotmail.com','2923771','3127644850','JAC Comuna 8, Los Mangos',1,2,NULL,'2015-06-12 16:14:01','2015-07-13 14:08:40',40),(947,1,32411131,'Olga De Jesús ','Vargas Gómez ','Ama De Casa ','','3470786','3137929595','Cedezo De Belén ',1,3,'1947-04-16','2015-06-22 14:38:28','2015-07-13 14:08:40',15),(948,1,71698332,'Rodrigo Antonio','Villa Higuita','Guarda de Seguridad','','2260037','3207040516','Telecentro Los Mangos',2,2,NULL,'2015-06-12 16:18:26','2015-07-13 14:08:40',40),(949,1,1033257367,'Santiago ','Murillo López','Estudiante','esteban7783122@gmail.com','2181827','','Corporación Hogar',2,2,NULL,'2015-06-12 16:26:04','2015-07-13 14:08:40',20),(950,1,71665783,'Julio','Moscoso Ramírez','Emprendedor','antoniafashion28@hotmail.com','3117131859','','Cedezo De Belén ',2,3,'1964-11-06','2015-06-22 14:48:16','2015-07-13 14:08:40',15),(951,1,43100275,'Yamiled','Molina Betancur ','Emprendedora','yamiledmolina@live.com','3148610871','','Cedezo De Belén ',1,2,'1977-11-01','2015-06-22 14:50:59','2015-07-13 14:08:40',15),(952,1,1059697412,'Julián Andrés ','Montoya','Estudiante','julianmontaya68@yahoo.com','2181827','','Corporación Hogar',2,3,NULL,'2015-06-12 16:45:56','2015-07-13 14:08:40',20),(953,1,8456141,'Jhon Jairo ','Rodriguez López','Emprendedor','jhonjairorodriguez@gmail.com','3008481239','','Cedezo De Belén ',2,3,'1949-07-27','2015-06-22 15:06:05','2015-07-13 14:08:40',15),(954,1,43430649,'Luz Damaris','Gonzalez Urrego','Emprendedora','lunaytimoteo@gmail.com','2388715','','Cedezo De Belén ',1,4,'1964-07-10','2015-06-22 15:08:57','2015-07-13 14:08:40',15),(955,1,43061934,'Gloria María','Bustamante Tabares ','Emprendedora','gloria.bte@hotmail.com','3532773','','Cedezo De Belén ',1,5,'1961-08-24','2015-06-22 15:13:18','2015-07-13 14:08:40',15),(956,1,70517779,'Carlos Mario','Alvarez Villa','Emprendedor','','3411607','','Cedezo De Belén ',2,2,'1964-04-28','2015-06-22 15:23:56','2015-07-13 14:08:40',15),(957,1,8256655,'Ancizar ','Vargas Giraldo','Jubilado ','','3470786','','Cedezo De Belén ',2,4,NULL,'2015-06-22 15:24:36','2015-07-13 14:08:40',15),(958,1,43525045,'Blanca Elena','Castaño Gonzalez','Emprendedora','','3029125','3147651431','Cedezo De San Antonio De Prado',1,3,NULL,'2015-06-19 20:24:10','2015-07-13 14:08:40',15),(959,1,42761324,'Ana Cecilia ','Mejía Marín','Emprendedora','oncemema219@gmail.com','3710916','3148547925','Cedezo De San Antonio De Prado',1,3,'1962-10-18','2015-06-19 20:24:29','2015-07-13 14:08:40',15),(960,1,32028487,'Gloria Janneth ','Naufal García ','Emprendedora','naufalgar@yahoo.es','3028997','3192227169','Cedezo De San Antonio De Prado',1,2,'1969-05-05','2015-06-19 20:24:48','2015-07-13 14:08:40',15),(961,1,1128473814,'Gloria Patricia','Guisao Muñeton','Emprendedora','gloripaguisao@hotmail.com','3145075098','','Cedezo De San Antonio De Prado',1,1,NULL,'2015-06-19 20:25:15','2015-07-13 14:08:40',15),(962,1,21406968,'Cecilia Inés','Salazar Betancur','Emprendedora','','3207945266','','Cedezo De San Antonio De Prado',1,2,'1958-01-20','2015-06-19 20:25:40','2015-07-13 14:08:40',15),(963,1,21407276,'Ruth María','Salazar Betancur','Emprendedora','','2866192','','Cedezo De San Antonio De Prado',1,2,'1960-07-23','2015-06-19 20:26:14','2015-07-13 14:08:40',15),(964,1,43064903,'Gloria ','Gómez Serna','Emprendedora','gloriagomez1705@gmail.com','2770100','','Cedezo De San Antonio De Prado',1,2,'1969-05-17','2015-06-19 20:26:43','2015-07-13 14:08:40',15),(965,1,42792312,'Olga Lucía','Ortiz','Emprendedora','','3372304','','Cedezo De San Antonio De Prado',1,2,NULL,'2015-06-19 20:27:07','2015-07-13 14:08:40',15),(966,1,43572215,'Agne Jessie','Aragón Mena','Emprendedora','jessamen@hotmail.com','3207209472','','Cedezo De San Antonio De Prado',1,3,NULL,'2015-06-19 20:27:37','2015-07-13 14:08:40',15),(967,1,1128462962,'Jhon Fredy','Borja Rentería','Emprendedor ','','3028442','','Cedezo De San Antonio De Prado',2,3,NULL,'2015-06-19 20:28:10','2015-07-13 14:08:40',15),(968,1,1128450378,'Jhon Neiler','Borja Rentería','Emprendedor ','','3028442','','Cedezo De San Antonio De Prado',2,3,NULL,'2015-06-19 20:28:32','2015-07-13 14:08:40',15),(969,1,42779002,'Luz Marleny','Sánchez ','Emprendedora','lmarlenysachez@gmail.com','3373217','','Cedezo De San Antonio De Prado',1,2,'1968-10-20','2015-06-19 20:29:17','2015-07-13 14:08:40',15),(970,1,43759354,'Blanca Luz','Correa Cartagena','Confeccionista','blancacorrea2808@gmail.com','3137940565','','Club De Vida',1,2,'1978-06-20','2015-06-16 09:33:03','2015-07-13 14:08:40',47),(971,1,42772602,'Silvia','Rios Ospina','Ama De Casa','riosospinasilvia@hotmail.com','3764388','','Club De Vida',1,2,'1967-05-16','2015-06-16 09:45:37','2015-07-13 14:08:40',47),(972,1,21877391,'Miriam Del Socorro','Tangarife Alarcón','Ama De Casa','','2862080','','Club De Vida',1,2,'1962-11-25','2015-06-16 09:50:02','2015-07-13 14:08:40',47),(973,1,21791002,'Rosalba','Cartagena Benitez ','Ama De Casa','','2866085','','Club De Vida',1,2,'1976-11-18','2015-06-16 09:54:25','2015-07-13 14:08:40',47),(974,1,21790987,'Rubiela ','Cartagena Benitez ','Operaria','','3371503','','Club De Vida',1,1,'1959-02-11','2015-06-16 09:57:23','2015-07-13 14:08:40',47),(975,1,22172587,'Argemira','Gómez','Ama De Casa','','2869415','','Club De Vida',1,2,'1946-11-22','2015-06-16 10:01:24','2015-07-13 14:08:40',47),(976,1,43434109,'Martha Rubiela ','Chaverra ','Ama De Casa','','2869772','','Club De Vida',1,3,'1965-09-20','2015-06-16 10:04:18','2015-07-13 14:08:40',47),(977,1,21461628,'Elvia','Taborda Zapata','Ama De Casa','','2867595','','Club De Vida',1,2,'1959-03-13','2015-06-16 10:07:21','2015-07-13 14:08:40',47),(978,1,43064743,'Gladys ','Caro Alveláez','Ama De Casa','gladyscaro1963@gmail.com','3371007','','Club De Vida',1,2,'1963-07-04','2015-06-16 10:14:28','2015-07-13 14:08:40',47),(979,1,32496480,'Fanny','Jaramillo Rojas','Ama De Casa','','4182531','','Club De Vida',1,3,'1950-12-23','2015-06-16 10:17:26','2015-07-13 14:08:40',47),(980,1,32503260,'Blanca Inés','Grajales Trujillo','Ama De Casa','','3135660847','','Club De Vida',1,2,'1953-09-28','2015-06-16 10:20:35','2015-07-13 14:08:40',47),(981,1,42749461,'Gloria Eugenia','Molina Rendón','Ama De Casa','','3371637','','Club De Vida',1,3,'1957-06-16','2015-06-16 10:25:37','2015-07-13 14:08:40',47),(982,1,32532952,'María Consuelo','Rendón Villegas','Ama De Casa','','3768128','','Club De Vida',1,2,'1958-08-14','2015-06-16 10:30:07','2015-07-13 14:08:40',47),(983,1,38236683,'Elizabeth ','Lozano Romero','Ama De Casa','','2728401','','Club De Vida',1,3,NULL,'2015-06-16 10:33:37','2015-07-13 14:08:40',47),(984,1,21405975,'Luz Angelica','Restrepo De Blandón','Ama De Casa','','2860955','','Club De Vida',1,1,'1951-08-11','2015-06-16 10:39:58','2015-07-13 14:08:40',47),(985,1,28991892,'Aurora','Rubio Betancur','Ama De Casa','','5794611','','Club De Vida',1,2,'1934-09-04','2015-06-16 10:45:26','2015-07-13 14:08:40',47),(986,1,43543004,'María Trinidad','Monsalve','Independiente','','5356829','','Telecentro Fátima',1,3,'1969-05-12','2015-06-16 13:19:18','2015-07-13 14:08:40',38),(987,1,32435119,'Gilda','Bustamante Vélez','Ama De Casa','','3162683','','Telecentro Fátima',1,5,'1947-03-12','2015-06-16 13:20:11','2015-07-13 14:08:40',38),(988,1,32433205,'Carmenza ','Morales Gómez','Ama De Casa','','2655003','','Telecentro Fátima',1,4,'1950-06-01','2015-06-16 13:21:08','2015-07-13 14:08:40',38),(989,1,32302878,'Mercedes ','Pérez','Ama De Casa','','3162320','','Telecentro Fátima',1,3,'1948-09-16','2015-06-16 13:21:37','2015-07-13 14:08:40',38),(990,1,43089463,'Luz Marina','Yepes','Varios','','2655956','','Telecentro Fátima',1,3,'1964-02-06','2015-06-16 13:22:26','2015-07-13 14:08:40',38),(991,1,22157245,'Lucía Edeline','Restrepo','Ama De Casa','','5827497','','Telecentro Fátima',1,3,'1941-07-27','2015-06-16 13:23:18','2015-07-13 14:08:40',38),(992,1,32454929,'Carmenza ','Arángo','Pensionada','','3007854384','','Telecentro Fátima',1,3,'1949-07-05','2015-06-16 13:27:45','2015-07-13 14:08:40',38),(993,1,42969583,'Ana ','Valencia Sierra','Artesana','anavalenciasierra@gmail.com','2350443','','Telecentro Fátima',1,3,'1959-10-27','2015-06-16 13:28:30','2015-07-13 14:08:40',38),(994,1,44003652,'Yuranni ','Betancur','Ama De Casa','yuranybetancur9@hotmail.com','2358050','','Telecentro Fátima',1,3,'1985-03-20','2015-06-16 13:28:45','2015-07-13 14:08:40',38),(995,1,3350690,'Juan Jose','Acosta Gómez','Medico','jotasago@hotmail.com','5792876','','Telecentro Fátima',2,3,'1951-02-11','2015-06-16 13:29:02','2015-07-13 14:08:40',38),(996,1,42969944,'Gloria','Gómez','Jubilada','espera-1959@hotmail.com','3384759','','Telecentro Fátima',1,3,NULL,'2015-06-16 13:30:09','2015-07-13 14:08:40',38),(997,1,24361959,'Luz Marina','Gómez','Pensionada','gomolum@gmail.com','5792876','','Telecentro Fátima',1,3,'1952-03-10','2015-06-16 13:30:36','2015-07-13 14:08:40',38),(998,1,115261533,'Jhon Andrés','Mestra','Gestor TIC','andres_mestra@hotmail.com','2381769','3122978017','Telecentro Fátima',2,3,NULL,'2015-06-16 13:15:04','2015-07-13 14:08:40',38),(999,1,32019649,'Luz Marina','Ramirez Botero','Ama De Casa','luzmaramirez58@hotmail.com','5841352','','Institución Educativa José Acevedo y Gómez ',1,3,'1958-08-17','2015-06-16 16:08:24','2015-07-13 14:08:40',43),(1000,1,24388617,'Blanca Victoria ','Gómez León','Fotógrafa ','fotocomercial@outlook.com','2559373','','Institución Educativa José Acevedo y Gómez ',1,3,'1961-08-14','2015-06-16 16:14:47','2015-07-13 14:08:40',43),(1001,1,43741085,'Beatriz Elena ','Mejía Bolivar','Oficios Varios','misalvador0220@hotmail.com','3146785194','','Institución Educativa José Acevedo y Gómez ',1,2,'1973-10-02','2015-06-16 16:19:36','2015-07-13 14:08:40',43),(1002,1,21349482,'María Consuelo ','Sierra Upegui','Ama de casa','consuelosierraupeguivasquez@gmail.com','2550295','','Institución Educativa José Acevedo y Gómez ',1,3,'1938-09-10','2015-06-16 16:22:51','2015-07-13 14:08:40',43),(1003,1,21378814,'Isabel ','Urrego Carvajal','Ama de casa','isabelurrego44@gmail.com','5805127','','Institución Educativa José Acevedo y Gómez ',1,3,'1944-04-28','2015-06-16 16:25:56','2015-07-13 14:08:40',43),(1004,1,42977714,'Rosa ','Agudelo Agudelo','Ama de casa','juliaagudelo24@gmail.com','3616322','','Institución Educativa José Acevedo y Gómez ',1,3,'1959-03-01','2015-06-16 16:29:20','2015-07-13 14:08:40',43),(1005,1,42746850,'Virginia ','Ruiz Calle','Ama de casa','virginia2957@gmail.com','2550143','','Institución Educativa José Acevedo y Gómez ',1,3,'1957-08-29','2015-06-16 16:32:57','2015-07-13 14:08:40',43),(1006,1,21401992,'María Eugenia ','Sánchez','Independiente','bumypati@yahoo.es','3128823419','','Institución Educativa José Acevedo y Gómez ',1,3,'1958-09-04','2015-06-16 16:36:27','2015-07-13 14:08:40',43),(1007,1,42925321,'Elvia ','Cartagena García','Ama de casa','elviacartagena3@yahoo.es','3105065321','','Institución Educativa José Acevedo y Gómez ',1,3,'1959-12-31','2015-06-16 16:38:45','2015-07-13 14:08:40',43),(1008,1,43531034,'Mónica','Mejía Higuita','Independiente','monica.mejia1967@hotmail.com','5811062','3136968594','Institución Educativa José Acevedo y Gómez ',1,3,'1967-06-04','2015-06-16 16:41:56','2015-07-13 14:08:40',43),(1009,1,43589709,'Paola Andrea ','Acevedo Hernandez','Ama de casa','paolita.acevedo@hotmail.com','5857183','3136221087','Institución Educativa José Acevedo y Gómez ',1,3,'1974-08-30','2015-06-16 16:44:42','2015-07-13 14:08:40',43),(1010,1,70057122,'Gildardo ','Gonzalez Guerra','Pensionado','gildardogonza@gmail.com','2554970','','Institución Educativa José Acevedo y Gómez ',2,3,NULL,'2015-06-16 16:47:44','2015-07-13 14:08:40',43),(1011,1,43600238,'María Alexandra ','Parra Vergara','Ama de casa','alexa3193@yahoo.es','3616849','','Institución Educativa José Acevedo y Gómez ',1,3,'1976-01-16','2015-06-16 16:50:00','2015-07-13 14:08:40',43),(1012,1,32502955,'Ana Celia del Socorro ','Cardona Castaño ','Ama de casa','miamlive22@gmail.com','2859259','','Institución Educativa José Acevedo y Gómez ',1,2,'1950-04-03','2015-06-16 16:52:32','2015-07-13 14:08:40',43),(1013,1,42783685,'Gabriela Astrid ','Henao Agudelo','Ama de casa','ghenaoagudelo@gmail.com','2551323','3218075959','Institución Educativa José Acevedo y Gómez ',1,3,'1970-05-03','2015-06-16 16:55:22','2015-07-13 14:08:40',43),(1014,1,71583166,'Carlos ','Barrios Ruiz','No tiene ','caliche1586@outlook.com','2554290','','Institución Educativa José Acevedo y Gómez ',2,3,'1960-01-06','2015-06-23 09:02:52','2015-07-13 14:08:40',43),(1015,1,21831267,'Amparo del Socorro','Henao Hernandez','Ama de casa','amparohehe@hotmail.com','6021261','','Institución Educativa José Acevedo y Gómez ',1,3,'1962-01-28','2015-06-16 17:02:11','2015-07-13 14:08:40',43),(1023,1,99042806940,'Bryam Camilo ','Arboleda','Estudiante','bryamcamilo@gmail.com','4913743','3225921204','IE la Independencia',2,2,NULL,'2015-06-17 08:41:54','2015-07-13 14:08:40',38),(1024,1,99061215642,'Danilo Esteban ','Cano','Estudiante','','4932835','3106279303','IE la Independencia',2,2,NULL,'2015-06-17 08:50:08','2015-07-13 14:08:40',38),(1025,1,99090604828,'Jonathan ','Durango','Estudiante','a2014jhonatan@hotmail.com','3108999136','','IE La Independencia',2,2,NULL,'2015-06-17 09:00:24','2015-07-13 14:08:40',38),(1026,1,1013338154,'Juan Carlos','Mosquera Perea','Estudiante','juancarlos-_-963@hotmail.com','3217610530','','IE La Independencia',2,2,NULL,'2015-06-17 09:04:19','2015-07-13 14:08:40',38),(1027,1,1007242618,'Camila','Rojas García','Estudiante','cami-lar2000@hotmail.com','2864212','3043618579','IE el Limonar',1,2,NULL,'2015-06-17 09:19:18','2015-07-13 14:08:40',38),(1028,1,97102521335,'Leidy Yurani','Giraldo Higuita','Estudiante','leidyyurani97@gmail.com','3107258749','','IE el Limonar',1,2,NULL,'2015-06-17 09:21:54','2015-07-13 14:08:40',38),(1029,1,98032353118,'Margot Celene','Arroyave Vergara','Estudiante','mogolla10@hotmail.es','3216338983','','IE el Limonar',1,2,NULL,'2015-06-17 09:33:24','2015-07-13 14:08:40',38),(1030,1,21573799,'Olga Elena ','Vásquez','Instructora De Yoga','paraiso1608@yahoo.es','5820095','','Casa De La Cultura De Los Colores',1,4,'1956-11-03','2015-07-01 08:01:46','2015-07-13 14:08:40',46),(1031,1,43492920,'Marta Cecília ','Baena','Confección','creamarceb@hotmail.com','2572731','','Casa De La Cultura De Los Colores',1,3,'1965-03-22','2015-07-01 08:22:59','2015-07-13 14:08:40',46),(1032,1,1035971808,'Mariana','Pulgarín Henao','Estudiante','marianitam400@gmail.com','2551755','','PB Guayabal',1,4,NULL,'2015-07-01 07:20:58','2015-07-13 14:08:40',43),(1033,1,3655783,'Jaime Rodrigo','Gómez','Pensionado','jagoma783@gmail.com','3113582465','','Casa De La Cultura De Los Colores',2,4,'1953-03-05','2015-07-01 08:33:29','2015-07-13 14:08:40',46),(1034,1,12185155,'Galo Luis ','Sánchez González','Pensionado','galosanchezgonzalez@hotmail.com','4214204','','Casa De La Cultura De Los Colores',2,4,'1949-10-07','2015-07-01 08:34:44','2015-07-13 14:08:40',46),(1035,1,1027804201,'Juana Isabel','Yepes Escobar','Estudiante','myepes22@hotmail.com','2551720','','PB Guayabal',1,3,'2007-03-22','2015-07-01 09:11:45','2015-07-13 14:08:40',43),(1036,1,43026640,'Elizabeth ','Olier','Ama De Casa','merada56@hotmail.com','2641961','','Casa De La Cultura De Los Colores',1,4,'1965-05-27','2015-07-01 08:45:51','2015-07-13 14:08:40',46),(1037,1,1027740453,'Sophia','Rodriguez Pineda','Estudiante','eyva_estella@yahoo.es','2850520','','PB Guayabal',1,4,NULL,'2015-06-17 10:49:56','2015-07-13 14:08:40',38),(1038,1,21384309,'Angela María ','Cardona Álvarez','Independiente','cardonaangelamaria@yahoo.com','3104040716','','Casa De La Cultura De Los Colores',1,4,'1956-04-09','2015-07-01 09:01:26','2015-07-13 14:08:40',46),(1039,1,1023523429,'Manuela ','Cadavid Cano','Estudiante','marino.cadavid@gmail.com','3218379682','','PB Guayabal',1,4,NULL,'2015-07-01 07:21:18','2015-07-13 14:08:40',43),(1040,1,39175663,'Bibiana Patricia ','Tamayo','Ing Telecomunicaciones','bibi_tamayo@hotmail.com','3108333001','','Casa De La Cultura De Los Colores',1,4,'1983-09-21','2015-07-01 09:17:08','2015-07-13 14:08:40',46),(1041,1,3601059,'William','Rojo','Coordinador','admonbelen@metrosalud.gov.co','3431243','3217302502','UPSS BELÉN “Héctor Abad Gómez”',2,4,NULL,'2015-06-17 10:59:40','2015-07-13 14:08:40',43),(1042,1,1027883499,'Esteban ','Pulgarín ','Ninguna','estebanpulgarin25@gmail.com','3136230130','','Telecentro Moscú 1',2,1,'1989-09-24','2015-06-24 15:44:34','2015-07-13 14:08:40',41),(1043,1,43433527,'Audrey ','Cañas Agudelo','Movilizadora','audreycanas@yahoo.es','5223906','','Telecentro Moscú 1',1,2,'1965-05-26','2015-06-24 16:10:53','2015-07-13 14:08:40',41),(1044,1,1023631327,'Estefanía ','Santos Zapata','Estudiante','fotograma8@hotmail.com','5230418','','PB Guayabal',1,2,NULL,'2015-06-17 11:10:34','2015-07-13 14:08:40',38),(1045,1,43255041,'Gloria Inés','Torres','Ama de casa','gloriai.torres@gmail.com','2228012','','Ninguno',1,1,NULL,'2015-06-17 11:10:50','2015-07-13 14:08:40',17),(1046,1,32407576,'Olga ','Cardona De Ramírez','Jubilada','olgacardonaderamirez@gmail.com','2346511','','Telecentro Santa Lucía',1,3,'1943-12-12','2015-06-25 11:58:16','2015-07-13 14:08:40',41),(1047,1,392201149,'Sonia','Espinoza','Ama de casa','','2936765','','Ninguno',1,1,NULL,'2015-06-17 11:12:25','2015-07-13 14:08:40',17),(1048,1,1042678126,'Federico Alfonso ','Tobón','Estudiante','olgaidarraga@hotmail.com','2352071','','PB Guayabal',2,3,'2003-01-23','2015-07-01 07:16:09','2015-07-13 14:08:40',43),(1049,1,1036663124,'Nataly ','Ramírez','Estudiante','nata.810@hotmail.com','2265528','','Ninguno',1,2,NULL,'2015-06-17 11:14:54','2015-07-13 14:08:40',17),(1050,1,43053929,'Luz Mery','Ramírez','Ama de casa','','2147572','','Ninguna',1,1,NULL,'2015-06-17 11:16:57','2015-07-13 14:08:40',17),(1051,1,1035328259,'Juan José','Giraldo Osorio','Estudiante','sandraser06@hotmail.com','2352071','','PB Guayabal',2,4,NULL,'2015-06-17 11:18:53','2015-07-13 14:08:40',38),(1052,1,42791108,'Sor Yaneth','Hoyos','Ama de casa','yanethhoyos125@gmail.com','2266461','','Ninguno',1,1,NULL,'2015-06-17 11:19:26','2015-07-13 14:08:40',17),(1053,1,43074012,'Gloria Amparo ','Zapata Díaz','Ama De Casa','gazdiaz62@gmail.com','4963108','','Telecentro Santa Lucía',1,3,'1960-05-12','2015-06-17 11:20:16','2015-07-13 14:08:40',47),(1054,1,1037608633,'Luz Eleida ','Orozco','Ama de casa','luzaleida_115@hotmail.com','2220716','','Ninguno',1,1,NULL,'2015-06-17 11:21:44','2015-07-13 14:08:40',17),(1055,1,1000535831,'Kelly Tatiana','Carreño','Estudiante','kelly2003_tatiana@hotmail.com','2652760','','PB Guayabal',1,4,'2003-01-16','2015-07-01 07:15:18','2015-07-13 14:08:40',43),(1056,1,1042422166,'Paola','Zapata','Ama de casa','','3135710276','3135710276','Ninguno',1,1,NULL,'2015-06-17 11:23:39','2015-07-13 14:08:40',17),(1057,1,1034577600,'Susana','Monsalve Alzate','Estudiante','palzates.paas@gmail.com','3413618','','PB Guayabal',1,4,NULL,'2015-06-17 11:25:11','2015-07-13 14:08:40',38),(1058,1,43636908,'Flor Isabelina ','Areiza Castaño','Ama De Casa','tctsantalucia@gmail.com','2525909','','Telecentro Santa Lucía',1,1,'1976-12-22','2015-06-25 13:53:03','2015-07-13 14:08:40',41),(1059,1,1015068665,'Martha','Zapata','Ama de casa','','3008728403','3008728403','Ninguno',1,1,NULL,'2015-06-17 11:26:25','2015-07-13 14:08:40',17),(1060,1,32108338,'Shirley','Gómez','Ama de casa','','2262999','','Ninguna',1,1,NULL,'2015-06-17 11:28:04','2015-07-13 14:08:40',17),(1061,1,71616246,'Walter De Jesús ','Yepes','Desempleado','walter.y@hotmail.com','2522339','','Telecentro Santa Lucía',2,3,'1962-10-22','2015-06-25 12:04:36','2015-07-13 14:08:40',41),(1062,1,1146438720,'Daniela','Zapata','Estudiante','danyzapata1795@gmail.com','2690262','','Ninguno',1,1,NULL,'2015-06-17 11:29:54','2015-07-13 14:08:40',17),(1063,1,10345900132,'Valentina','Quintero Escobar','Estudiante','valenquinteesco@hotmail.com','5221663','','PB Guayabal',1,2,NULL,'2015-06-17 11:31:00','2015-07-13 14:08:40',38),(1064,1,1007437158,'Banis','Vargas','Desempleada','banisvargas.18@hotmail.com','3013561749','3013561749','Ninguna',1,1,NULL,'2015-06-17 11:32:24','2015-07-13 14:08:40',17),(1065,1,1033257962,'Wendy Dayana','Cano Noreña','Estudiante','wendycano.17@hotmail.com','5878300','','PB Guayabal',1,3,NULL,'2015-06-17 11:33:17','2015-07-13 14:08:40',38),(1066,1,1125083423,'Hilary','Builes','Estudiante','','5878300','','PB Guayabal',1,3,NULL,'2015-06-17 11:35:32','2015-07-13 14:08:40',38),(1067,1,3243351,'María De La Luz ','Barrientos ','Jubilada','apartamento.325@gmail.com','5832017','','Telecentro Santa Lucía',1,3,NULL,'2015-06-25 13:46:27','2015-07-13 14:08:40',41),(1068,1,2012,'Nelvis ','Páez','Ama de casa','','3115043416','3115043416','Ninguna',1,1,NULL,'2015-06-17 11:36:01','2015-07-13 14:08:40',17),(1069,1,68776677,'Manuel','Álvarez','Cantante','vallenato.loshijosdel@gmail.com','2695744','','Ninguna',2,1,NULL,'2015-06-17 11:37:52','2015-07-13 14:08:40',17),(1070,1,1047899133,'Juan Sebastian','García','Estudiante','','322414199','','PB Guayabal',2,3,NULL,'2015-06-17 11:38:01','2015-07-13 14:08:40',38),(1071,1,1006343861,'Verónica','Rico García','Estudiante','','2354869','','PB Guayabal',1,3,'2003-10-06','2015-07-01 07:17:11','2015-07-13 14:08:40',43),(1072,1,3128978,'Teresita ','Aristizábal Lopera','Ama De Casa','terearisti53@gmail.com','4460956','','Telecentro Santa Lucía',1,4,'1953-02-12','2015-06-25 13:53:52','2015-07-13 14:08:40',41),(1073,1,1017923374,'Juan David','Calle Gonzalez','Estudiante','','2354869','','PB Guayabal',2,3,NULL,'2015-06-17 11:44:31','2015-07-13 14:08:40',38),(1074,1,21397194,'Blanca Iréne ','Correa Pérez','Ama De Casa','blancaire@gmail.com','2127071','','Biblioteca Publica Piloto Filiar Campo Valdés',1,3,'1956-04-12','2015-06-25 16:18:39','2015-07-13 14:08:40',41),(1075,1,32434333,'Beatriz ','Santamaría Uribe','Peluquera Canina','beatrizantamaria@gmail.com','2636123','','Biblioteca Publica Piloto Filiar Campo Valdés',1,4,'1948-08-15','2015-06-25 16:19:54','2015-07-13 14:08:40',41),(1076,1,43046212,'Ángela ','Ortíz Mazo','Ama De Casa','angelaortiz321@gmail.com','5795381','','Biblioteca Publica Piloto Filiar Campo Valdés',1,4,'2015-12-04','2015-06-25 16:20:44','2015-07-13 14:08:40',41),(1077,1,1114543966,'Sofía','Rico García','Estudiante','','2354869','','PB Guayabal',1,3,'2008-03-07','2015-07-01 07:17:37','2015-07-13 14:08:40',43),(1078,1,43182304,'Yulany ','Henao Ortíz','Ama De Casa','yulahenao@yahoo.com','5795381','','Biblioteca Publica Piloto Filiar Campo Valdés',1,3,'1983-01-16','2015-06-25 16:21:14','2015-07-13 14:08:40',41),(1079,1,1006824274,'Diego','Alfonso Romero','Estudiante','','3105867611','3105867611','PB Guayabal',2,3,NULL,'2015-06-17 12:00:15','2015-07-13 14:08:40',38),(1080,1,32474539,'Martha Inés ','Tangarife Álvarez','Ama De Casa','marthaines351@gmail.com','2125116','','Biblioteca Publica Piloto Filiar Campo Valdés',1,3,'1951-12-03','2015-06-25 16:26:40','2015-07-13 14:08:40',41),(1081,1,1029981130,'Juan David','Alfonso Romero','Estudiante','juancho_carrancho48@hotmail.com','3105867611','3105867611','PB Guayabal',2,3,NULL,'2015-06-17 12:03:43','2015-07-13 14:08:40',38),(1082,1,43521631,'María Carmen ','Rubio Toro','Pintora','carmenrubiotoro@gmail.com','2331976','','Biblioteca Publica Piloto Filiar Campo Valdés',1,3,'1965-07-13','2015-06-25 16:30:07','2015-07-13 14:08:40',41),(1083,1,1000410467,'Santiago','Montoya Galeano','Estudiante','lorenadels.galeano@gmail.com','2650104','','PB Guayabal',2,3,NULL,'2015-07-01 09:12:07','2015-07-13 14:08:40',43),(1084,1,1020107242,'Ana Sofía','Londoño Tamayo','Estudiante','','4192139','','PB Guayabal',1,3,NULL,'2015-06-17 12:08:19','2015-07-13 14:08:40',38),(1085,1,2013,'Parménides','Erazo','Presidente JAL','mempharme@gmail.com','5380714','3153380710','JAL Santa Elena',2,3,NULL,'2015-06-17 13:56:28','2015-07-13 14:08:40',17),(1086,1,32241297,'Carolina ','Gallón Londoño','Gestora Fomento De Lectura Y Escritura','lectura.sancristobal@bibliotecasmedellin.gov.co','3852960','3148940525','PB Fernando Botero',1,2,NULL,'2015-06-17 16:08:34','2015-07-13 14:08:40',23),(1087,1,1000536562,'Mateo ','Hernandez Osorio','Estudiante','mateohernandez8@hotmail.com','2652760','','PB Guayabal',2,4,NULL,'2015-06-17 16:24:53','2015-07-13 14:08:40',38),(1088,1,1010655072,'Maria teresa','Rodriguez Jaramillo','Estudiante','mariatprincess1423@hotmail.com','2359414','','PB Guayabal',1,4,NULL,'2015-06-17 16:31:56','2015-07-13 14:08:40',38),(1089,1,1025644195,'Evelyn','Cuartas Velasquez','Estudiante','evelyncuartas@hotmail.com','2654968','','PB Guayabal',1,2,NULL,'2015-06-17 16:35:15','2015-07-13 14:08:40',38),(1090,1,1040570814,'Valentina','Alzate Nassar','Estudiante','valennassar57@hotmail.com','5830863','','PB Guayabal',1,3,NULL,'2015-06-17 16:50:47','2015-07-13 14:08:40',38),(1091,1,1022002607,'Daniela','Vélez Rodas','Estudiante','danivelez@gmail.com','3205243921','','PB Guayabal',1,4,NULL,'2015-06-17 16:53:31','2015-07-13 14:08:40',38),(1092,1,1025641580,'Mariana','Noreña Giraldo','Estudiante','','2352755','','PB Guayabal',1,4,NULL,'2015-06-18 09:06:31','2015-07-13 14:08:40',38),(1093,1,1033257504,'Melany ','Palacios Patiño','Estudiante','isamar24@hotmail.com','2352755','','PB Guayabal',1,3,NULL,'2015-06-18 09:10:00','2015-07-13 14:08:40',38),(1094,1,1111,'Maicol','Lopera Ríos','Estudiante','','2169530','','IE Alfonso López Pumarejo',2,2,NULL,'2015-06-18 09:11:53','2015-07-13 14:08:40',17),(1095,1,1045494186,'Saray','Garces Rovira','Estudiante','','3116047505','','PB Guayabal',1,4,NULL,'2015-06-18 09:15:27','2015-07-13 14:08:40',38),(1096,1,1017168659,'Yurgen Andrés','Cárdenas Rovira','Estudiante','yurgenandres23@hotmail.com','3116047505','','PB Guayabal',2,4,NULL,'2015-06-18 09:18:53','2015-07-13 14:08:40',38),(1097,1,1033257104,'Mariana','Londoño Obando','Estudiante','marianaobando09@hotmail.com','3163608','','PB Guayabal',1,3,NULL,'2015-06-18 09:21:55','2015-07-13 14:08:40',38),(1099,1,103325710,'Nallely Sofía','Ortíz Echavarría','Estudiante','mavisea2010@hotmail.com','2357337','','PB Guayabal',1,3,NULL,'2015-06-18 09:28:21','2015-07-13 14:08:40',38),(1100,1,1017922908,'Maria Paz','Quiroz Osorio','Estudiante','maria-paz-11604@hotmail.com','3510856','','PB Guayabal',1,4,NULL,'2015-06-18 09:32:08','2015-07-13 14:08:40',38),(1101,1,1042090243,'Karen','Posada Zea','Estudiante','kalenyo.@gmail.com','5821534','','PB Guayabal',1,4,NULL,'2015-06-18 09:46:03','2015-07-13 14:08:40',38),(1102,1,1040573966,'Andrés','Arenas Berrío','Estudiante','deisy_891_@hotmail.com','5821950','','PB Guayabal',2,3,NULL,'2015-06-18 09:50:54','2015-07-13 14:08:40',38),(1103,1,1112,'Brayan','Pérez','Estudiante','','2146037','','IE Alfonso Lóez Pumarejo',2,2,NULL,'2015-06-18 09:51:40','2015-07-13 14:08:40',17),(1104,1,42748873,'Blanca Luz ','Jaramillo González','Ama De Casa','blancajaramillo70@gmail.com','5867086','','Institución Educativa José Acevedo Y Gómez ',1,3,'1958-09-11','2015-06-19 14:39:58','2015-07-13 14:08:40',43),(1105,1,1034921296,'Daniela','Gomez Rendón','Estudiante','mrendonho929@hotmail.com','3105982523','','PB Guayabal',1,3,NULL,'2015-06-18 10:05:34','2015-07-13 14:08:40',38),(1106,1,1035975699,'Isabel ','Floez Yepes','Estudiante','nubiayepesy@gmail.com','3618866','','PB Guayabal',1,3,NULL,'2015-06-18 10:07:36','2015-07-13 14:08:40',38),(1107,1,43026487,'Rosa María ','Quintero De Saldarriaga','Ama De Casa','rosaquintero27@outlook.es','2647220','','Institución Educativa Villa Flora',1,2,'1956-08-27','2015-06-26 11:57:54','2015-07-13 14:08:40',23),(1108,1,42749081,'María Dolly ','Osorio López','Ama De Casa','madoslo@hotmail.com','2555409','','Institución Educativa José Acevedo Y Gómez ',1,2,'1958-01-02','2015-06-19 14:44:37','2015-07-13 14:08:40',43),(1109,1,10829912460,'Samuel David','Cano','Estudiante','cachaco0812@hotmail.com','5893050','','PB Guayabal',2,3,NULL,'2015-06-18 10:10:52','2015-07-13 14:08:40',38),(1110,1,21399648,'María Orfanery ','Gómez Idalgo','Ama De Casa','mariao2139@hotmail.com','2344699','','Institución Educativa Villa Flora',1,2,'1953-09-21','2015-06-26 11:58:14','2015-07-13 14:08:40',23),(1111,1,43591545,'Nelly ','Saldarriaga Osorio','Ama De Casa','nellysaos14@gmail.com','5817887','','Institución Educativa Villa Flora',1,2,'1974-10-20','2015-06-26 11:58:54','2015-07-13 14:08:40',23),(1112,1,42984898,'Margarita Del Socorro ','Sinning Mejía','Ama De Casa','luferes25@hotmail.com','2558510','','Institución Educativa José Acevedo Y Gómez ',1,3,'1958-03-06','2015-06-19 14:45:30','2015-07-13 14:08:40',43),(1113,1,1113,'Marlon','Gallo','Estudiante','','2923839','','IE Alfonso López Pumarejo',2,2,NULL,'2015-06-18 10:15:38','2015-07-13 14:08:40',17),(1114,1,1017184343,'David','Gomez','estudiante','georuiz52@gmail.com','2558148','','PB Guayabal',2,3,NULL,'2015-06-18 10:15:50','2015-07-13 14:08:40',38),(1115,1,42870070,'Gloria Nubia ','Franco Cardenas','Ama De Casa','nubiafrancoc@hotmail.com','2555847','','Institución Educativa José Acevedo Y Gómez ',1,3,'1958-07-01','2015-06-19 14:46:06','2015-07-13 14:08:40',43),(1116,1,1114,'Geraldín','Correa','Estudiante','','5826878','','Estudiante',1,2,NULL,'2015-06-18 10:17:23','2015-07-13 14:08:40',17),(1117,1,1115,'Javier Alexis','Cardona','Estudiante','','2394238','','IE Alfonso López Pumarejo',2,2,NULL,'2015-06-18 10:18:50','2015-07-13 14:08:40',17),(1118,1,32515702,'Rosalba ','Restrepo González','Ama De Casa','rosalba123@hotmail.com','2558976','','Institución Educativa José Acevedo Y Gómez ',1,3,'1954-07-04','2015-06-19 14:47:49','2015-07-13 14:08:40',43),(1119,1,43015820,'Luz Dary ','Barona Gallego','Ama De Casa','gallego820@hotmail.com','3103594054','','Institución Educativa Villa Flora',1,2,'1961-02-15','2015-06-26 11:59:58','2015-07-13 14:08:40',23),(1120,1,1116,'Jhonatan','Pino','Estudiante','','2145064','','IE Alfonso López Pumarejo',2,2,NULL,'2015-06-18 10:20:59','2015-07-13 14:08:40',17),(1121,1,1117,'Alejandro','Sanín','Estudiante','','2399909','','IE Alfonso López Pumarejo',2,2,NULL,'2015-06-18 10:22:09','2015-07-13 14:08:40',17),(1122,1,1011394923,'Miguel Ángel','Loaiza','Estudiante','','5835088','','PB Guayabal',2,3,NULL,'2015-06-18 10:23:05','2015-07-13 14:08:40',38),(1123,1,42751724,'Florelly María ','Pabón Henao','Ama De Casa','florellypabon123@gmail.com','2852915','','Institución Educativa José Acevedo Y Gómez ',1,3,'1954-01-17','2015-06-19 14:49:01','2015-07-13 14:08:40',43),(1124,1,21765546,'Carmen Emilia ','Gallego Bohórquez','Ama De Casa','carmelitagallego2004@yahoo.com','2640808','','Institución Educativa Villa Flora',1,2,'1950-12-12','2015-06-26 12:00:40','2015-07-13 14:08:40',23),(1126,1,1118,'Ingrid','Martínez','Estudiante','','2915290','','IE Alfonso López Pumarejo',1,2,NULL,'2015-06-18 10:23:42','2015-07-13 14:08:40',17),(1127,1,1022003846,'Ana Isabel','Giraldo','Estudiante','','2652425','','PB Guayabal',1,3,NULL,'2015-06-18 10:26:48','2015-07-13 14:08:40',38),(1128,1,32310537,'Sonia','Carvajal Saldarriaga','Ama De Casa','sidcarsal@gmail.com','5805127','','Institución Educativa José Acevedo Y Gómez ',1,3,'1957-05-03','2015-06-19 14:51:56','2015-07-13 14:08:40',43),(1129,1,43524732,'Dorys ','Gómez Ruiz','Ama De Casa','princesitasofi86@gmail.com','2346968','','Institución Educativa Villa Flora',1,2,'1967-03-22','2015-06-26 12:01:04','2015-07-13 14:08:40',23),(1130,1,8255472,'Jorge León','Gaviria Patiño ','Independiente','leongaviria@hotmail.com','3113413091','','Institución Educativa José Acevedo Y Gómez ',2,4,'1945-01-12','2015-06-19 14:58:25','2015-07-13 14:08:40',43),(1131,1,43052759,'Luz Miriam ','Aguilar De Arcíla','Ama De Casa','miriam2223@hotmail.com','4211744','','Institución Educativa Villa Flora',1,2,'1963-05-23','2015-06-26 12:01:27','2015-07-13 14:08:40',23),(1132,1,21401738,'Mariela ','Muñoz Rios','Ama De Casa','lalitamunoz1@gmail.com','2642398','','Institución Educativa Villa Flora',1,2,'1957-03-09','2015-06-26 12:01:45','2015-07-13 14:08:40',23),(1133,1,21469202,'Denis Yoleida ','Uribe Betancur','Ama De Casa','denis.ub77@hotmail.com','2857259','','Institución Educativa José Acevedo Y Gómez ',1,2,'2015-05-17','2015-06-19 14:58:56','2015-07-13 14:08:40',43),(1134,1,51941418,'Amanda ','Olejua González','Ama De Casa','amandaolejua@hotmail.com','4213975','','Institución Educativa Villa Flora',1,2,'1966-02-13','2015-06-26 12:02:05','2015-07-13 14:08:40',23),(1135,1,21831262,'Maria Elifia ','Henao Hernandez','Ama De Casa','mariaelifiah@yahoo.es','2778976','','Institución Educativa José Acevedo Y Gómez ',1,3,'1960-05-24','2015-06-19 15:01:58','2015-07-13 14:08:40',43),(1136,1,32317574,'Luz Marina','Higuita Martinez','Ama De Casa','lumimar55@gmail.com','3633684','','Institución Educativa José Acevedo Y Gómez ',1,3,'1958-05-06','2015-06-19 15:02:35','2015-07-13 14:08:40',43),(1137,1,4297146,'Maria Edith ','Ayala López','Ama De Casa','mariaedith8057@gmail.com','2645257','','Institución Educativa Villa Flora',1,2,'1957-08-11','2015-06-26 12:03:34','2015-07-13 14:08:40',23),(1138,1,32551146,'Melida ','Aréiza Gutierrez','Ama De Casa','meeuargo@hotmail.com','4228134','','Institución Educativa Villa Flora',1,2,'1958-12-02','2015-06-26 12:03:53','2015-07-13 14:08:40',23),(1139,1,42974826,'Aura Rosa ','Vargas De Torres','Ama De Casa','auraernestina@hotmail.com','4380485','','Fundación Ratón De Biblioteca La Esperanza',1,2,'1958-12-26','2015-06-26 11:52:42','2015-07-13 14:08:40',24),(1140,1,22006329,'María Lucila ','Castro','Ama De Casa','atencion011@gmail.com','4712342','','Fundación Ratón De Biblioteca La Esperanza',1,3,'1937-12-12','2015-06-26 11:53:11','2015-07-13 14:08:40',24),(1141,1,21925980,'Nelly ','Galindo De Monsalve','Ama De Casa','nellygalindo237@gmail.com','6065749','','Fundación Ratón De Biblioteca La Esperanza',1,3,'1944-12-15','2015-06-26 11:53:31','2015-07-13 14:08:40',24),(1142,1,21612227,'María Rosana ','Úsuga Mazo','Ama De Casa','rosanausuga11@gmail.com','2370219','','Fundación Ratón De Biblioteca La Esperanza',1,3,'1946-12-11','2015-06-26 11:55:01','2015-07-13 14:08:40',24),(1143,1,21970256,'Miryan Estela ','Uribe Lopera','Ama De Casa','estelauribe010@hotmail.com','4716692','','Fundación Ratón De Biblioteca La Esperanza',1,3,'1980-09-24','2015-06-26 11:55:20','2015-07-13 14:08:40',24),(1144,1,43914134,'Luz Marina ','Posada Casas','Ama De Casa','luzmarinarosadacasas@gmail.com','2371048','','Fundación Ratón De Biblioteca La Esperanza',1,3,'1983-02-10','2015-06-26 11:55:42','2015-07-13 14:08:40',24),(1145,1,21651271,'Luz Ángela ','Marquez Restrépo','Ama De Casa','luzangela842@gmail.com','4411565','','Fundación Ratón De Biblioteca La Esperanza',1,2,'1953-04-10','2015-06-26 11:56:00','2015-07-13 14:08:40',24),(1146,1,4314874,'Luis Fernando ','Gomez','Ingeniero','gomezrestrepo1158@yahoo.es','4117969','3115955797','Institucion Educativa Lucrecio Jaramillo',2,5,'1936-09-16','2015-06-18 11:32:59','2015-07-13 14:08:40',48),(1147,1,21351576,'Rosalba ','Castro','Ama De Casa','visnu5617@hotmail.com','4712342','','Fundación Ratón De Biblioteca La Esperanza',1,3,'1941-10-15','2015-06-26 11:56:30','2015-07-13 14:08:40',24),(1148,1,32497754,'Bertha Inés ','González Barrera','Ama De Casa','medellin2852@hotmail.com','2375926','','Institución Educativa Pedro Claver Aguirre',1,3,'1953-09-29','2015-06-26 11:57:13','2015-07-13 14:08:40',24),(1149,1,43342550,'Luz Margarita ','Florez Herrera','Independiente','margaritatache07@gmail.com','4411318','3127305259','Institucion Educativa Lucrecio Jaramillo',1,3,'1967-09-07','2015-06-18 11:38:14','2015-07-13 14:08:40',48),(1150,1,21768280,'Gloria Amparo ','Vasco ','Ama De Casa','gloriavascobalbin@hotmail.com','4215118','','Institución Educativa Villa Flora',1,2,'1956-03-30','2015-06-26 11:58:37','2015-07-13 14:08:40',23),(1151,1,42969826,'Elena ','Bedoya','Pensionada','madem48@hotmail.com','4383169','3105045982','Institucion Educativa Lucrecio Jaramillo',1,2,'1954-05-02','2015-06-18 11:42:20','2015-07-13 14:08:40',48),(1152,1,32453434,'Rosario ','Marin','Ama De Casa','ligiazuluaga20@gmail.com','4118243','','Institucion Educativa Lucrecio Jaramillo',1,5,'1947-04-05','2015-06-18 11:46:48','2015-07-13 14:08:40',48),(1153,1,21490770,'Martha Mary ','Marulanda Gómez ','Ama De Casa','mamago9@hotmail.com','3192062655','','Institución Educativa Villa Flora',1,2,'1992-11-07','2015-06-26 12:03:07','2015-07-13 14:08:40',23),(1154,1,8310013,'Luis Javier ','Salazar','Desempleado','javiersl0809@gmail.com','4121137','3206819398','Institucion Educativa Lucrecio Jaramillo',2,5,'1950-08-09','2015-06-18 11:51:26','2015-07-13 14:08:40',48),(1155,1,21399430,'Elena ','Vásquez','Ama De Casa','madem48@hotmail.com','2533886','3137090317','Institucion Educativa Lucrecio Jaramillo',1,4,'1956-01-14','2015-06-18 11:55:12','2015-07-13 14:08:40',48),(1156,1,22386397,'Gladys María ','Vidal Díaz','Ama De Casa','gmarvilda52@gmail.com','5806871','3148026961','Institucion Educativa Lucrecio Jaramillo',1,5,'1950-05-31','2015-06-18 12:00:10','2015-07-13 14:08:40',48),(1157,1,32476946,'Maria Cristina ','López Durán  ','Pensionada','unamed@hotmail.com','2301716','','Casa De La Cultura De Los Colores',1,4,'1951-04-25','2015-07-01 08:48:25','2015-07-13 14:08:40',46),(1158,1,42967074,'Erlendy ','Meneses Achury','Ama De Casa','erlendy.meneses@gmail.com','3213500037','','Casa De La Cultura De Los Colores',1,4,'1967-01-10','2015-07-01 09:09:43','2015-07-13 14:08:40',46),(1159,1,43278104,'Ydali Milley ','Calvo Carmona','Comerciante','mil-ley@hotmail.com','3206919031','','Telecentro Moscú 1',1,2,'1981-01-28','2015-06-24 15:48:35','2015-07-13 14:08:40',41),(1160,1,70055398,'Heriberto ','Cardona Zapata','Periodista En Periódico Comunitario','herriberto30-50@hotmail.com','3004621136','','Telecentro Moscú 1',2,2,'1953-10-31','2015-06-24 16:05:20','2015-07-13 14:08:40',41),(1161,1,32524193,'Luz Mary ','Rios Guzman','Jubilada','luzmary@gmail.com','4235481','','Telecentro Santa Lucía',1,3,'1957-01-31','2015-06-25 13:51:22','2015-07-13 14:08:40',41),(1162,1,32425571,'Elizabeth ','Gómez De López','Ama De Casa','elizabethg_17@hotmail.com','2335806','','Biblioteca Publica Piloto Filiar Campo Valdés',1,3,'1945-07-26','2015-06-25 16:26:17','2015-07-13 14:08:40',41),(1163,1,43664937,'Ana María ','Grisales Montoya','Auxiliar Secretaria Gerencia','anamgris@hotmail.com','2118232','','Biblioteca Publica Piloto Filiar Campo Valdés',1,3,'1968-08-15','2015-06-25 16:27:06','2015-07-13 14:08:40',41),(1164,1,21400092,'María Teresa ','Ceferino Pulgarín ','Pensionada','cefemet@hotmail.com','2645368','','Casa De La Cultura De Los Colores',1,2,NULL,'2015-07-01 08:58:17','2015-07-13 14:08:40',46),(1165,1,1017137114,'Catherine ','Quiroz','Ama De Casa','cate860913@gmail.com','4210525','','Institución Educativa Villa Flora',1,2,'1986-09-13','2015-06-26 11:59:14','2015-07-13 14:08:40',23),(1166,1,43671532,'Bibiana Janet ','Patiño','Ama De Casa','matildaenvigado@hotmail.com','5780366','','Fundación Ratón De Biblioteca La Esperanza',1,3,NULL,'2015-06-26 11:52:58','2015-07-13 14:08:40',24),(1167,1,21400370,'Eugenia ','Monsalve Viana','Ama De Casa','eugenia1705@gmail.com','2370644','','Fundación Ratón De Biblioteca La Esperanza',1,3,'1956-05-17','2015-06-26 11:56:13','2015-07-13 14:08:40',24),(1168,1,39550396,'Gloria','Rodriguez Amaya','Ama de casa','gloria.tlcp@gmail.com','2864226','','Telecentro San Antonio de Prado',1,3,NULL,'2015-06-19 11:17:36','2015-07-13 14:08:40',15),(1169,1,22172530,'María Libia','Laverde de Torres','Ama de casa','libialaverde302@hotmail.com','5770491','','Telecentro San Antonio de Prado',1,3,'1937-06-20','2015-06-19 11:23:21','2015-07-13 14:08:40',15),(1170,1,42266803,'Nury ','Zapata Fernandez','Secretaría','nuryzapata50@gmail.com','2866736','','Telecentro San Antonio de Prado',1,2,'1965-05-14','2015-06-19 11:27:42','2015-07-13 14:08:40',15),(1171,1,51780516,'Carmen Alcira ','Monroy ','Lider Comunitaria','sumercearmoniosa@hotmail.com','4611761','','Institución Educativa Pedro Claver Aguirre',1,3,'1963-08-09','2015-06-26 11:57:30','2015-07-13 14:08:40',24),(1172,1,43015488,'Doris Elena ','Rodríguez Hernández','Lider Comunitaria','dorelen60@hotmail.com','5815487','','Institución Educativa Pedro Claver Aguirre',1,3,'1960-11-16','2015-06-26 11:57:48','2015-07-13 14:08:40',24),(1173,1,19134303,'Humberto ','Rodríguez','Pensionado','hrfa2451@gmail.com','2375233','','Institución Educativa Pedro Claver Aguirre',2,3,'1951-02-24','2015-06-19 11:43:10','2015-07-13 14:08:40',47),(1174,1,22084864,'Leonila ','Ríos Galeano','Lider Comunitaria','1941leo@gmail.com','3004604064','','Institución Educativa Pedro Claver Aguirre',1,3,'1941-04-15','2015-06-19 11:45:47','2015-07-13 14:08:40',47),(1175,1,98493226,'Luis Fernando ','Echeverry Castañeda','Emprendedor ','fernandoecheverry07@yahoo.es','4620837','','Institución Educativa Pedro Claver Aguirre',2,3,'1966-02-18','2015-06-19 11:47:43','2015-07-13 14:08:40',47),(1176,1,83000019,'Luis Rodrigo ','Uribe Ríos  ','Pensionado','luriber54@yahoo.com','2671063','','Institución Educativa Pedro Claver Aguirre',2,2,'1948-11-12','2015-06-19 11:51:13','2015-07-13 14:08:40',47),(1177,1,32536941,'María Aurora ','Urrego Betancur','Lider Comunitaria','aurora1011@hotmail.es','3218192500','','Institución Educativa Pedro Claver Aguirre',1,3,'1954-10-11','2015-06-19 11:53:37','2015-07-13 14:08:40',47),(1178,1,43429623,'María Celina ','Arias Ortíz','Lider Comunitaria','a-contigomujer@hotmail.com','4744170','','Institución Educativa Pedro Claver Aguirre',1,3,'1964-09-22','2015-06-19 11:55:38','2015-07-13 14:08:40',47),(1179,1,32350125,'Claudia ','Escobar','Profesional En Gestión Territorial','cliocp@hotmail.com','3105470621','3105470621','Unidad De Víctimas',1,2,NULL,'2015-06-19 14:17:25','2015-07-13 14:08:40',23),(1180,1,1036926495,'Yuli Yasmín','Pabón Pabón','Ama de casa','yuli68pabon@gmail.com','2863769','','Telecentro San Antonio de Prado',1,3,'1986-05-17','2015-06-19 15:53:20','2015-07-13 14:08:40',15),(1181,1,21791300,'Nubia de Jesús ','Estrada Holguin','Ama de casa','nubesho2903@hotmail.com','2869142','','Telecentro San Antonio de Prado',1,2,'1961-03-29','2015-06-19 16:03:12','2015-07-13 14:08:40',15),(1182,1,43602156,'Sonia Emilise','Serna López','Ama de casa','','3374544','','Telecentro San Antonio de Prado',1,1,'1976-03-01','2015-06-19 16:07:36','2015-07-13 14:08:40',15),(1183,1,43830761,'Dora Yaneth','Agudelo Jimenez ','Ama de casa','','2864091','','Telecentro San Antonio de Prado',1,2,'1973-12-24','2015-06-19 16:14:48','2015-07-13 14:08:40',15),(1184,1,8287587,'Horacio','Bedoya Rivas','Jubilado','horaciocolacho@hotmail.com','2861882','','Telecentro San Antonio de Prado',2,2,'1958-06-05','2015-06-19 16:17:12','2015-07-13 14:08:40',15),(1185,1,8316614,'Alcides ','Gil Yepes','pensionado','','3370329','','Telecentro San Antonio de Prado',2,2,'1950-12-16','2015-06-19 16:19:12','2015-07-13 14:08:40',15),(1186,1,570511675,'Hernan Dario','Patiño Zapata','Pensionado','','2860574','','Telecentro San Antonio de Prado',2,2,'1952-11-12','2015-06-19 16:21:42','2015-07-13 14:08:40',15),(1187,1,39439571,'Omaira ','Jaramillo Chaverra','Ama de casa','','2860574','','Telecentro San Antonio de Prado',1,2,'1967-04-28','2015-06-19 16:29:06','2015-07-13 14:08:40',15),(1188,1,43825792,'Aleida María','Toro Uribe','Ama de casa','aleidamaria_59@hotmail.com','2862674','','Telecentro San Antonio de Prado',1,2,'1974-01-28','2015-06-19 16:34:06','2015-07-13 14:08:40',15),(1189,1,42782769,'Beatriz','Agudelo Jimenez','Ama de casa','','2868830','','Telecentro San Antonio de Prado',1,3,'1970-01-23','2015-06-19 16:38:03','2015-07-13 14:08:40',15),(1190,1,21407059,'Rosalba ','Montoya Cadavid','Oficios Varios','rosa1112tlp@gmail.com','2863895','','Telecentro San Antonio de Prado',1,2,NULL,'2015-06-19 16:41:40','2015-07-13 14:08:40',15),(1191,1,1128455526,'Laura Isabel','Castaño Betancur','Gestora TIC','lauraisabelcb@gmail.com','2866182','3008646518','Uniminuto',1,3,NULL,'2015-06-19 20:08:36','2015-07-13 14:08:40',15),(1192,1,42990085,'Doriela ','Tabares Restrepo ','Ama De Casa','dorielatabares@gmail.com','4723327','','Fundación Ratón De Biblioteca La Esperanza',1,3,'1960-07-07','2015-06-22 08:08:23','2015-07-13 14:08:40',47),(1193,1,39327622,'Yaned ','Hincapié','Estilista','tahinya0576@hotmail.com','2370151','','Fundación Ratón De Biblioteca La Esperanza',1,3,NULL,'2015-06-22 08:13:20','2015-07-13 14:08:40',47),(1194,1,8277983,'Aicardo De Jesús ','Molina Yepes','Pensionado','aicamilye@hotmail.com','4774153','','Fundación Ratón De Biblioteca La Esperanza',2,3,'1947-03-17','2015-06-22 08:17:15','2015-07-13 14:08:40',47),(1195,1,43056498,'Aura Helena ','Giraldo Miranda','Independiente','aurita.excel@gmail.com','2670788','','Fundación Ratón De Biblioteca La Esperanza',1,3,'1963-06-17','2015-06-22 08:19:53','2015-07-13 14:08:40',47),(1196,1,43050835,'Luz Marina ','Vergara Orozco','Independiente','luz.ma721@hotmail.com','4779967','','Fundación Ratón De Biblioteca La Esperanza',1,3,'1963-04-07','2015-06-22 08:23:54','2015-07-13 14:08:40',47),(1197,1,43672684,'Daryeny ','Duque Serna','Ama De Casa','dsds3069@hotmail.com','4779333','','Fundación Ratón De Biblioteca La Esperanza',1,3,'1969-05-30','2015-06-22 08:26:18','2015-07-13 14:08:40',47),(1198,1,32310657,'Libia Inés ','Castro De Zea','Ama De Casa','libiacastro54@hotmail.com','4713719','','Fundación Ratón De Biblioteca La Esperanza',1,3,'1964-12-31','2015-06-22 08:28:57','2015-07-13 14:08:40',47),(1199,1,16545191,'Arturo ','Mendoza Nuñez','Pensionado','wawer1956@yahoo.es','4772275','','Fundación Ratón De Biblioteca La Esperanza',2,3,'1956-12-04','2015-06-22 08:31:30','2015-07-13 14:08:40',47),(1200,1,43709595,'Mariluz ','Rios Muñoz','Empresaria','salogutierrez@gmail.com','4416408','','Cedezo La Quintana',1,2,'1978-12-13','2015-06-22 08:33:50','2015-07-13 14:08:40',47),(1201,1,43104169,'Luz Dary ','Tamayo ','Empresaria','','4416408','','Cedezo La Quintana',1,2,'1978-08-23','2015-06-22 08:36:31','2015-07-13 14:08:40',47),(1202,1,71634658,'Arvey Dario ','Valencia','Funcionario Cómodatos','arveydario1963@gmail.com','3855675','','Cedezo La Quintana',2,2,'1963-06-18','2015-06-22 08:38:48','2015-07-13 14:08:40',47),(1203,1,40403673,'Mónica Liliana ','Mamby Castañeda','Lider Comunitaria','mmamby75@hotmail.com','6031536','','Institución Educativa Pedro Claver Aguirre',1,3,'1975-02-07','2015-06-22 08:51:45','2015-07-13 14:08:40',47),(1204,1,43439433,'Raquel Aida ','Mejía Botero','Emprendedora','aidamejia953@hotmail.com','5872580','','Institución Educativa Pedro Claver Aguirre',1,3,'1966-04-23','2015-06-22 08:55:54','2015-07-13 14:08:40',47),(1205,1,21400169,'Marleny Del Socorro ','Heredia','Ama De Casa','mardia21@yahoo.com','4771374','','Fundación Ratón De Biblioteca La Esperanza',1,3,'1956-09-21','2015-06-22 09:08:05','2015-07-13 14:08:40',47),(1206,1,1128384806,'Natalia ','Vásquez','Ama De Casa','nismaryv@hotmail.com','5832708','','Fundación Ratón De Biblioteca La Esperanza',1,3,'1987-01-11','2015-06-22 09:14:35','2015-07-13 14:08:40',47),(1207,1,43811129,'Sandra Liliana ','Vásquez Penagos','Cosmetóloga','sandralili2473@hotmail.com','3107071038','','Cedezo La Quintana',1,3,'1973-08-24','2015-06-22 09:36:34','2015-07-13 14:08:40',47),(1208,1,71784665,'Jairo Alonso ','Rojas Arias','Funcionario Cómodatos','jeronjai2008@gmail.com','4190288','','Cedezo La Quintana',2,4,'1978-07-03','2015-06-22 09:46:27','2015-07-13 14:08:40',47),(1209,1,71707647,'Robinson ','Vergara Zapata','Empresario','','2371222','','Cedezo La Quintana',2,3,'1972-02-02','2015-06-22 09:48:51','2015-07-13 14:08:40',47),(1210,1,71604786,'Wilson ','Palacio','Funcionario Cómodatos','volvianacerhoy@hotmail.com','3103743841','','Cedezo La Quintana',2,3,'1960-04-19','2015-06-22 09:54:51','2015-07-13 14:08:40',47),(1211,1,22068576,'Flor María ','Álvarez Gómez ','Jubilada','flormaria.alvarez11@gmail.com','2579206','','Cedezo La Quintana',2,3,'1951-11-14','2015-06-22 10:01:36','2015-07-13 14:08:40',47),(1212,1,3535078,'Antonio  María ','Otálvaro Zapata  ','Jubilado','antoniootalvaro273@gmail.com','2579102','','Cedezo La Quintana',2,3,'1939-02-19','2015-06-22 10:04:00','2015-07-13 14:08:40',47),(1213,1,1017156728,'Linda Keiko ','Marulanda','Independiente','linkey5704@hotmail.com','5838712','','Cedezo La Quintana',1,2,'1987-10-17','2015-06-22 10:22:35','2015-07-13 14:08:40',47),(1214,1,43510996,'Luz Elena ','Chica Rúiz','Ama De Casa','luzelenachica@gmail.com','4418291','','Cedezo La Quintana',1,2,'1953-02-12','2015-06-22 10:38:35','2015-07-13 14:08:40',47),(1215,1,11788013,'Jose María ','Ibarguen Gómez','Pensionado','jomaigo25@gmail.com','4412974','','Cedezo La Quintana',2,2,'1953-01-25','2015-06-22 10:52:33','2015-07-13 14:08:40',47),(1216,1,42982622,'Rubiela ','Suaza De Marín','Ama De Casa','camerinosvestuarios@gmail.com','4374827','','Cedezo La Quintana',1,3,'1955-09-17','2015-06-22 10:55:38','2015-07-13 14:08:40',47),(1217,1,71361698,'Yuber Darío ','Jaramillo Cardona','Barbero','yuberalejo@hotmail.com','6034812','','Cedezo La Quintana',2,2,'1983-03-05','2015-06-22 10:58:41','2015-07-13 14:08:40',47),(1218,1,43826000,'Isabel Cristina','Lozano Murillo','Ama de casa','icrislozano@gmail.com','2867022','','IE Fé y Alegría El Limonar',1,2,NULL,'2015-06-22 13:20:23','2015-07-13 14:08:40',15),(1219,1,42675893,'Nazareth','Pulgarín','Ama de casa','manapre1@hotmail.com','2865190','','IE Fé y Alegría El Limonar',1,3,NULL,'2015-06-22 13:22:43','2015-07-13 14:08:40',15),(1220,1,43150981,'Liliana María','Restrepo Pérez','Independiente','lilianasantyy@gmail.com','3372711','','IE Fé y Alegría El Limonar',1,2,NULL,'2015-06-22 13:24:52','2015-07-13 14:08:40',15),(1221,1,1017128160,'Deisy Eliana ','Baena Giraldo','Asistente Administrativa','deibaenita@hotmail.com','2926732','3006832791','JAC Comuna 8, Los Mangos',1,2,NULL,'2015-06-22 14:00:33','2015-07-13 14:08:40',40),(1222,1,43076709,'Blanca Ruth','Giraldo Bargas','Independiente','ruth.giraldo@hotmail.com','2841080','3103968704','JAC Comuna 8, Los Mangos',1,1,NULL,'2015-06-22 14:04:48','2015-07-13 14:08:40',40),(1223,1,97061903988,'Alejandro','Escobar Vargas','Arquitectura','alejandroescobar25@gmail.com','3411584','3128602315','Institución Universitaria Colegio Mayor De Antioquia',2,3,'1997-06-19','2015-06-22 14:19:00','2015-07-13 14:08:40',15),(1224,1,99020709614,'Zuleyma Fernanda','Orozco Restrepo','Estudiante','notiene@notiene','2306772','','Centro integrado ',1,2,'1999-02-07','2015-06-22 14:24:15','2015-07-13 14:08:40',23),(1225,1,1000887984,'Sebastian','Metrio','Estudiante','notiene@notiene','2580435','','Centro integrado',2,2,'2001-01-22','2015-06-22 14:37:15','2015-07-13 14:08:40',23),(1226,1,1192742703,'Kevin Sebastian','Tabares','Estudiante','notiene@notiene','2331139','','Centro Integrado',2,2,'2002-05-18','2015-06-22 14:39:17','2015-07-13 14:08:40',23),(1227,1,1000774914,'Astrid Valentina ','López','Centro integrada','notiene@notiene','2533295','','Centro integrado',1,2,'2000-07-15','2015-06-22 14:42:21','2015-07-13 14:08:40',23),(1228,1,1000549209,'Manuela','Palomeque','Estudiante','notiene@notiene','4930855','','Centro integrado',1,2,'1999-09-25','2015-06-22 14:45:12','2015-07-13 14:08:40',23),(1229,1,98062859610,'Anlly Paola ','Gaviria Bustamante','Estudiante','notiene@notiene','2642212','','centro integrado',1,2,'1998-06-28','2015-06-22 14:49:02','2015-07-13 14:08:40',23),(1230,1,1001228937,'Brahiam','Vahos Rojas','estudiante','notiene@notiene','2125823','','centro integrado',2,2,'2000-11-25','2015-06-22 14:55:41','2015-07-13 14:08:40',23),(1231,1,98050363201,'Victor ','Sánchez','estudiante','notiene@notiene','4965436','','centro integrado',2,2,'1998-05-03','2015-06-22 15:01:53','2015-07-13 14:08:40',23),(1232,1,1000207830,'Daniela','Sánchez','estudiante','notiene@notiene','4965436','','centro integrado',1,2,'2000-11-16','2015-06-22 15:04:00','2015-07-13 14:08:40',23),(1233,1,1000445898,'Marlon Camilo','Uribe','estudiante','notiene@notiene','2582389','','centro integrado',2,2,'2001-05-22','2015-06-22 15:10:13','2015-07-13 14:08:40',23),(1234,1,99081112807,'Duvan  Andrés ','Sossa','estudiante','notiene@notiene','4227390','','centro integrado',2,1,'1999-08-11','2015-06-22 15:12:33','2015-07-13 14:08:40',23),(1235,1,98122107051,'Paola Andrea ','Muñoz','estudiante','notiene@notiene','2379407','','Centro Integrado',1,2,'1998-12-21','2015-06-22 15:16:59','2015-07-13 14:08:40',23),(1236,1,1000759724,'Mateo','Torres','estudiante','notiene@notiene','5723259','','centro integrado ',2,1,'2002-08-30','2015-06-22 15:19:33','2015-07-13 14:08:40',23),(1237,1,98052250951,'Jazmin','Ortiz','estudiante','notiene@notiene','2643649','','centro integrado',1,2,'1998-05-22','2015-06-22 15:22:03','2015-07-13 14:08:40',23),(1238,1,97021613588,'Johan ','Acevedo López','estudiante','notiene@notiene','2676758','','centro integrado',1,2,'1997-02-16','2015-06-22 15:24:22','2015-07-13 14:08:40',23),(1239,1,1001440343,'Mariana ','López Hidalgo','estudiante','notiene@notiene','3128143253','','centro integrado',1,2,NULL,'2015-06-22 15:27:19','2015-07-13 14:08:40',23),(1240,1,32322437,'Gladis ','Sepulveda Franco','Microempresaria','elijacreatividad@outlook.com','3892661','','Cedezo Belén',1,3,NULL,'2015-06-22 15:33:34','2015-07-13 14:08:40',15),(1241,1,43261496,'Adiela ','Monroy','Gestora Administrativa','beisbol.vdag@inder.gov.co','3012164617','3012164617','Estadio',1,3,NULL,'2015-06-22 16:17:15','2015-07-13 14:08:40',46),(1242,1,8025865,'Jairo ','Lozano Santos','Auxiliar Referencista','jairo865@hotmail.com','4373729','3104896890','Biblioteca EPM',2,4,NULL,'2015-06-22 16:27:05','2015-07-13 14:08:40',40),(1243,1,43259634,'Adriana','Ospina Aguilar','Profesional de Formación','adri178@gmail.com','3807529','3216107282','Biblioteca EPM',1,4,NULL,'2015-06-22 16:32:55','2015-07-13 14:08:40',40),(1244,1,1017180124,'Zuhair ','Sánchez Maya','Auxiliar Referencista','zuhan0507@gmail.com','2938306','3045893539','Biblioteca EPM',2,2,NULL,'2015-06-22 16:39:25','2015-07-13 14:08:40',40),(1245,1,1214720671,'Daniela','Cardona Londoño','Auxiliar Referencista','danielacardonalondono@gmail.com','3429576','3148544092','Biblioteca EPM',1,3,NULL,'2015-06-22 16:42:30','2015-07-13 14:08:40',40),(1246,1,1020441428,'Jefferson Andrés','Munera Agudelo','Auxiliar Referencista','jmunera15@hotmail.com','2529166','3217841526','Biblioteca EPM',2,3,NULL,'2015-06-22 16:46:06','2015-07-13 14:08:40',40),(1247,1,39273136,'Constanza Aracelly ','Cano Rojas','Auxiliar contable','cons.monic@outloook.com','3105100318','','Institución Educativa José Acevedo y Gómez ',1,3,'1971-09-08','2015-06-23 07:39:06','2015-07-13 14:08:40',43),(1248,1,43413051,'Margarita María ','Rendón Betancur','Ama de casa','margaritare25@hotmail.com','3613462','','Institución Educativa José Acevedo y Gómez ',1,2,'1958-09-14','2015-06-23 08:10:06','2015-07-13 14:08:40',43),(1249,1,43165297,'Mónica ','Sánchez Espinoza','Ama De Casa','monica.linda2230@gmail.com','4460950','','Cedezo La Quintana',1,2,'1979-03-22','2015-06-23 08:41:09','2015-07-13 14:08:40',47),(1250,1,43588556,'Luz Elena',' Parra Vergara','Ama de casa','elepa7444@gmail.com','2558940','','Institución Educativa José Acevedo y Gómez ',1,3,'1974-10-04','2015-06-23 08:42:15','2015-07-13 14:08:40',43),(1255,1,436100399,'María Del Pilar ','Calle ','Ama De Casa','pilarica-063@gmail.com','3002129746','','Cedezo La Quintana',2,2,'1976-07-03','2015-06-23 08:46:51','2015-07-13 14:08:40',47),(1262,1,43048445,'Hilda Lucía ','Restrepo Velásquez','Ama De Casa','calama048@gmail.com','4417175','3148378342','Cedezo La Quintana',1,3,'1962-11-06','2015-06-23 08:51:41','2015-07-13 14:08:40',47),(1269,1,43029490,'María Elena ','Cañaveral','Ama De Casa','maelcai@yahoo.es','2577179','','Cedezo La Quintana',1,3,'1962-02-14','2015-06-23 08:58:16','2015-07-13 14:08:40',47),(1271,1,25214285,'Gloria ','Rivera Duque','Ama de casa','gloriari010@hotmail.com','5827903','','Institución Educativa José Acevedo y Gómez ',1,3,'1961-02-11','2015-06-23 09:01:47','2015-07-13 14:08:40',43),(1272,1,43081515,'Helen ','Blanco ','Ama De Casa','','2579073','','Cedezo La Quintana',1,3,'1959-10-25','2015-06-23 09:02:22','2015-07-13 14:08:40',47),(1273,1,98621588,'Brany ','Valencia Ríos','Auxiliar De Construcción','branyvalencia0574@gmail.com','4460950','','Cedezo La Quintana',2,3,'1970-06-05','2015-06-23 09:05:36','2015-07-13 14:08:40',47),(1274,1,43497324,'Mónica María ','Restrepo','Ama De Casa','restrepomonica4@gmail.com','2570703','','Cedezo La Quintana',1,3,'1966-07-09','2015-06-23 09:08:35','2015-07-13 14:08:40',47),(1275,1,42775991,'Piedad Cecilia','Castro','Secretaria','piedad.castro@medellin.gov.co','3859207','','Unidad Integral De Belén # 6',1,3,NULL,'2015-06-23 09:09:41','2015-07-13 14:08:40',15),(1277,1,32458176,'Beatriz ','Bedoya Gómez','Jubilada','bettybedoya1950@gmail.com','2649595','3207287381','Institución Educativa Gerardo Valencia',1,3,'1950-05-20','2015-06-30 21:32:19','2015-07-13 14:08:40',24),(1278,1,44004858,'Eliana María ','Restrepo','Independiente','eliana.samuel@hotmail.es','5892260','','Fundación Ratón De Biblioteca La Esperanza',1,3,NULL,'2015-06-23 09:17:56','2015-07-13 14:08:40',47),(1279,1,42964827,'María Rosmira ','Villada Vélez','Ama De Casa','rosmira3384@gmail.com','4373592','','Cedezo La Quintana',1,3,'1957-06-17','2015-06-23 09:24:18','2015-07-13 14:08:40',47),(1280,1,43118318,'Margarita ','Vásquez','Estudiante','juanma1808@gmail.com','5781122','','Cedezo La Quintana',1,3,NULL,'2015-06-23 09:28:09','2015-07-13 14:08:40',47),(1281,1,32480227,'Blanca Erlenis','Rueda De Puerta','Ama De Casa','','4186678','','Casa De La Cultura De Pedregal',1,2,'1947-12-19','2015-06-23 09:37:07','2015-07-13 14:08:40',47),(1282,1,43088838,'Alba Mery','Vásquez Restrepo ','Ama De Casa','','2373926','','Casa De La Cultura De Pedregal',1,3,'1964-06-11','2015-06-23 09:41:29','2015-07-13 14:08:40',47),(1283,1,21807687,'María Bertha ','Agudelo Areiza','Pensionada','','4380586','','Casa De La Cultura De Pedregal',1,3,'1943-04-27','2015-06-23 09:44:13','2015-07-13 14:08:40',47),(1284,1,21457704,'Rosalba','Cadavid Restrepo','Ama De Casa','','3216268060','','Casa De La Cultura De Pedregal',1,3,'1940-11-17','2015-06-23 09:46:48','2015-07-13 14:08:40',47),(1285,1,42767015,'Beatriz Elena ',' Loaiza Arango','No tiene','beatrizelenal@hotmail.com','3612717','','Institución Educativa José Acevedo y Gómez ',1,3,'1961-02-11','2015-06-23 09:47:50','2015-07-13 14:08:40',43),(1286,1,32419033,'Consuelo','Betancur Olaya','Pensionada','','5702832','','Casa De La Cultura De Pedregal',1,2,'1946-12-11','2015-06-23 09:49:01','2015-07-13 14:08:40',47),(1287,1,21545983,'Teresa De Jesús','Ramírez Salazar ','Ama De Casa','','4740102','','Casa De La Cultura De Pedregal',1,3,'1942-03-02','2015-06-23 09:51:18','2015-07-13 14:08:40',47),(1288,1,43500211,'Martha Elena ','Roldan','Docente','roldanmartha1@gmail.com','2562097','','IE San Roberto Belarmino',1,3,NULL,'2015-06-23 09:51:22','2015-07-13 14:08:40',15),(1289,1,59831601,'Paula Andrea ','Córdoba Vallejo','Docente','pacoba10@gmail.com','2562097','','IE San Roberto Belarmino',1,3,NULL,'2015-06-23 09:52:58','2015-07-13 14:08:40',15),(1290,1,31154945,'Blanca','Ciro Sánchez','Ama De Casa','','5803175','','Casa De La Cultura De Pedregal',1,2,'1958-10-17','2015-06-23 09:55:47','2015-07-13 14:08:40',47),(1291,1,43806899,'Claudia María','Osorio Zapata','Ama De Casa','','3106913132','','Casa De La Cultura De Pedregal',1,3,'1971-04-15','2015-06-23 09:58:23','2015-07-13 14:08:40',47),(1292,1,32513203,'María Eugenia',' Alarca Rodríguez','Ama de casa','kmilacadavid26@gmail.com','5811755','','Institución Educativa José Acevedo y Gómez ',1,3,'1953-01-21','2015-06-23 10:07:25','2015-07-13 14:08:40',43),(1293,1,21350228,'Consuelo',' Vallejo de Pérez','Ama de casa ','consuelo1935@hotmail.com','6032760','','Institución Educativa José Acevedo y Gómez ',1,3,'1935-07-12','2015-06-23 10:12:46','2015-07-13 14:08:40',43),(1294,1,42961389,'Aida Cecilia ','Gómez Silva','Ama de casa','gomezcecilia093@gmail.com','3529596','','Institución Educativa José Acevedo y Gómez ',1,3,'1957-01-12','2015-06-23 10:19:17','2015-07-13 14:08:40',43),(1295,1,21373996,'Debora','Gómez Restrepo','Ama De Casa','','3794991','','Telecentro Pradito',1,2,'1943-08-20','2015-06-23 10:23:05','2015-07-13 14:08:40',47),(1296,1,32313665,'María ','Witer Ortega','Pensionada','witer45@hotmail.com','3414800','','Institución Educativa José Acevedo y Gómez ',1,3,'1956-04-15','2015-06-23 10:26:46','2015-07-13 14:08:40',43),(1297,1,32473257,'Florinda','García Rincón','Ama De Casa','','2867309','','Telecentro Pradito',1,3,'1951-03-06','2015-06-23 10:29:13','2015-07-13 14:08:40',47),(1298,1,26137708,'Luz Marina','Pérez Posada','Ama De Casa','mama-yeye@hotmail.com','3146396504','','Telecentro Pradito',1,1,'1966-03-28','2015-06-23 10:32:05','2015-07-13 14:08:40',47),(1299,1,32543081,'María Neila ','Urrego Giraldo','Ama de casa ','maneiurr@gmail.com','2850451','','Institución Educativa José Acevedo y Gómez ',1,2,NULL,'2015-06-23 10:33:23','2015-07-13 14:08:40',43),(1300,1,42879883,'Lilian ','Atehortúa Osorio','Ama De Casa','lilola_2010@homail.com','2864691','','Telecentro Pradito',1,2,'1962-07-19','2015-06-23 10:36:25','2015-07-13 14:08:40',47),(1301,1,24808021,'María Teresa','Cárdenas Ríos ','Pensionada','matecarrios@hotmail.com','2861508','','Telecentro Pradito',1,3,'1965-01-31','2015-06-23 10:41:03','2015-07-13 14:08:40',47),(1302,1,43048706,'Luz Estella ','Piedrahita Mesa','Ama de casa ','mesapiedrahita@hotmail.com','3622259','','Institución Educativa José Acevedo y Gómez ',1,3,'1963-01-31','2015-06-23 10:47:52','2015-07-13 14:08:40',43),(1303,1,21938914,'Socorro','Zapata Marín','Ama De Casa','','5888425','','Telecentro Pradito',1,2,'1965-12-01','2015-06-23 10:50:18','2015-07-13 14:08:40',47),(1304,1,32349833,'Gloria ','Henao Hernández ','Ama de casa','gloritahehe@gmail.com','2552996','','Institución Educativa José Acevedo y Gómez ',1,3,NULL,'2015-06-23 10:53:30','2015-07-13 14:08:40',43),(1305,1,1152443852,'Juliana','Molina Cárdenas','Empleada/Estudiante','julimoli99@gmail.com','2861508','','Telecentro Pradito',1,3,'1992-11-29','2015-06-23 11:18:55','2015-07-13 14:08:40',47),(1306,1,1036643335,'Cristian ','Villegas Chaverra','Estudiante','cvillegas1992@gmail.com','3128698014','','Telecentro Pradito',2,3,'1992-12-05','2015-06-23 11:23:47','2015-07-13 14:08:40',47),(1307,1,1036641230,'Andres ','Henao Restrepo ','Empleado','andres.h.r-15@hotmail.com','3226459744','','Telecentro Pradito',2,3,'1992-08-16','2015-06-23 11:26:10','2015-07-13 14:08:40',47),(1308,1,1128461234,'Camilo','Patiño Patiño','Sin Ocupación','','3028720','','Telecentro San Antonio De Prado',2,2,'1995-05-05','2015-06-24 11:27:40','2015-07-13 14:08:40',15),(1309,1,43826907,'Marta Cecilia ','Holguín ','Sin Ocupación','','2865966','','Telecentro San Antonio De Prado',1,2,'1973-02-09','2015-06-24 11:30:52','2015-07-13 14:08:40',15),(1310,1,21515780,'María Magdalena','Cano Quiceno','Sin Ocupación','','2865966','','Telecentro San Antonio De Prado',1,2,'1969-02-12','2015-06-24 11:31:18','2015-07-13 14:08:40',15),(1311,1,8175078,'Andrés Elías ','Parra','Sin Ocupación','','3373439','','Telecentro San Antonio De Prado',2,2,'1983-08-12','2015-06-24 11:31:55','2015-07-13 14:08:40',15),(1312,1,1152447024,'Johana ','Tapias','Dinamizadora Telecentro','jhoana.tapias@gmail.com','2864073','3186939476','Telecentro Pradito',1,3,NULL,'2015-06-23 11:56:03','2015-07-13 14:08:40',15),(1313,1,43453942,'Marleni','De Osa Holguín ','Sin Ocupación','','2868414','','Telecentro San Antonio De Prado',1,2,'1965-02-12','2015-06-24 11:33:05','2015-07-13 14:08:40',15),(1314,1,98624281,'Jorge Eliecer','Villa','Sin Ocupación','','2865839','','Telecentro San Antonio De Prado',2,3,'1974-05-11','2015-06-24 11:33:23','2015-07-13 14:08:40',15),(1315,1,71291990,'Andrés Maurício ','Cicerí','Sin Ocupación','','2868156','','Telecentro San Antonio De Prado',2,3,'1982-03-28','2015-06-24 11:35:08','2015-07-13 14:08:40',15),(1316,1,71526250,'William ','Mejía','Sin Ocupación','','2866520','','Telecentro San Antonio De Prado',2,2,'1972-03-31','2015-06-24 11:38:12','2015-07-13 14:08:40',15),(1317,1,1128458804,'Cristian David ','Fernandez','Sin Ocupación','','3794545','','Telecentro San Antonio De Prado',2,3,'1994-02-09','2015-06-24 11:40:12','2015-07-13 14:08:40',15),(1318,1,1028463572,'Elizabeth ','González','Sin Ocupación','','3370703','','Telecentro San Antonio De Prado',2,2,'1997-02-10','2015-06-24 11:40:32','2015-07-13 14:08:40',15),(1319,1,39177283,'Piedad Del Socorro','Giraldo Jiménez','Sin Ocupación','','2865463','','Telecentro San Antonio De Prado',1,2,'1979-10-09','2015-06-24 11:38:26','2015-07-13 14:08:40',15),(1320,1,1128459654,'Sebastian','Moreno','Sin Ocupación','','2862669','','Telecentro San Antonio De Prado',2,2,'1994-05-07','2015-06-24 11:40:48','2015-07-13 14:08:40',15),(1321,1,42006435,'Blanca Nubia','Nieto López','Independiente','blancanu22@hotmail.com','4223313','3113851068','Por Mis Derechos',1,1,NULL,'2015-06-23 12:39:12','2015-07-13 14:08:40',40),(1322,1,71685275,'Jorge Enrique','Vélez Bayona','Independiente','jorge.velez@hotmail.com','3116198612','','Por Mis Derechos',2,3,NULL,'2015-06-23 12:43:51','2015-07-13 14:08:40',40),(1323,1,71684563,'Jhon Jairo ','Rodríguez Jaramillo','Litógrafo','jhonjair1830@hotmail.com','5828417','','Por Mis Derechos',2,3,NULL,'2015-06-23 12:50:00','2015-07-13 14:08:40',40),(1324,1,42984259,'Martha Eligia','Quintero Pineda','Ama de casa','marthaquintero27@hotmail.com','5119952','3217956844','Por Mis Derechos',1,3,NULL,'2015-06-23 12:52:37','2015-07-13 14:08:40',40),(1325,1,43042185,'María Isabel ','Quintero Pineda','Ama de casa','isabel32.pineda@gmail.com','5129336','3217124478','Por Mis Derechos',1,3,NULL,'2015-06-23 12:55:34','2015-07-13 14:08:40',40),(1326,1,39404880,'María Consuelo ','Tapasco ','Farmaceuta','consuelotapasco.43@gmail.com','2162018','3016107368','Por Mis Derechos',1,2,NULL,'2015-06-23 12:58:36','2015-07-13 14:08:40',40),(1327,1,74405458,'Luis Fernando','Ribero','Coordinador Área Sistemas','fernando.ribero@medellin.gov.co','3857132','','Centro De Innovación Del Maestro, MOVA',2,4,'1966-08-15','2015-06-23 13:12:14','2015-07-13 14:08:40',40),(1328,1,1001227148,'Mariana ','Higuita Monsalve','Estudiante','marianahiguita20@hotmail.com','2271147','3207044111','I. E. Sol de Oriente',1,1,NULL,'2015-06-23 14:14:00','2015-07-13 14:08:40',40),(1329,1,1000535215,'Juan Diego ','Restrepo Carvajal','Estudiante','jrestrepocarvajal@gmail.com','5787606','3122184239','I. E. Sol de Oriente',2,1,NULL,'2015-06-23 14:19:33','2015-07-13 14:08:40',40),(1330,1,1000758512,'Andrés Felipe ','Tapias Tuberquia','Estudiante','tapiastuberquia@gmail.com','2264499','','I. E. Sol de Oriente',2,1,NULL,'2015-06-23 14:21:31','2015-07-13 14:08:40',40),(1331,1,1000305457,'Juan Esteban ','Jaramillo Pino','Estudiante','juanes012p@gmail.com','2922131','','I. E. Sol de Oriente',2,1,NULL,'2015-06-23 14:23:07','2015-07-13 14:08:40',40),(1332,1,1000899024,'Daniel Alejandro ','Correa','Estudiante','notiene@notiene','3166939083','','Punto Vive Digital- Parque Biblioteca Fdo Botero',2,2,NULL,'2015-06-23 14:34:24','2015-07-13 14:08:40',23),(1333,1,1025761885,'Gisel','Zapata Vélez','estudiante','notiene@notiene','3166939083','','punto vive Digital- Biblioteca Fdo Botero',1,2,NULL,'2015-06-23 14:36:39','2015-07-13 14:08:40',23),(1334,1,1023630186,'Jerónimo ','Gómez Posada','estudiante','notiene@notiene','3166939083','','punto vive Digital- Biblioteca Fdo Gómez',2,2,NULL,'2015-06-23 14:38:48','2015-07-13 14:08:40',23),(1335,1,9991,'Jesús David ','Urrego Giraldo','Estudiante','jesusdavidestik@hotmail.com','3664567','','Fundación Munay',2,2,NULL,'2015-06-23 14:41:03','2015-07-13 14:08:40',17),(1336,1,1017922822,'Juan Manel','Ospina Valencia','estudiante','notiene@notiene','3166939083','','Punto Vive Digital- Biblioteca Fdo Botero',2,2,NULL,'2015-06-23 14:45:04','2015-07-13 14:08:40',23),(1337,1,1000089558,'Geneyer Daniel','Lopera Giraldo','Estuiante','geneyer-1011@hotmail.com','3664567','','Fundación Munay',2,1,NULL,'2015-06-23 14:45:55','2015-07-13 14:08:40',17),(1338,1,1022142766,'Juliana ','Martínez Vásquez','Estudiante','notiene@notiene','3166939083','','Punto Vive Digital- Biblioteca Fdo Botero',2,2,NULL,'2015-06-23 14:47:12','2015-07-13 14:08:40',23),(1339,1,1015068007,'Maria Jose ','Montoya Mejía','estudiante','notiene@notiene','3166939083','','Punto Vive Digital- biblioteca Fdo Botero',1,2,NULL,'2015-06-23 14:50:44','2015-07-13 14:08:40',23),(1340,1,1193112330,'Maria José','Muñoz Henao','estudiante','notiene@notiene','3166939083','','Punto Vive Digital- Biblioteca Fdo Botero',1,2,NULL,'2015-06-23 14:53:34','2015-07-13 14:08:40',23),(1341,1,1001469101,'Leonardo ','Guerra Morales','Estudiante','leoguemohogar@hotmail.com','3664567','','Fundación Munay',2,1,NULL,'2015-06-23 14:54:10','2015-07-13 14:08:40',17),(1342,1,1023522893,'Nicolás','Alvarez Posada','estudiante','notiene@notiene','3166939083','','Punto Vive Digital- Biblioteca fdo Botero',2,2,NULL,'2015-06-23 14:56:14','2015-07-13 14:08:40',23),(1343,1,1001137916,'Santiago ','Hoyos López','Estudiante','santiago-pre@hotmail.com','3664567','','Fundación Munay',2,1,NULL,'2015-06-23 14:57:39','2015-07-13 14:08:40',17),(1344,1,1011510564,'Rafael ','Uribe Rodriguez','estudiante','notiene@notiene','3166939083','','Punto Vive Digital- Biblioteca Fdo Botero',2,2,NULL,'2015-06-23 15:00:07','2015-07-13 14:08:40',23),(1345,1,1025885971,'Samuel ','Alzate','estudiante','notiene@notiene','3166939083','','estudiante',2,2,NULL,'2015-06-23 15:01:52','2015-07-13 14:08:40',23),(1346,1,97020713115,'Johanna','Jiménez López','Estudiante','nube.jjlcr1997@gmail.com','2647809','','Centro de Información e Investigación Ambiental-CIIAM',1,3,NULL,'2015-06-23 15:02:05','2015-07-13 14:08:40',40),(1347,1,1021927028,'Samuel Alejandro','Colorado Santamaría','estudiante','notiene@notiene','3166939083','','Punto Vive Digital- Biblioteca Fdo Botero',2,2,NULL,'2015-06-23 15:07:09','2015-07-13 14:08:40',23),(1348,1,1025651148,'Sofía','Múnera Céspedes','estudiante','notiene@notiene','3166939083','','Punto Vive Digital- Biblioteca Fdo Botero',1,2,NULL,'2015-06-23 15:18:12','2015-07-13 14:08:40',23),(1349,1,1007055526,'Valeria ','Zapata Mejía','estudiante','notiene@notiene','3166939083','','Punto Vive Digital- Biblioteca Fdo Botero',1,2,NULL,'2015-06-23 15:20:10','2015-07-13 14:08:40',23),(1350,1,1000899321,'Ximena Alejandra ','Colorado SantaMaría','estudiante','notiene@notiene','3166939083','','Punto Vive Digital- Biblioteca Fdo Botero',1,2,NULL,'2015-06-23 15:22:28','2015-07-13 14:08:40',23),(1351,1,100534177,'yeferson Duban','Cañaveral Cano','estudiante','notiene@notiene','3166903983','','Punto Vive Digital- Biblioteca Fdo Botero',2,2,NULL,'2015-06-23 15:26:12','2015-07-13 14:08:40',23),(1352,1,22808869,'Vanessa ','Díaz Díaz','Abogada','vadidi_80@hotmail.com','3114410764','3114410764','Ninguna',1,3,NULL,'2015-06-23 15:29:10','2015-07-13 14:08:40',40),(1353,1,9992,'Santiago','Mesa Lopera','Estudiante','santiago-20.30@hotmail.com','3664567','','Fundación Munay',2,1,NULL,'2015-06-23 15:43:32','2015-07-13 14:08:40',17),(1354,1,100935495,'Ferney Andrés ','Torres','Estudiante','ferneyyy@hotmail.com','3664567','','Fundación Munay',2,1,NULL,'2015-06-23 15:45:22','2015-07-13 14:08:40',17),(1355,1,9993,'Yeferson Esteban','Ramírez Álvarez','Estudiante','yeferson205@hotmail.com','3664567','','Fundación Munay',2,1,NULL,'2015-06-23 15:47:12','2015-07-13 14:08:40',17),(1356,1,1001762759,'Diego Alejandro','Rivera Jiménez','Estudiante','diego108@hotmail.com','3664567','','Fundación Munay',2,1,NULL,'2015-06-23 15:54:45','2015-07-13 14:08:40',17),(1357,1,9995,'Juan Diego','Mena Manco','Estudiante','','3664567','','Fundación Munay',2,1,NULL,'2015-06-23 16:17:56','2015-07-13 14:08:40',17),(1358,1,9996,'Maicol jordan','Quintero Gutiérrez','Estudiante','','3664567','','Fundación Munay',2,1,NULL,'2015-06-23 16:20:23','2015-07-13 14:08:40',17),(1359,1,9997,'Nelson Enrique','Pérez Valle','Estudiante','','3664567','','Fundación Munay',2,1,NULL,'2015-06-23 16:21:43','2015-07-13 14:08:40',17),(1360,1,9998,'Cristian','Martínez Caicedo','Estudiante','','3664567','','Fundación Munay',2,1,NULL,'2015-06-23 16:23:13','2015-07-13 14:08:40',17),(1361,1,43099428,'Alba Nubia','Villalobos Ortiz','Ama de casa ','notiene@notiene','3146150602','','Biblioteca la loma',1,2,'1967-11-09','2015-06-23 16:23:37','2015-07-13 14:08:40',23),(1362,1,1000396371,'Duberney','Pérez Correa','Estudiante','duber19857@hotmail.com','3664567','','Fundación Munay',2,1,NULL,'2015-06-23 16:25:09','2015-07-13 14:08:40',17),(1363,1,21823917,'Beatriz Helena','Castrillon','ama de casa','notiene@notiene','2534194','','Biblioteca La loma',1,2,NULL,'2015-06-23 16:26:45','2015-07-13 14:08:40',23),(1364,1,9999,'Juan Camilo','Flórez Torres','Estudiante','','3664567','','Fundación Munay',2,1,NULL,'2015-06-23 16:27:37','2015-07-13 14:08:40',17),(1365,1,32536958,'Maria Nazareth ','Acevedo Usuga','Ama de casa','notiene@notiene','3108105007','','biblioteca la loma',1,2,NULL,'2015-06-23 16:29:58','2015-07-13 14:08:40',23),(1366,1,9910,'Brayan ','Ruíz','Estudiante','','3664567','','Fundación Munay',2,1,NULL,'2015-06-23 16:30:29','2015-07-13 14:08:40',17),(1367,1,9911,'Juan Fernando','Murillo Rico','Estudiante','','3664567','','Fundación Munay',2,1,NULL,'2015-06-23 16:35:08','2015-07-13 14:08:40',17),(1368,1,9912,'Jorge Andrés','Sucerquia Oquendo','Estudiante','','3664567','','Fundación Munay',2,1,NULL,'2015-06-23 16:36:28','2015-07-13 14:08:40',17),(1369,1,1128469383,'yenny yulieth','Sanchez','Ama de casa','yennysanchezp14@hotmail.com','4279373','','Biblioteca la loma',1,2,NULL,'2015-06-23 16:37:16','2015-07-13 14:08:40',23),(1370,1,42992943,'Eucaris ','Hincapie Guerra','Ama de casa','notiene@notiene','4276341','','Biblioteca la loma',1,2,NULL,'2015-06-23 16:40:36','2015-07-13 14:08:40',23),(1371,1,32100711,'Ana Luz Miriam','Holguin','Ama de casa','notiene@notiene','4279074','','Biblioteca La loma',1,2,NULL,'2015-06-23 16:42:55','2015-07-13 14:08:40',23),(1372,1,43664874,'Beatriz Helena','Bedoya Ríos','Ama de casa','notiene@notiene','3218855687','','Biblioteca La loma',1,2,NULL,'2015-06-23 16:45:39','2015-07-13 14:08:40',23),(1373,1,43020959,'beiva','cataño Restrepo','Ama de Casa','notiene@notiene','4385761','','Biblioteca la loma',1,2,NULL,'2015-06-23 16:49:21','2015-07-13 14:08:40',23),(1374,1,71582544,'Hernán Darío','Múnera Rendón','Coordinador Centro De Salud','coordinacionsanlorenzo@metrosalud.gov.co','2179394','3154501511','Centro De Salud San Lorenzo',2,5,NULL,'2015-06-23 17:00:51','2015-07-13 14:08:40',20),(1375,1,1001498494,'Stevan ','Salazar','Estudiante','salarife15@gmail.com','3664567','','Fundación munay',2,1,NULL,'2015-06-24 08:24:05','2015-07-13 14:08:40',17),(1376,1,9920,'Wilder','Mena','Estudiante','wilder7andres@outlook.com','3664567','','Fundación Munay',2,1,NULL,'2015-06-24 08:38:40','2015-07-13 14:08:40',17),(1377,1,1193339280,'Cristian Camilo','Padilla Moreno','Estudiante','cristian313616@gmail.com','3664567','','Fundación Munay',2,1,NULL,'2015-06-24 08:40:33','2015-07-13 14:08:40',17),(1378,1,1128478142,'Leidy','Jiménez Agudelo','Practicante','leidy_17071@hotmail.com','3128233209','','Telecentro La Amistad Villa Sofía',1,2,'1991-01-28','2015-06-24 11:13:48','2015-07-13 14:08:40',23),(1379,1,9921,'Andrés ','Mosquera Mosquera','Estudiante','','3664567','','Fundación Munay',2,1,NULL,'2015-06-24 08:44:02','2015-07-13 14:08:40',17),(1380,1,32455465,'Cecilia','Martínez Arroyave','Líder Comunitaria','','4419501','','Telecentro La Amistad Villa Sofía',1,2,'1942-11-03','2015-06-24 11:14:59','2015-07-13 14:08:40',23),(1381,1,70049653,'Hector','Franco ','Líder Comunitario','hectorhernando@hotmail.es','3205774387','','Telecentro La Amistad Villa Sofía',2,2,'1952-11-30','2015-06-24 11:15:43','2015-07-13 14:08:40',23),(1382,1,1036667313,'Omar','Ramírez','Empleado','','3215941746','','Telecentro La Amistad Villa Sofía',2,1,'1996-08-04','2015-06-24 11:16:29','2015-07-13 14:08:40',23),(1383,1,43592911,'Sandra ','Urrea','Empleada','sandraurrea32@hotmail.com','3126762234','','Telecentro La Amistad Villa Sofía',1,3,'1974-11-21','2015-06-24 11:18:05','2015-07-13 14:08:40',23),(1384,1,51690454,'Ofelia','Camargo','Líder Comunitaria','ofelia_camargo@hotmail.com','4421935','','Telecentro La Amistad Villa Sofía',1,2,'1961-07-27','2015-06-24 11:18:40','2015-07-13 14:08:40',23),(1385,1,1128419560,'Tatiana ','Lopera Correa','Coordinadora ','cedezocastilla@gmail.com','4778138','3122587965','Cedezo La Tinaja',1,3,NULL,'2015-06-24 09:02:18','2015-07-13 14:08:40',24),(1386,1,1017229692,'Daniel','Bedoya Bolaño','Auxiliar Administrativo','danielbedoya1903@gmail.com','4421935','','Telecentro La Amistad Villa Sofía',2,3,'1995-03-31','2015-06-24 11:19:25','2015-07-13 14:08:40',23),(1387,1,78105290,'Jairo ','Bernal','Coordinador','jairoemiro60@gmail.com','4421935','','Telecentro La Amistad Villa Sofía',2,2,'1966-02-07','2015-06-24 11:23:08','2015-07-13 14:08:40',23),(1388,1,99101802384,'Josueth Armando','Vera Soudis','Estudiante','josue101995@hotmail.com','3664567','','Fundación Munay',2,1,NULL,'2015-06-24 09:12:53','2015-07-13 14:08:40',17),(1389,1,1128475381,'Jhonatan','Díaz Montoya','Multiplicador','dialet2010@hotmail.com','4387303','','Jóvenes Por La Vida',2,2,'1990-07-08','2015-06-24 11:59:09','2015-07-13 14:08:40',23),(1390,1,1216721643,'Deicy Viviana','Calderón','Multiplicador','deicyviviana0820@hotmail.com','4204162','','Jóvenes Por La Vida',1,2,'1996-08-20','2015-06-24 11:59:24','2015-07-13 14:08:40',23),(1391,1,1000549759,'Stefani','Dávila Cano','Multiplicador','stefadavila.18@gmail.com','4928430','','Jóvenes Por La Vida',1,2,'1996-08-05','2015-06-24 12:00:11','2015-07-13 14:08:40',23),(1392,1,1036650260,'Cristian Felipe','Paniagua','Multiplicador','cristianmartinez_94@hotmail.com','3218120669','','Jóvenes Por La Vida',2,2,'1994-01-16','2015-06-24 12:00:38','2015-07-13 14:08:40',23),(1393,1,1128467184,'Maira Alejandra','Germán','Multiplicador','mairaalejndra1811@gmail.com','4277430','','Jóvenes Por La Vida',1,2,'1987-11-18','2015-06-24 12:00:55','2015-07-13 14:08:40',23),(1394,1,1128481893,'Edith Melissa','Yepes','Multiplicador','chava201191@hotmail.com','3004702497','','Jóvenes Por La Vida',1,2,'1991-11-23','2015-06-24 12:01:14','2015-07-13 14:08:40',23),(1395,1,1042707219,'Yurany','Londoño','Multiplicador','yura.0918@gmail.com','4386648','','Jóvenes Por La Vida',1,2,'1990-01-10','2015-06-24 12:01:29','2015-07-13 14:08:40',23),(1396,1,1017164183,'Yolima','Paniagua','Multiplicador','yolimapauli@gmail.com','4273087','','Jóvenes Por La Vida',1,2,'1988-04-27','2015-06-24 12:01:45','2015-07-13 14:08:40',23),(1397,1,1128472352,'Margarita','Gavíria Ríos','Multiplicador','margari19@hotmail.com','3113612095','','Jóvenes Por La Vida',1,2,'1989-10-11','2015-06-24 12:01:57','2015-07-13 14:08:40',23),(1398,1,1128472297,'Anyi Sorani ','Sánchez','Multiplicador','angiesora25@gmail.com','4272229','','Jóvenes Por La Vida',1,2,'1989-03-14','2015-06-24 12:02:31','2015-07-13 14:08:40',23),(1399,1,1128468586,'Yessica Alejandra ','Paniagua','Multiplicador','yesicaapt@gmail.com','4385761','','Jóvenes Por La Vida',1,2,'1987-11-13','2015-06-24 12:02:45','2015-07-13 14:08:40',23),(1400,1,1128403402,'Luz Adriana ','Durángo','Multiplicador','adriana07@hotmail.com','5771058','','Jóvenes Por La Vida',1,2,'1990-08-02','2015-06-24 12:03:01','2015-07-13 14:08:40',23),(1401,1,1017173612,'Cindy Carolina ','Zapata Gonzalez','Ama de casa','cicaro89@hotmail.com','4411297','','niguna',1,2,NULL,'2015-06-24 11:26:17','2015-07-13 14:08:40',42),(1402,1,43915556,'Judy Andrea ','Suaza Bedoya','Confecciones','Judysua@hotmail.com','4418546','','ninguno',1,2,NULL,'2015-06-24 11:27:51','2015-07-13 14:08:40',42),(1403,1,1128473583,'Yuli Natalia','Blandón','Multiplicador','nataliablandonm@hotmail.com','4911451','','Jóvenes Por La Vida',1,2,'1990-02-27','2015-06-24 12:03:21','2015-07-13 14:08:40',23),(1404,1,43526456,'Luz Estella ','Alvarez Arias','Ama de casa','Stella9355@hotmail.com','4711816','','ninguna',1,2,NULL,'2015-06-24 11:29:29','2015-07-13 14:08:40',42),(1405,1,43817498,'Yamilet ','Ramirez','Confecciones','Yamilusion@hotmail.es','4777451','','ninguna',1,3,NULL,'2015-06-24 11:32:13','2015-07-13 14:08:40',42),(1406,1,1216720813,'Mónica ','Álvarez','Multiplicador','','4385761','','Jóvenes Por La Vida',1,2,'1996-05-17','2015-06-24 12:04:00','2015-07-13 14:08:40',23),(1407,1,9524652,'Nestor ','Moreno Moreno','vendedor o asesor comercial','nemo2000@outlook.com','3148143578','3148143578','ninguna',2,2,NULL,'2015-06-24 11:33:30','2015-07-13 14:08:40',42),(1408,1,24939739,'Maria Lenith',' Garcia Serna','Modista','marialgs257@gmail.com','2579782','','ninguno',1,2,NULL,'2015-06-24 11:35:46','2015-07-13 14:08:40',42),(1409,1,43006329,'Alejandrina ','Gomez Ramirez','Modista','alejagr1959@gmail.com','5878745','','ninguna',1,2,NULL,'2015-06-24 11:36:56','2015-07-13 14:08:40',42),(1410,1,1000291306,'Juan Manuel ','Pérez Marulanda','Ninguno','','2866100','','Telecentro San Antonio de Prado',2,2,'2000-12-18','2015-06-24 11:37:39','2015-07-13 14:08:40',15),(1411,1,43842206,'Hilda Rocio ','Yarce Espinosa','Ama de casa','hildarocio14@gmail.com','5876828','','ninguna',1,2,NULL,'2015-06-24 11:38:31','2015-07-13 14:08:40',42),(1412,1,1001376793,'Daniel Felipe ','Agudelo Alzate','Estudiante','danielteamo@gmail.com','2181827','','Corporación Hogar',2,3,NULL,'2015-06-24 11:38:34','2015-07-13 14:08:40',20),(1413,1,9722806956,'Luisa Fernanda','Quintero','Ninguno','','2866100','','Telecentro San Antonio de Prado',1,2,NULL,'2015-06-24 11:39:51','2015-07-13 14:08:40',15),(1414,1,43152368,'Ana Elizabeth ','Betancur Berrio','Ama de casa','lissy--1@hotmail.com','5046566','','ninguno',1,2,NULL,'2015-06-24 11:40:54','2015-07-13 14:08:40',42),(1415,1,1020104067,'Brahian ','Murillo Sánchez','Estudiante','brahian45murillo@gmail.com','3122804595','','Casa De Gobierno Altavista',2,2,'2004-04-26','2015-07-01 08:25:39','2015-07-13 14:08:40',43),(1416,1,1023830128,'Sebastián','Vargas','Estudiante','','2181827','','Corporación Hogar',2,3,NULL,'2015-06-24 11:47:40','2015-07-13 14:08:40',20),(1417,1,1000364544,' Deivi Alejandro ','Mora Granja','Estudiante','eldarproso12345@hotmail.com','3136809797','','Casa De Gobierno Altavista',2,2,'2000-03-24','2015-07-01 08:26:02','2015-07-13 14:08:40',43),(1418,1,1001015546,'Hector Alejandro ','García Florez','Estudiante','alejoelflaco10@hotmail.com','3431298','','Casa De Gobierno Altavista',2,2,'2000-06-04','2015-07-01 08:26:30','2015-07-13 14:08:40',43),(1419,1,1214728872,'Yhoan Alexander ','Rúa Marín','Ninguna','elrenegado-@hotmail.com','3429043','','Casa De Gobierno Altavista',2,2,'1995-09-04','2015-07-01 08:27:18','2015-07-13 14:08:40',43),(1420,1,1001361052,'Jaider','Cardona','Estudiante','cardonaandres@hotmail.com','2181827','','Corporación Hogar',2,3,NULL,'2015-06-24 11:54:22','2015-07-13 14:08:40',20),(1421,1,1007108508,' Walter ','Quintero Galeano','Estudiante','walter2567799@hotmail.com','3438814','','Casa De Gobierno Altavista',2,2,'2000-05-04','2015-07-01 08:27:50','2015-07-13 14:08:40',43),(1422,1,99052005228,'Santiago ','Ortíz Flórez','Estudiante','santiortiz-14@hotmail.com','3012999809','','Casa De Gobierno Altavista',2,2,'1999-05-20','2015-07-01 08:29:27','2015-07-13 14:08:40',43),(1423,1,1013336226,'Kevin ','Pérez Contreras','Estudiante','perezkevin526@yahoo.com','2181827','','Corporación Hogar',2,3,NULL,'2015-06-24 11:58:47','2015-07-13 14:08:40',20),(1424,1,1001015079,'Alejandro ','Yepes Quinchía','Estudiante','alejandrot.q.m56@hotmail.com','3117905000','','Casa De Gobierno Altavista',2,2,'2002-04-14','2015-07-01 08:30:13','2015-07-13 14:08:40',43),(1425,1,97111807047,'Joan Esteban ','García Florez','Estudiante','joan9971@hotmail.com','3218479720','','Casa De Gobierno Altavista',2,2,'1997-11-18','2015-07-01 08:31:16','2015-07-13 14:08:40',43),(1426,1,1001016956,'Jhon Fredy ','Gil García','Estudiante','fredy-pupi@hotmail.com','3412796','','Casa De Gobierno Altavista',2,2,'2000-09-03','2015-07-01 08:31:52','2015-07-13 14:08:40',43),(1427,1,1013467359,'Carlos Andrés ','Orozco Muñoz','Estudiante','','2181827','','Corporación Hogar',2,3,NULL,'2015-06-24 13:33:01','2015-07-13 14:08:40',20),(1428,1,1063361127,'Daniel Alejandro ','Usuga Betancur ','Estudiante','','2181827','','Corporación Hogar',2,3,NULL,'2015-06-24 13:37:33','2015-07-13 14:08:40',20),(1429,1,1001764802,'Edinson','Ospina Cartagena','Estudiante','ospinacartagena12@hotmail.com','2181827','','Corporación Hogar',2,3,NULL,'2015-06-24 13:42:19','2015-07-13 14:08:40',20),(1430,1,1001145278,'Juan Camilo ','Bustamante Sánchez','Estudiante','camilo65@yahoo.com','2181827','','Corporación Hogar',2,3,NULL,'2015-06-24 13:48:22','2015-07-13 14:08:40',20),(1431,1,71603954,'Carlos Mario','Montoya Gaviria','Coordinador CEDEZO','cedezolaladera@gmail.com','3857329','3006140834','CEDEZO La Ladera',2,4,NULL,'2015-06-24 15:11:01','2015-07-13 14:08:40',20),(1432,1,1060591300,'Luz Marina','Herrera ','ama de casa','luzfra2015@gmail.com','3145943537','','ninguno',1,1,NULL,'2015-06-24 15:48:14','2015-07-13 14:08:40',41),(1433,1,1000531968,'Sirley Milena','Calvo','estudiante','mil-ley@hotmail.com','3203009249','','ninguna',1,2,NULL,'2015-06-24 15:52:21','2015-07-13 14:08:40',41),(1434,1,42936498,'Gladys ','Silva','comerciante','gladisemilsen.42@hotmail.com','3126473969','','ninguna',1,2,NULL,'2015-06-24 16:10:29','2015-07-13 14:08:40',41),(1435,1,43434163,'yaneth ','mendez borja','ama de casa ','yanethmendezbor@hotmail.com','2583936','','ninguno',1,2,NULL,'2015-06-24 16:13:48','2015-07-13 14:08:40',41),(1436,1,1152206890,'Cindy Eloiza','Torres','practicante','cindy261194@hotmail.com','3136252636','','ninguna',1,2,NULL,'2015-06-24 16:17:35','2015-07-13 14:08:40',41),(1437,1,32542558,'Norma','Rodriguez','pensionada','flacarodriguez25@gmail.com','3136538778','','ninguna',1,3,NULL,'2015-06-24 16:44:53','2015-07-13 14:08:40',41),(1438,1,798947,'Rafaél','Zapata','Pensionado','rgzalo@gmail.com','2134959','3003910613','Ninguno',2,2,NULL,'2015-06-25 08:46:51','2015-07-13 14:08:40',40),(1439,1,42004082,'María Mercedez','Nieto','Comerciante','','4422999','','Por Mis Derechos',1,1,NULL,'2015-06-25 08:49:12','2015-07-13 14:08:40',40),(1440,1,1017142308,'Ricardo ','Alvarez Hernandez ','Agente Educativo','ricalvarez24@gmail.com','3164371119','','Buen Comienzo',2,2,NULL,'2015-06-25 09:17:38','2015-07-13 14:08:40',24),(1441,1,32421662,'Miriam Del Socorro ','Salazar García','Instructora De Yoga','misaga8@hotmail.com','5861701','','Biblioteca La Floresta',1,4,'1947-12-02','2015-06-25 10:46:20','2015-07-13 14:08:40',47),(1442,1,32493555,'Martha Idolly ','Amariles De Ortíz','Pensionada','pazmariles@yahoo.com','4226451','','Biblioteca La Floresta',1,3,'1951-07-29','2015-06-25 10:50:15','2015-07-13 14:08:40',47),(1443,1,32501358,'Cecilia Isabel ','Chavarriaga Castrillón','Ama De Casa','cichcas@gmail.com','4138390','','Biblioteca La Floresta',1,4,'1952-11-21','2015-06-25 10:52:51','2015-07-13 14:08:40',47),(1444,1,32468151,'Rosa María ','Arroyave Martínez','Ama De Casa','rosaarroyave0502@hotmail.com','4213002','','Biblioteca La Floresta',1,3,'1951-02-05','2015-06-25 10:55:25','2015-07-13 14:08:40',47),(1445,1,23548322,'Maria Lucía ','Mendoza','Gerente Hogar','marialuciamm@gmail.com','5874622','','Biblioteca La Floresta',1,3,'1951-10-11','2015-06-25 10:58:46','2015-07-13 14:08:40',47),(1446,1,9922,'Javier','Murcia Sierra','Estudiante','','3664567','','Fundación Munay',2,1,NULL,'2015-06-25 10:58:55','2015-07-13 14:08:40',17),(1447,1,9923,'Santiago','Aristizabal Orrego','Estudiante','','3664567','','Fundación Munay',2,1,NULL,'2015-06-25 11:00:40','2015-07-13 14:08:40',17),(1448,1,43519850,'Marysol Castro ','Pinillos','Independiente','cuarzetocruz.15@gmail.com','2500506','','Biblioteca La Floresta',1,4,'1967-10-30','2015-06-25 11:00:57','2015-07-13 14:08:40',47),(1449,1,1000295098,'Yeison Felipe','Echeverry','Estudiante','','3664567','','Fundación Munay',2,1,NULL,'2015-06-25 11:02:05','2015-07-13 14:08:40',17),(1450,1,32524495,'María Victoria ','Cardona Zapata','Ama De Casa','vikycar57@hotmail.es','5042551','','Biblioteca La Floresta',1,2,NULL,'2015-06-25 11:03:13','2015-07-13 14:08:40',47),(1451,1,70075376,'Jaime De Jesús ','Caro Caro','Oficios Varios','jagear@oulook.com','4138123','3002078325','Biblioteca La Floresta',2,4,'1955-09-15','2015-06-25 11:06:43','2015-07-13 14:08:40',47),(1452,1,70414615,'Argiro De Jesús ','Mazo','Lubricador','argiromazo@hotmail.com','5861274','','Biblioteca La Floresta',2,3,'1965-09-16','2015-06-25 11:10:33','2015-07-13 14:08:40',47),(1453,1,70088108,'Carlos ','Álvarez','Pensionado','alvarezmarincarlos@gmail.com','3013307809','','Biblioteca La Floresta',2,3,'1957-04-08','2015-06-25 11:14:22','2015-07-13 14:08:40',47),(1454,1,135437326,'Mauricio','Vergara Salgado','Estudiante','','3664567','','Fundación Munay',2,1,NULL,'2015-06-25 11:15:32','2015-07-13 14:08:40',17),(1455,1,1000195060,'Anderson Estiven','Ortíz Ruíz','Estudiante','estiben.1501@hotmail.com','3664567','','Fundación Munay',2,1,NULL,'2015-06-25 11:19:03','2015-07-13 14:08:40',17),(1456,1,990818008283,'John David','Estrada Zamora','Estudiante','davidestrada2000@hotmail.com','3664567','','Fundación Munay',2,1,NULL,'2015-06-25 11:20:59','2015-07-13 14:08:40',17),(1457,1,98080954301,'Manuel Esteban','Arbeláez Aristizabal','Estudiante','estevan2011@gmail.com','3664567','','Fundación Munay',2,1,NULL,'2015-06-25 11:22:51','2015-07-13 14:08:40',17),(1458,1,9924,'Álvaro Esteban','Rivera Sierra','Estudiante','alvaroestebanriverasierra@hotmail.com','3664567','','Fundación Munay',2,1,NULL,'2015-06-25 11:24:19','2015-07-13 14:08:40',17),(1459,1,9925,'Kevin Estiven','Rúa Escudero','Estudiante','','3664567','','Fundación Munay',2,1,NULL,'2015-06-25 11:26:05','2015-07-13 14:08:40',17),(1460,1,99120404586,'John Jader','Obispo Carvajal','Estudiante','','3664567','','Fundación Munay',2,1,NULL,'2015-06-25 11:27:17','2015-07-13 14:08:40',17),(1461,1,98052459460,'Danilo','Ocampo Ceballos','Estudiante','eldane1524@hotmail.com','3664567','','Fundación Munay',2,1,NULL,'2015-06-25 11:28:55','2015-07-13 14:08:40',17),(1462,1,1002306842,'Luís Miguel','Villa Masa','Estudiante','luivillamasa@gmail.com','3664567','','Fundación Munay',2,1,NULL,'2015-06-25 11:30:39','2015-07-13 14:08:40',17),(1463,1,9926,'Nicolai Estiven','Borja Sepúlveda','Estudiante','','3664567','','Fundación Munay',2,1,NULL,'2015-06-25 11:32:34','2015-07-13 14:08:40',17),(1464,1,1006964949,'Johanny Alexander','Acuña Hernandez','Estudiante','johannyfernandez123@gmail.com','3664567','','Fundación Munay',2,1,NULL,'2015-06-25 11:34:25','2015-07-13 14:08:40',17),(1465,1,98122318680,'Livan Isaac','Lang Valle','Estudiante','lyba.lahm23@gmail.com','3664567','','Fundación Munay',2,1,NULL,'2015-06-25 11:37:23','2015-07-13 14:08:40',17),(1466,1,98062571608,'Leimar Alonso','Pérez Correa','Estudiante','leimar19855@hotmail.com','3664567','','Fundación Munay',2,1,NULL,'2015-06-25 11:39:35','2015-07-13 14:08:40',17),(1467,1,32434534,'Cecilia ','Montoya','pensionada','1948abuececi@gmail.com','2645080','3122365946','ninguna',1,3,NULL,'2015-06-25 11:55:49','2015-07-13 14:08:40',41),(1468,1,32431210,'Cecilia ','Buriticá ','jubilada','ciciliavale08@hotmail.com','57872096','','Telecentro Santa Lucía',1,3,NULL,'2015-06-25 12:02:17','2015-07-13 14:08:40',41),(1470,1,70115827,'Jorge ','Castro ','persona en situación de discapacidad','tctsantalucia@gmail.com','3122639515','','telecentro Santa Lucía',2,3,NULL,'2015-06-25 12:08:02','2015-07-13 14:08:40',41),(1471,1,43567456,'Gloria ','Zapata','ama de casa ','gazdiaz62@gmail.com','4963108','','telecentro Santa Lucía',1,3,NULL,'2015-06-25 13:44:14','2015-07-13 14:08:40',41),(1472,1,9927,'Mateo','Aguirre','Estudiante','','3664567','','Fundación Munay',2,1,NULL,'2015-06-25 13:47:27','2015-07-13 14:08:40',17),(1473,1,9928,'Carlos',' Oliveros','Estudiante','','3664567','','Fundación Munay',2,1,NULL,'2015-06-25 13:48:58','2015-07-13 14:08:40',17),(1474,1,9929,'Jhonatan','Rúa','Estudiante','','3664567','','Fundación Munay',2,1,NULL,'2015-06-25 13:50:08','2015-07-13 14:08:40',17),(1475,1,8245499,'Jaime ','Jimenez Jimenez','pensionado ','jajimenezverde@gmail.com','3147891361','','Telecentro Santa Lucía ',2,3,NULL,'2015-06-25 13:50:26','2015-07-13 14:08:40',41),(1476,1,9930,'Ángel Miguel','Melendez','Estudiante','','3664567','','Fundación Munay',2,1,NULL,'2015-06-25 13:51:25','2015-07-13 14:08:40',17),(1477,1,9931,'Oscar','Tabares','Estudiante','','3664567','','Fundación Munay',2,1,NULL,'2015-06-25 13:53:02','2015-07-13 14:08:40',17),(1478,1,9913,'Nicol','Restrepo','Estudiante','','3664567','','Fundación Munay',1,1,NULL,'2015-06-25 13:59:56','2015-07-13 14:08:40',17),(1479,1,9914,'Samanta','Machado','Estudiante','','3664567','','Fundación Munay',1,1,NULL,'2015-06-25 14:01:21','2015-07-13 14:08:40',17),(1480,1,9915,'Gerwin ','Eberlides','Estudiante','','3664567','','Fundación Munay',2,1,NULL,'2015-06-25 14:03:01','2015-07-13 14:08:40',17),(1481,1,9916,'Alex Mateo','Maya','Estudiante','','3664567','','Fundación Munay',2,1,NULL,'2015-06-25 14:03:48','2015-07-13 14:08:40',17),(1482,1,9917,'David','Gaviria','Estudiante','','3664567','','Fundación Munay',2,1,NULL,'2015-06-25 14:04:39','2015-07-13 14:08:40',17),(1483,1,1214716154,'Daniela ','Puerta López','Estudiante','dani-pl30@hotmail.com','2636925','3193084997','Pascual Bravo',1,3,NULL,'2015-06-25 16:09:58','2015-07-13 14:08:40',41),(1484,1,22395930,'Amparo ','Marulanda ','ama de casa','amparo8588@hotmail.com','5718588','','Biblioteca Campo Valdés',1,3,NULL,'2015-06-25 16:24:58','2015-07-13 14:08:40',41),(1485,1,32182337,'Danielly ','Zapata','ama de casa','','2114692','','Biblioteca pública Campo Valdés',1,2,NULL,'2015-06-25 16:29:37','2015-07-13 14:08:40',41),(1486,1,43543595,'Gloria Patricia','García','emprendedora','gloriag142000@gmail.com','2130495','','Biblioteca Campo Valdés',1,3,NULL,'2015-06-25 16:57:26','2015-07-13 14:08:40',41),(1487,1,435755780,'Ana Teresa','Ocampo Gutierrez','Coordinadora ','telecentropicacho@gmail.com','4764178','3116119013','Corporación Picacho Con Futuro-Telecentro Picacho',1,3,NULL,'2015-06-25 17:11:41','2015-07-13 14:08:40',24),(1488,1,71715062,'Pedro Nel ','Muñoz López','Gestor TIC','pelope_12@hotmail.com','5817454','','Telecentro Pedregal',2,2,NULL,'2015-06-25 17:19:14','2015-07-13 14:08:40',24),(1489,1,1037368666,'Duvan Arley ','Espinal Salazar','Estudiante','funpositivospsicosocial@gmail.com','4223534','','Fundación positivos por la vida',2,5,NULL,'2015-06-25 17:21:33','2015-07-13 14:08:40',41),(1490,1,1000645463,'Arley de Jesús','Holguín Correa ','Estudiante','funpositivospsicosocial@gmail.com','4223534','','Fundación Positivos por la vida',2,5,NULL,'2015-06-25 17:27:38','2015-07-13 14:08:40',41),(1491,1,100760297,'Jhojan David','Jiménez Pérez','Estudiante','funpositivospsicosocial@gmail.com','4223534','','Fundación positivos por la vida',1,5,NULL,'2015-06-25 17:33:35','2015-07-13 14:08:40',41),(1492,1,1000540242,'Aldarir ','Muñoz','Estudiante','funpositivospsicosocial@gmail.com','4223534','','Fundación positivos por la vida',2,5,NULL,'2015-06-25 17:36:51','2015-07-13 14:08:40',41),(1493,1,97102218489,'Jhon Alexis ','Osorio Aguirre','Estudiante','funpositivospsicosocial@gmail.com','4223534','','Fundación Positivos por la Vida ',2,5,NULL,'2015-06-25 17:38:53','2015-07-13 14:08:40',41),(1494,1,1002089246,'Angel Andrés','Palacio Palacio ','Estudiante','funpositivospsicosocial@gmail.com','4223534','','Fundación Positivos por la vida',2,5,NULL,'2015-06-25 17:42:28','2015-07-13 14:08:40',41),(1495,1,1193218590,'Juan Esteban ','Torres Alzate','Estudiante','funpositivospsicosocial@gmail.com','4223534','','Fundación positivos por la vida',2,5,NULL,'2015-06-25 17:44:46','2015-07-13 14:08:40',41),(1496,1,300840,'Manuel de Jesus','Maldonado','Tecnico','notiene@notiene','2346678','','Telecentro altamira',2,3,NULL,'2015-06-26 08:18:45','2015-07-13 14:08:40',23),(1497,1,41310326,'Blanca ','Gonzalez','Ama de casa','notiene@notiene','2578812','','Telecentro Altamira',1,3,NULL,'2015-06-26 08:21:59','2015-07-13 14:08:40',23),(1498,1,43085523,'Alba Lucia ','Ocampo','Ama de Casa','notiene@notiene','2577928','','Telecentro altamira',1,3,NULL,'2015-06-26 08:28:35','2015-07-13 14:08:40',23),(1499,1,43498669,'Luz Marina','Castaño','operaria','','5804965','','Telecentro Altamira',1,3,NULL,'2015-06-26 08:34:05','2015-07-13 14:08:40',23),(1500,1,21404832,'Martha Liliam ','Acevedo','Ama de casa','notiene@notiene','4348376','','Telecentro Altamira',1,3,NULL,'2015-06-26 08:37:16','2015-07-13 14:08:40',23),(1501,1,32448417,'Ana Cristina','Figueroa','Pensionada','notiene@notiene','2576161','','Telecentro Altamira',1,3,NULL,'2015-06-26 08:39:38','2015-07-13 14:08:40',23),(1502,1,1214721626,'Johana Andrea ','Sepúlveda Cassiani','Gestora TIC','sepulveda1993@hotmail.com','4713710','3117768183','Instituto Tecnológico Metropolitano',1,2,NULL,'2015-06-26 08:47:18','2015-07-13 14:08:40',24),(1503,1,1033186900,'Maria Clara ','Rodriguez Díaz','Estudiante','notiene@notiene','4011327','','Biblioteca San Sebastian de Palmitas',1,2,'2009-01-03','2015-06-26 09:00:49','2015-07-13 14:08:40',23),(1504,1,1001360551,'SANTIAGO ','Montoya','Estudiante','notiene@notiene','2670538','','Biblioteca Palmitas',2,3,'2004-04-28','2015-06-26 09:05:36','2015-07-13 14:08:40',23),(1505,1,43258823,'Luz Adriana ','Gallego','Ama De Casa','adrianita432@hotmail.com','2171449','','Cedezo Manrique',1,3,'1981-12-18','2015-07-01 08:13:16','2015-07-13 14:08:40',10),(1506,1,1037633643,'Sebastián ','Salazar Ramírez ','Estudiante PP','mundolds@hotmail.com','2676094','3045235066','Pascual Bravo',2,3,NULL,'2015-06-26 09:06:44','2015-07-13 14:08:40',42),(1507,1,1128464681,'Juan Jose ','Rodriguez','Estudiante','juanjoro816@hotmail.com','3870434','','Biblioteca Palmitas',2,3,'2004-08-16','2015-06-26 09:10:08','2015-07-13 14:08:40',23),(1508,1,71618956,'Jhon Marino ','Gómez Rodas','Independiente','jhondigom@hotmail.com','2111432','','Cedezo Manrique',2,2,'1962-01-11','2015-07-01 08:14:16','2015-07-13 14:08:40',10),(1509,1,1025885156,'Maritza','Gómez','estudiante','maritzagomez34@hotmail.com','3870227','','Biblioteca Palmitas',1,3,'2005-06-29','2015-06-26 09:12:42','2015-07-13 14:08:40',23),(1510,1,98030452380,'Sebastián ','Ospina Arango','Gestor TIC','sebastianospi@gmail.com','4778380','3007743154','ITM',2,3,NULL,'2015-06-26 09:13:32','2015-07-13 14:08:40',42),(1511,1,43096428,'Martha ','Vélez','Pensionada','martica26@gmail.com','2134643','','Cedezo Manrique',1,2,'1964-02-26','2015-07-01 08:46:02','2015-07-13 14:08:40',10),(1512,1,43579043,'Marta ','Hernández','Costurera','gordalinda01@gmail.com','3177912474','','Cedezo Manrique',1,2,'1973-07-03','2015-07-01 08:46:15','2015-07-13 14:08:40',10),(1513,1,1034917052,'Yefferson ','Bedoya','estudiante','yeffersonbedoyis@hotmail.com','3870014','','Biblioteca Palmitas',2,3,'2004-10-22','2015-06-26 09:19:43','2015-07-13 14:08:40',23),(1514,1,1000886104,'Juan Fernando ','Gómez','Estudiante','juanferpan123@hotmail.com','3871272','','Biblioteca Palmitas',2,3,'2002-10-16','2015-06-26 09:22:21','2015-07-13 14:08:40',23),(1515,1,26328533,'Maria De Los Santos ','Leudo Asprilla','Pensionada','mariadeiny.1998@gmail.com','3148290849','','Cedezo Manrique',1,2,'1960-05-20','2015-07-01 08:46:32','2015-07-13 14:08:40',10),(1516,1,1011399450,'Juan Manuel','Gómez','Estudiante','hogiesnacional@hotmail.com','3871272','','Biblioteca Palmitas',2,3,'2008-10-25','2015-06-26 09:24:57','2015-07-13 14:08:40',23),(1517,1,1216717304,'Juan Esteban','Arboleda Orozco','Gestor TIC','esteban_0109@hotmail.com','5826534','3128690383','Institución Universitaria Colegio Mayor',2,2,NULL,'2015-06-26 09:25:23','2015-07-13 14:08:40',24),(1518,1,1152210143,'Luis Manuel','Ospina Cruz ','Gestor TIC','luis-0036@hotmail.com','4423481','','Universidad Autónoma Latinoamericana',2,3,NULL,'2015-06-26 09:25:45','2015-07-13 14:08:40',42),(1519,1,1128468716,'Juna Felipe ','Gómez','Estudiante','juangomezpipegomez123@hotmail.com','3870227','','Biblioteca Palmitas',2,3,'2006-04-28','2015-06-26 09:27:12','2015-07-13 14:08:40',23),(1520,1,98082109005,'Cesar Augusto ','Muñoz','Estudiante','zessar27@hotmail.com','3870995','','Biblioteca Palmitas',2,3,'1998-08-21','2015-06-26 09:30:42','2015-07-13 14:08:40',23),(1521,1,1001138535,'Darwin ','Palacio','Estudiante','notiene@notiene','3870161','','Biblioteca Palmitas',2,3,NULL,'2015-06-26 09:33:06','2015-07-13 14:08:40',23),(1522,1,1000547776,'Carlos Andrés ','Valencia Saldarriaga','Estudiante de primaria ','carlosanvasal@gmail.com','5818787','','Institución Educativa Villa Flora',2,2,'2002-02-14','2015-06-26 09:43:22','2015-07-13 14:08:40',24),(1523,1,1025883437,'María José','Quiroz Bolivar','Estudiante','majoquiroz25@hotmail.com','4210525','','Institución Educativa Villa Flora',1,2,'2004-11-25','2015-06-26 11:59:37','2015-07-13 14:08:40',23),(1524,1,1025891403,'Juan Pablo','Zapata','Estudiante','jupazapata@hotmail.com','4210525','','Institución Educativa Villa Flora',2,2,NULL,'2015-06-26 12:02:33','2015-07-13 14:08:40',23),(1525,1,1025891971,'Santiago','Tavera Saldarriada','Estudiante','santiagotuzal0125@gmail.com','5817887','','Institución Educativa Villa Flora',2,2,'2008-01-25','2015-06-26 10:14:46','2015-07-13 14:08:40',24),(1526,1,97042615939,'Lissette','Osorio Marulanda','Estudiante','lisstmo26@gmail.com','3192062655','','Institución Educativa Villa Flora',1,2,NULL,'2015-06-26 12:02:49','2015-07-13 14:08:40',23),(1527,1,10366336508,'Juan Carlos ','Muñoz','Dinamizador','jumcary@gmail.com','3870100','3127387720','Telcentro Palmitas',2,3,NULL,'2015-06-26 10:19:46','2015-07-13 14:08:40',23),(1528,1,1017229951,'Steven ','Marín Arenas','Gestor TIC','marin.arenas@hotmail.com','5821994','3175372699','Colegio Mayor',2,2,NULL,'2015-06-26 11:05:39','2015-07-13 14:08:40',24),(1529,1,1100323252,'Ana María ','Espitia','Gestor Tic','','3135221169','3135221169','Colegio Mayor De Antioquia',1,2,NULL,'2015-06-26 11:09:21','2015-07-13 14:08:40',23),(1530,1,98488860,'Jaime Humberto ','Ríos Mejía','Marroquinería','','5850929','','Cedezo Manrique',2,2,NULL,'2015-07-01 08:46:50','2015-07-13 14:08:40',10),(1531,1,43975792,'Yenny Andrea ','Rodríguez Zapata','Ama De Casa','','2362660','','Telecentro Villa Del Socorro',1,2,'1984-06-21','2015-07-01 09:40:08','2015-07-13 14:08:40',10),(1532,1,71686037,'Albeiro','Gallo Hernández','Pensionado','','3014113634','','Telecentro Villa Del Socorro',2,2,'1967-08-12','2015-07-01 09:42:58','2015-07-13 14:08:40',10),(1533,1,22007690,'Lilia Ester ','Giraldo De López','Ama De Casa','liliaestergiraldo@gmail.com','2582135','','Telecentro Villa Del Socorro',1,2,'1954-05-03','2015-07-01 09:46:53','2015-07-13 14:08:40',10),(1534,1,32511061,'Luz Marina ','Salazar Arroyave','Ama De Casa','luzmarinasalazara@gmail.com','2369163','','Telecentro Villa Del Socorro',1,2,'1953-12-24','2015-07-01 09:47:12','2015-07-13 14:08:40',10),(1535,1,32475586,'Luz Marina ','Ríos Román','Ama De Casa','luzmarinarios1951@hotmail.com','5224993','','Telecentro Villa Del Socorro',1,2,'1951-08-08','2015-07-01 09:50:18','2015-07-13 14:08:40',10),(1536,1,43106460,'Ana Mairena ','Cataño Zuluaga','Ama De Casa','','5241483','','Telecentro Villa Del Socorro',1,2,'1978-07-05','2015-07-01 09:52:39','2015-07-13 14:08:40',10),(1537,1,32434695,'Gloria ','Tobón Valencia','Ama De Casa','gloriatobonvalencia@gmail.com','2362592','','Telecentro Villa Del Socorro',1,2,'1948-04-22','2015-07-01 09:55:50','2015-07-13 14:08:40',10),(1538,1,4485536,'José Fortunato ','Quintero ','Pensionado','','5220640','3005970032','Telecentro Villa Del Socorro',2,2,NULL,'2015-07-01 09:56:02','2015-07-13 14:08:40',10),(1539,1,103747804,'Berlis ','Carmona Pereira','Ama De Casa','','321622573','','Telecentro Villa Del Socorro',1,2,'1987-08-03','2015-07-01 09:56:16','2015-07-13 14:08:40',10),(1540,1,43823538,'Libis ','Pereira Herrera','Ama De Casa','','3216225573','','Telecentro Villa Del Socorro',1,2,NULL,'2015-07-01 09:56:44','2015-07-13 14:08:40',10),(1541,1,71716557,'Wilmar ','Osorio Arías','Empleado','willmar.osorio@hotmail.com','3104948132','','Telecentro Villa Del Socorro',2,2,'1970-05-04','2015-07-01 09:57:08','2015-07-13 14:08:40',10),(1542,1,32411174,'Mery ','Quintero Tangarife','Ama De Casa','meryquinterotangarife@gmail.com','2911084','','Biblioteca El Raizal',1,2,'1945-01-24','2015-07-01 09:59:25','2015-07-13 14:08:40',10),(1543,1,43032426,'Amanda Doris ','Arenas De Gallego','Ama De Casa','amandaarenas86@gmail.com','2911265','','Biblioteca El Raizal',1,2,'1960-10-20','2015-07-01 10:05:15','2015-07-13 14:08:40',10),(1544,1,32075891,'María Eloísa ','Salazar García','Ama De Casa','mariaeloizadanza45@gmail.com','5165519','','Biblioteca El Raizal',1,2,'1942-06-12','2015-07-01 10:05:26','2015-07-13 14:08:40',10),(1545,1,98050961761,'Jorman','Correa Pulgarín','Estudiante','jormanecp@gmail.com','2923449','3158240114','Ninguno',2,2,NULL,'2015-06-26 12:14:13','2015-07-13 14:08:40',40),(1546,1,43638555,'Diana ','Pulgarín Vásquez','Ama de casa','dijor.julex@hotmail.com','29234498','3158240114','Ninguno',1,2,NULL,'2015-06-26 12:16:23','2015-07-13 14:08:40',40),(1547,1,3201734,'Luz Maria ','Betáncur','Ama De Casa','luceritobb10@hotmail.com','2331966','','Biblioteca El Raizal',1,2,'1955-11-10','2015-07-01 10:05:38','2015-07-13 14:08:40',10),(1548,1,42978942,'Marta Lilia ','Isaza Céspedes ','Ama De Casa','mali519594@gmail.com','2110907','','Biblioteca El Raizal',1,2,'1959-06-01','2015-07-01 10:09:37','2015-07-13 14:08:40',10),(1549,1,43055768,'Alba Nury ','Montoya Upegui','Ama De Casa','albano.061963@gmail.com','2845910','','Biblioteca El Raizal',1,2,'1963-06-19','2015-07-01 10:10:11','2015-07-13 14:08:40',10),(1550,1,21247942,'Matilde ','David Rodríguez','Ama De Casa','matildedr40@gmail.com','5841967','','Biblioteca El Raizal',1,2,'1940-04-09','2015-07-01 10:10:35','2015-07-13 14:08:40',10),(1551,1,71718474,'Albeiro Hernan ','Valencia David','Independiente','reydavidsalomon8@gmail.com','5841967','','Biblioteca El Raizal',2,2,'1970-10-06','2015-07-01 10:10:49','2015-07-13 14:08:40',10),(1552,1,70097546,'Sigifredo ','Zapata Muñoz','Pensionado','sizamo_1@hotmail.com','3216857361','','Biblioteca El Raizal',2,2,'1957-12-22','2015-07-01 10:11:02','2015-07-13 14:08:40',10),(1553,1,1017223972,'Mijail ','Espitia Taborda','Gestor TIC','mijail101794@hotmail.com','4477868','','Institución Universitaria Pascual Bravo',2,2,NULL,'2015-06-26 13:20:53','2015-07-13 14:08:40',24),(1554,1,8263341,'Jorge Hernán ','Pérez','Líder Comunitario','jorgehernanperezr@hotmail.com','0000000','','ninguna',2,2,NULL,'2015-06-26 15:05:29','2015-07-13 14:08:40',42),(1555,1,43780256,'Liliana ','Giraldo','empresaria','ginnagi21@gmail.com','4611321','','ninguna',1,3,NULL,'2015-06-26 15:09:37','2015-07-13 14:08:40',42),(1556,1,43910925,'Cristina ','Miranda','empresaria','crismico26@gmail.com','3003580501','','ninguna',1,3,NULL,'2015-06-26 15:11:49','2015-07-13 14:08:40',42),(1557,1,43798258,'Viviana ','Gómez','Empresaria','vivigomez0317@hotmail.com','3007768834','','ninguna',1,3,NULL,'2015-06-26 15:14:17','2015-07-13 14:08:40',42),(1558,1,16273827,'Norman ','Astudillo','emprendedor','normanastudillo07@gmail.com','3117110158','3117110158','ninguna',2,3,NULL,'2015-06-26 15:17:25','2015-07-13 14:08:40',42),(1559,1,43990419,'Sandra Milena','Giraldo Gaviria','Estudiante','sandragira@live.com','3768633','3006897039','Politécnico Jaime Izasa Cadavid',1,3,'1984-12-17','2015-06-26 15:23:06','2015-07-13 14:08:40',15),(1560,1,1020103430,'María Isabel ','Serna Nieto','Estudiante','','2221002','','Telecentro La Sierra',1,1,NULL,'2015-06-28 21:56:55','2015-07-13 14:08:40',20),(1561,1,1005091927,'Valentina ','Cortez Nieto','Estudiante','valentina_nieto13@hotmail.com','2221002','','Telecentro La Sierra',1,1,NULL,'2015-06-28 22:00:03','2015-07-13 14:08:40',20),(1562,1,1007319854,'Anderson ','Roldán López','Estudiante','andersonroldanlopezander@hotmail.com','2225141','','Telecentro La Sierra',2,1,NULL,'2015-06-28 22:03:48','2015-07-13 14:08:40',20),(1563,1,1090209640,'Juan Felipe ','Vásquez','Estudiante','','2626119','','Telecentro La Sierra',2,1,NULL,'2015-06-28 22:08:38','2015-07-13 14:08:40',20),(1564,1,1032070291,'Valentina ','Roldán López','Estudiante','','2225141','','Telecentro La Sierra',1,1,NULL,'2015-06-28 22:13:58','2015-07-13 14:08:40',20),(1565,1,1000540344,'Iván Mauricio ','Rodas','Esrudiante','','3221629','','Telecentro La Sierra',2,1,NULL,'2015-06-28 22:16:28','2015-07-13 14:08:40',20),(1566,1,98668107,'Carlos Augusto','Foronda Vallejo','Estudiante','','2846974','','Parque Biblioteca León de Greiff',2,3,'1978-12-11','2015-06-29 21:40:42','2015-07-13 14:08:40',20),(1567,1,72633780,'Iván Darío ','Alzate Quintero','Estudiante','','2317295','','Parque Biblioteca León de Greiff',2,3,'1963-04-11','2015-06-29 21:46:29','2015-07-13 14:08:40',20),(1568,1,43060000,'Miriam del Socorro','Nieto Pulgarín','Estudiante','','2549643','3127865687','Parque Biblioteca León de Greiff',1,3,'1966-09-13','2015-06-29 21:55:18','2015-07-13 14:08:40',20),(1569,1,32336975,'Norma Estella ','Rodríguez Gómez','Ama De Casa','norezgo@gmail.com','2538091','3014233462','Institucion Educativa Lucrecio Jaramillo',1,3,'1956-01-03','2015-06-30 09:15:34','2015-07-13 14:08:40',47),(1570,1,32520653,'Luz Estella ','Villegas Duque','Ama De Casa','mabepa66@hotmail.com','5822610','3007560325','Institucion Educativa Lucrecio Jaramillo',1,5,'1954-05-31','2015-06-30 09:21:44','2015-07-13 14:08:40',47),(1571,1,32018934,'Miryam Del Socorro ','Rivera Valencia','Ama De Casa','srivera498@gmail.com','2546650','','Biblioteca El Raizal',1,2,'1953-10-05','2015-07-01 10:07:38','2015-07-13 14:08:40',10),(1572,1,70120315,'Jose De Jesús ','Cardona','Independiente','orfisaldarriaga1957@gmail.com','2923020','','Biblioteca El Raizal',2,2,'1959-01-25','2015-07-01 10:09:47','2015-07-13 14:08:40',10),(1573,1,32544046,'Orfidia ','Echeverri Saldarriaga','Ama De Casa','orfisaldarriaga1957@gmail.com','2923020','','Biblioteca El Raizal',1,2,'1957-03-21','2015-07-01 10:09:59','2015-07-13 14:08:40',10),(1574,1,43022639,'Teresita ','Benjumea Ospina','Ama De Casa','terelaamiguis@gmail.com','2112144','','Biblioteca El Raizal',1,2,'1981-07-08','2015-07-01 10:10:24','2015-07-13 14:08:40',10),(1575,1,12485803,'Luis Enrique ','Calle Madrid','Jubilado','enriquecallemadrid@gmail.com','2640730','','Biblioteca La Floresta',2,4,'1939-08-18','2015-06-30 10:05:13','2015-07-13 14:08:40',47),(1576,1,32304443,'Carmen ','Muñoz Tobón','Ama De Casa','carmun852@gmail.com','5801787','','Biblioteca La Floresta',1,3,'1950-03-03','2015-06-30 10:09:17','2015-07-13 14:08:40',47),(1577,1,32527245,'Nidia Luz ','Álvarez','Pensionada','medialuzalvarez@gmail.com','4929532','','Biblioteca La Floresta',1,4,'1955-05-14','2015-06-30 10:17:27','2015-07-13 14:08:40',47),(1578,1,21305523,'María Rocío ','Montoya Muñoz','Voluntaria','rociomontoya.1016@gmail.com','2340876','','Biblioteca La Floresta',1,4,NULL,'2015-06-30 10:19:13','2015-07-13 14:08:40',47),(1579,1,21689915,'Gloria Amparo ','Guzmán Monsalve','Jubilada En Educación','glamgumo@hotmail.com','4162013','','Biblioteca La Floresta',1,4,NULL,'2015-06-30 10:23:03','2015-07-13 14:08:40',47),(1580,1,39383412,'Luz Elena ','Pérez','Ama De Casa','nena.65.j@gmail.com','2125328','','Cedezo Manrique',1,1,'1965-07-14','2015-07-01 08:45:41','2015-07-13 14:08:40',10),(1581,1,32078204,'Angela ','Velásquez','Ama De Casa','angelavs552@gmail.com','4161989','3004489361','Institucion Educativa Lucrecio Jaramillo',1,5,'1943-10-23','2015-06-30 10:43:45','2015-07-13 14:08:40',47),(1582,1,6783693,'Jose Dario ','Yepes','Pensionado','lumb2015@hotmail.com','4161903','3137946554','Institucion Educativa Lucrecio Jaramillo',2,5,'1944-08-22','2015-06-30 10:51:29','2015-07-13 14:08:40',47),(1583,1,43538507,'Luz Nery ','López','Ama De Casa','luznerylopezlopez@hotmail.com','4121137','3103708528','Institucion Educativa Lucrecio Jaramillo',1,5,NULL,'2015-06-30 11:05:24','2015-07-13 14:08:40',47),(1584,1,22018069,'Ligia ','Zulúaga ','Ama De Casa','ligiazuluaga20@gmail.com','3188193796','','Institucion Educativa Lucrecio Jaramillo',1,5,'1949-08-13','2015-06-30 11:07:33','2015-07-13 14:08:40',47),(1585,1,21373583,'Luz Elena ','Uribe Londoño ','Ama De Casa','lucyuslo911@gmail.com','4123247','','Institucion Educativa Lucrecio Jaramillo',1,5,'1943-11-04','2015-06-30 11:34:11','2015-07-13 14:08:40',47),(1586,1,3329677,'Ivan ','Londoño Morales','Pensionado','ivanlomdono23@gmail.com','4123247','','Institucion Educativa Lucrecio Jaramillo',2,5,'1938-06-23','2015-06-30 11:36:47','2015-07-13 14:08:40',47),(1587,1,32078676,'Rosalba ','Cañas Castrillón ','Ama De Casa','madem48@hotmail.com','3536896','','Institucion Educativa Lucrecio Jaramillo',1,5,'1942-09-01','2015-06-30 11:39:05','2015-07-13 14:08:40',47),(1588,1,32522243,'María Lilia ','Zulúaga Naranjo ','Ama De Casa','liliazuluagan@gmail.com','2500096','','Institucion Educativa Lucrecio Jaramillo',1,5,'1954-09-13','2015-06-30 11:44:31','2015-07-13 14:08:40',47),(1589,1,32417130,'Leo Vigilda ','Cadavid De López','Ama De Casa','leovigildacadavid@hotmail.com','4116058','','Institucion Educativa Lucrecio Jaramillo',1,4,'1941-10-27','2015-06-30 11:46:57','2015-07-13 14:08:40',47),(1590,1,32436732,'María Elsy ','Patiño Tamayo','Pensionada','monicarico@hotmail.com','2501251','','Institucion Educativa Lucrecio Jaramillo',1,4,'1946-08-27','2015-06-30 11:49:47','2015-07-13 14:08:40',47),(1591,1,22067795,'Luz Angela ','Jaramillo Osorio','Ama De Casa','lajo39@hotmail.com','4113885','','Institucion Educativa Lucrecio Jaramillo',1,5,'1939-08-17','2015-06-30 12:02:37','2015-07-13 14:08:40',47),(1592,1,43051495,'Patricia ','Tabares Hincapie','Ama De Casa','patriciatabares415@hotmail.com','4116464','','Patriciatabares415@hotmail.com',1,5,'1962-04-15','2015-06-30 12:05:47','2015-07-13 14:08:40',47),(1593,1,42700543,'María Elena ','Arenas','Ama De Casa','foxcuartas@gmail.com','5876805','','Institucion Educativa Lucrecio Jaramillo',1,4,'1964-11-29','2015-06-30 12:08:56','2015-07-13 14:08:40',47),(1594,1,32450279,'Isabel De Jesús ','Vásquez Avendaño','Ama De Casa','isabeldejesusvasquez@gmail.com','2393150','','Institucion Educativa Lucrecio Jaramillo',1,4,'1950-03-27','2015-06-30 12:12:20','2015-07-13 14:08:40',47),(1595,1,374400,'Javier','Granati','Corporación Línea De Tiempo','jalgrarez@yahoo.com','5780925','','Corporación Línea De Tiempo',2,4,'1976-08-07','2015-06-30 16:05:40','2015-07-13 14:08:40',15),(1596,1,43984673,'Catalina Luna','Peña','Técnico Cultura Digital','tecnologia.docedeoctubre@bibliotecasmedellin.gov.co','3852979','3008104719','Parque Biblioteca Doce De Octubre',1,3,NULL,'2015-06-30 16:23:32','2015-07-13 14:08:40',24),(1597,1,1036641846,'Jhonatan Stiven','Sepulveda Metrio','Practicante Apropiación','jhonatan.sepulveda@mdeinteligente.co','4444963','','MDE Ciudad Inteligente',2,2,'1992-10-15','2015-06-30 16:40:58','2015-07-13 14:08:40',43),(1598,1,1193151460,'David Esteban ','Patiño Acevedo','Estudiante','','5296625','','I.E Antonio Derka',2,2,NULL,'2015-07-01 08:58:29','2015-07-13 14:08:40',23),(1599,1,1000404791,'Estefany ','Parra Paneso','Estudiante','estefanypanesso8@gmail.com','3216801112','3216801112','I.E Antonio Derka',1,1,NULL,'2015-07-01 08:11:25','2015-07-13 14:08:40',23),(1600,1,1000401430,'Leonel Felipe','No','Estudiante','','5287143','','I.E Antonio Derka',2,1,NULL,'2015-07-01 08:11:54','2015-07-13 14:08:40',23),(1601,1,99102602028,'Juan Sebastián',' Galeano Correa','Estudiante','juan1sebastian1026@gmail.com','4762427-4662559','','Institución Educativa Jesus Amigo',2,2,NULL,'2015-06-30 17:15:33','2015-07-13 14:08:40',24),(1602,1,98030759745,'Juan Esteban','Correa Londoño','Estudiante','estebanlomejor65@hotmail.com','3218846237','','Institución Educativa Jesus Amigo',2,2,NULL,'2015-06-30 17:16:03','2015-07-13 14:08:40',24),(1603,1,1193529297,'Laura Vanessa','Agudelo Montoya','Estudiante','laura_m_0914@hotmail.com','3137039972','','Institución Educativa Jesus Amigo',1,2,NULL,'2015-06-30 17:16:40','2015-07-13 14:08:40',24),(1604,1,99032006643,'Juan Pablo ','Osorio Duque','Estudiante','juan.pablo.199910@hotmail.com','3214750859','','Institución Educativa Jesus Amigo',2,2,NULL,'2015-06-30 17:17:07','2015-07-13 14:08:40',24),(1605,1,1000437960,'Daniel ','Acevedo Osorio','Estudiante','daniel42001fcb@gmail.com','3003438018','','Institución Educativa Jesus Amigo',2,2,NULL,'2015-06-30 17:17:38','2015-07-13 14:08:40',24),(1606,1,1000395807,'Juan Diego ','Ruiz','Estudiante','dsws15juandi2105@gmail.com','4263396','3226152894','Institución Educativa Mariscal Robledo',2,3,NULL,'2015-06-30 17:35:32','2015-07-13 14:08:40',24),(1607,1,99120404918,'Clara','Carrascal Durango','Estudiante','claradurango@hotmail.com','3225369298','','Institución Educativa Mariscal Robledo',1,3,NULL,'2015-06-30 17:37:10','2015-07-13 14:08:40',24),(1608,1,1152216766,'David Mateo','López Martinez','Estudiante','davidlopezdl167@gmail.com','3122375630','','Institución Educativa Jorge Eliécer Gaitán ',2,2,NULL,'2015-06-30 20:34:45','2015-07-13 14:08:40',24),(1609,1,99100902156,'Luisa Fernanda','Julio Pereira','Estudiante','lulu-fer99@hotmail.com','3002959164','','Institución Educativa Jorge Eliécer Gaitán',2,2,NULL,'2015-06-30 20:36:17','2015-07-13 14:08:40',24),(1610,1,1000195190,'Jhon Maicol ','Ramirez Alvarez','Estudiante','jhonmichael8@hotmail.com','3006617498','','Institución Educativa Jorge Eliécer Gaitán ',2,2,NULL,'2015-06-30 20:39:32','2015-07-13 14:08:40',24),(1611,1,99071305550,'Lina Marcela ','Lopera Ibargüen','Estudiante','lina-labailarina@hotmail.com','4413760','','Institución Educativa Jorge Eliecer Gaitán ',1,2,NULL,'2015-06-30 20:40:44','2015-07-13 14:08:40',24),(1612,1,99081402856,'Lina María ','Leal Rodríguez','Estudiante','linalara3456@hotmail.com','3204621909','','Institución Educativa Jorge Robledo',1,3,NULL,'2015-06-30 21:01:08','2015-07-13 14:08:40',24),(1613,1,98111516685,'Sebastián ','Cueto García','Estudiante','cuetosebastian90@hotmail.com','3217573727','','Institución Educativa Jorge Robledo',2,3,NULL,'2015-06-30 21:02:32','2015-07-13 14:08:40',24),(1614,1,1000289914,'Steven ','Valderruten González','Estudiante','esgua132@hotmail.com','4265879','','Institución Educativa Jorge Robledo',2,2,NULL,'2015-06-30 21:03:42','2015-07-13 14:08:40',24),(1615,1,1000549181,'Ana Sofía ','Scolaro Botero','Estudiante','scolaroana@hotmail.com','3113377917','','Institución Educativa Jorge Robledo',1,2,NULL,'2015-06-30 21:05:09','2015-07-13 14:08:40',24),(1616,1,32396781,'María Quira ','Restrepo','Ama de casa','mariaq45@hotmail.com','4460067','3117044309','Institución Educativa Gerardo Valencia',1,4,NULL,'2015-06-30 21:31:54','2015-07-13 14:08:40',24),(1617,1,43069129,'Bertina ','Bustamante Bustamante','Ama de casa','bertinabus@gmail.com','2600090','3146101313','Institución Educativa Gerardo Valencia',1,2,NULL,'2015-06-30 21:38:52','2015-07-13 14:08:40',24),(1618,1,42688794,'Gloria Fanny ','Ramirez','Venta de productos por catálogo','gloriasepulvedad0102@gmail.com','3105334383','','Institución Educativa Gerardo Valencia',1,3,NULL,'2015-06-30 21:40:42','2015-07-13 14:08:40',24),(1619,1,1001362755,'Mariana ','Hernandez Salazar','Gestora TIC','mahesa70@hotmail.com','5809484','3207633173','Institución Educativa Monseñor Gerardo Valencia Cano',1,2,NULL,'2015-06-30 21:49:33','2015-07-13 14:08:40',24),(1620,1,1000445268,'Juan Sebastián ','Berrio Holguín','Gestor TIC','sebas2000jsb@hotmail.com','6064988','3206554847','Institución Educativa Gerardo Valencia Cano',2,3,NULL,'2015-06-30 21:50:53','2015-07-13 14:08:40',24),(1621,1,1000902076,'Natalia ','Fernandez Toledo','Gestora TIC','natyf613@gmail.com','2600465','3003797832','Institución Educativa Gerardo Valencia Cano',1,3,NULL,'2015-06-30 21:52:19','2015-07-13 14:08:40',24),(1622,1,99113006605,'Sergio Andrés ','Contreras Castrillon','Gestor TIC','sergioanime@gmail.comn','6066999','','Institución Educativa Gerardo Valencia Cano',2,3,NULL,'2015-06-30 21:54:46','2015-07-13 14:08:40',24),(1623,1,2400,'David Esteban','Lezcano','Estudiante','','3857331','','Parque Biblioteca León De Greiff',1,2,NULL,'2015-06-30 22:54:30','2015-07-13 14:08:40',20),(1624,1,2401,'Jovanny','Vallejo Callejas','Estudiante','','3857331','','Parque Biblioteca León de Greiff',2,3,NULL,'2015-06-30 22:58:30','2015-07-13 14:08:40',20),(1625,1,2405,'Jorge','Cadavid','Estudiante','','2841256','','Parque Biblioteca León de Greiff',2,2,NULL,'2015-06-30 23:02:38','2015-07-13 14:08:40',20),(1626,1,2403,'Nidia ','Agudelo','Estudiante','','2175937','','Parque Biblioteca León de Greiff',1,2,NULL,'2015-06-30 23:07:31','2015-07-13 14:08:40',20),(1627,1,2404,'Leidy Tatiana','Ospina','Estudiante','','2175937','','Parque Biblioteca León de Greiff',1,2,NULL,'2015-06-30 23:09:58','2015-07-13 14:08:40',20),(1628,1,2407,'Gustavo Albeiro','Ramírez','Estudiante','','3857331','','Parque Biblioteca León de Greiff',2,2,NULL,'2015-06-30 23:16:16','2015-07-13 14:08:40',20),(1629,1,1036603088,'Diego Alejandro ','Gonzalez Muñoz','Gestor Tic','diego.gonzalez2586@gmail.com','5821938','3002098020','Institución Educativa José Acevedo Y Gómez',2,3,'1986-09-25','2015-07-01 07:52:37','2015-07-13 14:08:40',43),(1630,1,1035227002,'Angie Alejandra','Franco Henao','Voluntaria','angiefrancoh@gmail.com','5851942','3005120760','Casa De La Cultura Los Colores',1,3,NULL,'2015-07-01 08:10:47','2015-07-13 14:08:40',46),(1631,1,1037626680,'Estiven','Cuartas Salinas','Gestor Tic Pascual Bravo','','2846444','','Pascv',2,2,NULL,'2015-07-01 08:23:31','2015-07-13 14:08:40',10),(1632,1,1214731497,'Jonathan ','Ramirez','Estudiante','jsramirez12@outlook.com','2920919','3148013066','Institución Educativa Pascual Bravo',2,2,'1996-10-19','2015-07-01 08:27:50','2015-07-13 14:08:40',41),(1633,1,32489452,'Ruth Estella','Gómez','Jubilada','ruth1652@gmail.com','3104964260','','Los Colores',1,3,NULL,'2015-07-01 08:29:23','2015-07-13 14:08:40',46),(1639,1,1001237752,'Julian Andres ','Ramirez Cadavid','Estudiante','andresramirez_21@hotmail.com','3113281621','','Casa de Gobierno Altavista',2,2,'1998-02-21','2015-07-01 08:34:25','2015-07-13 14:08:40',43),(1640,1,8398194,'Jaime','Jaramillo','Jubilado','cefemet@hotmail.com','2645368','','Los Colores',2,3,NULL,'2015-07-01 08:37:03','2015-07-13 14:08:40',46),(1641,1,9909003180,'Mateo ','Usuga Rivera','Estudiante','matyus-63@hotmail.com','2562227','','Casa de Gobierno Altavista',2,2,'1999-09-20','2015-07-01 08:37:39','2015-07-13 14:08:40',43),(1647,1,99092003180,'Mateo ','Usuga Rivera','Estudiante','matyus-63@hotmail.com','2562227','','Casa de Gobierno Altavista',2,2,'1999-09-20','2015-07-01 08:40:25','2015-07-13 14:08:40',43),(1651,1,1089599654,'Santiago ','Quintero','Estudiante','','3794738','','Parque Biblioteca José Horacio Betancur',2,2,'2004-12-29','2015-07-01 08:51:26','2015-07-13 14:08:40',15),(1655,1,71661051,'Rafael ','Rivera','Estudiante','rafaar1965@gmail.com','2129765','','Cedezo Manrique',2,3,NULL,'2015-07-01 08:44:38','2015-07-13 14:08:40',10),(1659,1,2219325,'Rosmira','Martinez','Independiente','romanecit@gmail.com','2649822','','Los Colores',1,3,NULL,'2015-07-01 08:48:04','2015-07-13 14:08:40',46),(1660,1,2937213,'Guillermo ','Hernandez','Comerciante','alexcar91@hotmail.com','2125015','','Cedezo Manrique',2,3,NULL,'2015-07-01 08:48:37','2015-07-13 14:08:40',10),(1661,1,1001418122,'Juan Carlos','Tabares','Estudiante','','5837854','','Parque Biblioteca José Horacio Betancur',2,2,'2001-03-01','2015-07-01 08:51:55','2015-07-13 14:08:40',15),(1664,1,1022143637,'Juan Gabriel ','Martinez','Estudiante','','5837854','','Parque Biblioteca José Horacio Betancur',1,2,'2005-12-19','2015-07-01 08:54:56','2015-07-13 14:08:40',15),(1665,1,1128444229,'Mateo ','De Osso','Estudiante','','3122514812','','Parque Biblioteca José Horacio Betancur',2,1,NULL,'2015-07-01 08:54:39','2015-07-13 14:08:40',15),(1667,1,1033179343,'Miguel Angel','Ríos Marín ','Estudiante','','5047675','','Parque Biblioteca José Horacio Betancur',2,2,NULL,'2015-07-01 08:58:38','2015-07-13 14:08:40',15),(1668,1,1033183406,'Daniel','Ríos','Estudiante','','5047675','','Parque Biblioteca José Horacio Betancur',2,2,'2007-11-30','2015-07-01 08:58:10','2015-07-13 14:08:40',15),(1669,1,1001418740,'Isabela','Ospina','Estudiante','','5701097','','Parque Biblioteca José Horacio Betancur',1,2,'2003-11-22','2015-07-01 09:01:05','2015-07-13 14:08:40',15),(1670,1,43609759,'Migdonia','Gonzales','Ama de Casa','','2125328','','Cedezo',1,2,NULL,'2015-07-01 08:59:03','2015-07-13 14:08:40',10),(1671,1,8800,'Gabriela ','Parra Urrea','Estudiante','','5380023','','Ninguna',1,4,NULL,'2015-07-01 09:00:31','2015-07-13 14:08:40',17),(1672,1,1128444367,'Ándres','Pelaez Escobar','Estudiante','','3370331','','Parque Biblioteca José Horacio Betancur',2,2,NULL,'2015-07-01 09:00:54','2015-07-13 14:08:40',15),(1673,1,1007055438,'Juan David','Tobón Rodas','Estudiante','','3374951','','Parque Biblioteca José Horacio Betancur',2,2,'2003-03-27','2015-07-01 09:04:57','2015-07-13 14:08:40',15),(1674,1,32537617,'Maria Altagracia','Quintana','Emprendedora','','7131545','','Cedezo',1,2,NULL,'2015-07-01 09:02:13','2015-07-13 14:08:40',10),(1675,1,1000753066,'Salome','Rengifo González','Estudiante','','2865748','','Parque Biblioteca José Horacio Betancur',1,2,'2001-08-13','2015-07-01 09:05:10','2015-07-13 14:08:40',15),(1676,1,1000305117,'Jhon Fredy','Caro Sánchez  ','Estudiante','','3374951','','Parque Biblioteca José Horacio Betancur',2,2,'2001-12-02','2015-07-01 09:04:28','2015-07-13 14:08:40',15),(1677,1,8801,'Jacobo',' Vargas Correa','Estudiante','','3113413982','3113413982',']Ninguna',2,3,NULL,'2015-07-01 09:05:54','2015-07-13 14:08:40',17),(1678,1,1001363160,'Vanesa','Rengifo Villada','Estudiante','','2865748','','Parque Biblioteca José Horacio Betancur',1,3,'2002-03-28','2015-07-01 09:08:28','2015-07-13 14:08:40',15),(1679,1,1011396604,'Junior Ándres','Arnache Rico','Estudiante','','2866544','','Parque Biblioteca José Horacio Betancur',1,2,'2005-05-27','2015-07-01 09:08:04','2015-07-13 14:08:40',15),(1680,1,1027805740,'Carlos Ándres','Palacio Mosquera','Estudiante','','2866544','','Parque Biblioteca José Horacio Betancur',2,2,'2008-03-10','2015-07-01 09:10:36','2015-07-13 14:08:40',15),(1681,1,1000417416,'Kevin ','Restrepo Pérez','Estudiante','','3374022','','Parque Biblioteca José Horacio Betancur',2,2,'2003-06-29','2015-07-01 09:10:16','2015-07-13 14:08:40',15),(1682,1,8802,'Ana María','Vargas Correa','Estudiante','','3113411982','3113411982','Ninguna',1,3,NULL,'2015-07-01 09:14:28','2015-07-13 14:08:40',17),(1683,1,40768426,'Carmenza','Ardila','Pensionada','carmenzacam@yahoo.com','2508148','','Los Colores',2,3,NULL,'2015-07-01 09:16:31','2015-07-13 14:08:40',46),(1684,1,8803,'Alejandra ','Jaramillo Atehortúa','Estudiante','','3015491714','3015491714','Ninguna',1,3,NULL,'2015-07-01 09:22:16','2015-07-13 14:08:40',17),(1685,1,8804,'Sofía','Arboleda Zapata','Estudiante','','5380143','','Ninguna',1,3,NULL,'2015-07-01 09:24:42','2015-07-13 14:08:40',17),(1686,1,32434198,'Luz Marina','Ramirez ','Ama de Casa','rualluzmarina@gmail.com','2609418','','Institución Educativa Gerardo Valencia',1,3,NULL,'2015-07-01 09:33:58','2015-07-13 14:08:40',24),(1687,1,43018390,'Luz Marina ','Ramirez','Ama de casa','luzmarinars1951@gmail.com','5844097','','Institución Educativa Gerardo Valencia',1,2,NULL,'2015-07-01 09:36:09','2015-07-13 14:08:40',24),(1688,1,8805,'Mateo',' Betancurth','Estudiante','','5381325','','Ninguna',2,3,NULL,'2015-07-01 09:42:03','2015-07-13 14:08:40',17),(1689,1,4892240,'Cecilia ','Marin Orozco','Ama de casa','','2589253','','Telecentro Villa del Socorro',1,2,NULL,'2015-07-01 09:42:39','2015-07-13 14:08:40',10),(1690,1,32494621,'Maria Normely ','Ramìrez','Ama de casa','','5219374','','Telecentro Villa del Socorro',1,2,NULL,'2015-07-01 09:46:06','2015-07-13 14:08:40',10),(1691,1,43494036,'Sulay','Atehortúa','Coordinadora','sulay.atehortua@gmail.com','3127334998','','Biblioteca La Floresta',1,3,NULL,'2015-07-01 09:48:47','2015-07-13 14:08:40',46),(1692,1,15361131,'Javier de Jesús ','Hincapie Tobón','Independiente','','2369163','','Telecentro Villa del Socorro',2,2,NULL,'2015-07-01 09:49:56','2015-07-13 14:08:40',10),(1693,1,43500745,'Adriana María ','Bedoya','Ama de casa','','5224993','','Telecentro Villa del Socorro',1,2,NULL,'2015-07-01 09:52:25','2015-07-13 14:08:40',10),(1694,1,32311659,'Fabiola ','Sánchez','Ama de casa','','5241483','','Telecentro Villa del Socorro',1,2,NULL,'2015-07-01 09:54:07','2015-07-13 14:08:40',10),(1695,1,43544953,'Angela Odilia ','Uribe','Ama de Casa','','5213925','','Telecentro Villa del Socorro',1,2,NULL,'2015-07-01 09:55:37','2015-07-13 14:08:40',10),(1696,1,42985168,'Doris Mariela ','Tangarife','Ama de casa','doriscostura51@gmail.com','2842622','','Biblioteca el Raizal',1,2,NULL,'2015-07-01 10:01:08','2015-07-13 14:08:40',10),(1697,1,1017152817,'Vanessa ','Saldarriaga','Ama de Casa','vanessakdarriaga2132@gmail.com','5732057','','Biblioteca el Raizal',1,2,NULL,'2015-07-01 10:03:42','2015-07-13 14:08:40',10),(1698,1,43548004,'Alba Ledy ','Restrepo Moreno','Ama de casa','doriscostura51@gmail.com','2842622','','Biblioteca el Raizal',1,2,NULL,'2015-07-01 10:05:01','2015-07-13 14:08:40',10),(1699,1,8806,'Leonardo','Salazar Restrepo','Estudiante','','5380743','','Ninguna',2,4,NULL,'2015-07-01 10:06:03','2015-07-13 14:08:40',17),(1700,1,10171667,'Jaime Fernando ','Vélez Quintero ','No tiene','','3108322855','','Biblioteca el Raizal',2,2,NULL,'2015-07-01 10:07:23','2015-07-13 14:08:40',10),(1701,1,42997689,'Luz Stella ','Moreno ','Ama de casa','lasarca531@gmail.com','3135200133','','Biblioteca el Raizal',1,2,NULL,'2015-07-01 10:08:57','2015-07-13 14:08:40',10),(1702,1,42992720,'Martha Elena','Muñoz','Ama de Casa','','3128172265','3128172265','Biblioteca Comfenalco el Salado',1,2,NULL,'2015-07-01 10:20:43','2015-07-13 14:08:40',38),(1703,1,42892578,'Adriana Patricia','Tobón','Ama de Casa','','3128172265','3128172265','Biblioteca Comfenalco El Salado',1,2,NULL,'2015-07-01 10:26:21','2015-07-13 14:08:40',38),(1707,1,1025882055,'Keisy Mariana','Marín Marulanda','Estudiante','','5838712','','Ninguna',1,2,'2004-07-05','2015-07-06 14:32:05','2015-07-13 14:08:40',24),(1708,1,1033180544,'Jorge Alexander ','Caicedo Lagos','Estudiante','','4770488','','Ninguno',1,2,'2006-10-11','2015-07-06 14:34:55','2015-07-13 14:08:40',24),(1709,1,1035970939,'Juan Esteban','Díaz Ortiz','Estudiante','','2378559','','Ninguna',2,2,'2004-07-13','2015-07-06 14:36:45','2015-07-13 14:08:40',24),(1710,1,1025889901,'Valeria ','Díaz Ortiz','Estudiante','','2378559','','Ninguno',1,2,'2006-12-21','2015-07-06 14:40:55','2015-07-13 14:08:40',24),(1711,1,1018225037,'Samuel ','Bohorquez Echavarria','Estudiante','','2370121','','Ninguno',2,2,'2004-08-18','2015-07-06 14:42:40','2015-07-13 14:08:40',24),(1712,1,1021922947,'Mateo','Gallego Arías','Estudiante','','3117185459','','Ninguno',2,2,'2004-06-19','2015-07-06 14:48:38','2015-07-13 14:08:40',24),(1713,1,1017922013,'Yefrin Mateo','Ramirez Silva','Estudiante','','4762441','','Ninguna',2,2,'2004-04-29','2015-07-06 14:51:12','2015-07-13 14:08:40',24),(1714,1,1000645543,'Jaime Andrés','Chavarría Gallego','Estudiante','','3117185459','','Ninguno',2,2,'2003-02-26','2015-07-06 14:53:01','2015-07-13 14:08:40',24),(1715,1,1011393269,'Emanuel ','Usme Casas','Estudiante','','3147150165','','Ninguno',2,2,'2005-08-17','2015-07-06 14:54:38','2015-07-13 14:08:40',24),(1716,1,1000415274,'Emanuel ','Santa Bedoya','Estudiante','','2678832','','Ninguno',2,2,'2003-08-14','2015-07-06 15:01:59','2015-07-13 14:08:40',24),(1717,1,1018233616,'Valentina ','Tangarife Puerta','Estudiante','','4771668','','Ninguna',1,2,'2006-06-01','2015-07-06 15:28:31','2015-07-13 14:08:40',24),(1718,1,1023524186,'Brandon ','Pino Perez','Estudiante','','3122983257','','Ninguno',2,2,'2006-05-09','2015-07-06 15:38:28','2015-07-13 14:08:40',24),(1719,1,1000569667,'Braian ','Pérez Munera','Estudiante','','3122983257','','Ninguno',2,2,'2003-11-12','2015-07-06 15:40:03','2015-07-13 14:08:40',24),(1720,1,1002146518,'Valeria ','Palacio Soto','Estudiante','','3136632814','','Estudiante',1,2,'2002-07-27','2015-07-06 15:42:32','2015-07-13 14:08:40',24),(1721,1,1046905925,'Andrés ','Soto Vargas','Estudiante','','3136632814','','Ninguno',2,2,'2007-08-08','2015-07-06 15:43:58','2015-07-13 14:08:40',24),(1722,1,1001228422,'Anderson Esneider','Alzate Mejía ','Estudiante','','3013824620','','Ninguno',2,2,'2003-05-13','2015-07-06 15:47:14','2015-07-13 14:08:40',24),(1723,1,1000403183,'Francisco Alonso','Cartagena Montalvo','Estudiante','','3217970413','','Ninguno',2,2,'2002-12-11','2015-07-06 15:48:40','2015-07-13 14:08:40',24),(1724,1,1005418952,'Kevin de Jesús ','Maurys Barba','Estudiante','','3107334307','','Ninguno',2,2,'2002-05-31','2015-07-06 15:50:53','2015-07-13 14:08:40',24),(1725,1,1025762288,'Jonathan ','Mazo García','Estudiante','','3105931019','','Ninguno',2,2,'2005-12-29','2015-07-06 15:52:30','2015-07-13 14:08:40',24),(1726,1,1007111448,'Sara Michel ','Maza García','Estudiante','','3105931019','','Ninguno',1,2,'2002-06-29','2015-07-06 15:54:36','2015-07-13 14:08:40',24),(1727,1,1018230840,'Esteban ','Macías Yate','Estudiante','','4714599','','Ninguno',2,2,'2005-10-05','2015-07-06 15:56:49','2015-07-13 14:08:40',24),(1728,1,1001117160,'Yuli Darlei ','Arias Vergara','Estudiante','','3205302125','','Ninguno',1,2,'2003-03-09','2015-07-06 15:58:19','2015-07-13 14:08:40',24),(1729,1,1023592399,'Stefanie ','Monsalve Siefken','Estudiante','','3014471196','','Ninguna',1,2,'2005-09-12','2015-07-06 15:59:58','2015-07-13 14:08:40',24),(1730,1,1023592398,'Melanie','Monsalve Siefken','Estudiante','','3014471196','','Ninguna',1,2,'2005-09-12','2015-07-06 16:01:37','2015-07-13 14:08:40',24),(1731,1,1025887081,'Daniel ','Valdez Hernandez','Estudiante','','4781613','','Ninguna',2,2,'2006-02-02','2015-07-06 16:03:24','2015-07-13 14:08:40',24),(1732,1,1146439078,'Sergio','Tapias Bueno','Ayudante de Construcción','sergiotapiasbueno@gmail.com','3147591273','3147591273','N/A',2,1,'1995-05-18','2015-07-08 15:09:24','2015-07-13 14:08:40',38),(1733,1,43555658,'Beatríz Elena','Quinchía','Estilista','beatrizelenaquinchia@gmail.com','3186676710','3186676710','N/A',1,2,'1972-04-06','2015-07-08 15:15:13','2015-07-13 14:08:40',38),(1734,1,42674651,'Mélida','Rondón','Ama de Casa','','3103934715','3103934715','N/A',1,1,NULL,'2015-07-08 15:17:56','2015-07-13 14:08:40',38),(1735,1,59672914,'María','Chemé','Oficios Varios','','3184269494','3184269494','N/A',1,1,NULL,'2015-07-08 15:23:32','2015-07-13 14:08:40',38),(1736,1,2773731,'Abel Antonio','Arenas Vélez','Oficios Varios','jeronimoyepes2003@hotmail.es','3128311937','3128311937','N/A',2,1,'1953-12-06','2015-07-08 15:27:10','2015-07-13 14:08:40',38),(1737,1,15401086,'Jaime','Muriel Rodriguez','Desempleado','muriel18jaime@hotmail.com','3128161474','3128161474','N/A',2,1,'1959-09-18','2015-07-08 15:33:16','2015-07-13 14:08:40',38),(1738,1,63535927,'Alcira','Gómez','Líder De Servicio','alcira.gomez@medellin.gov.co','3856877','3203420782','CAV Belencito (Centro De Ayuda A Víctimas)',1,4,NULL,'2015-07-08 16:16:51','2015-07-13 14:08:40',38),(1739,1,1128457806,'Daniel','Muñoz Mesa','Gestor TIC','dmesa93@hotmail.com','2861368','3146005628','Universidad CES',2,3,NULL,'2015-07-08 16:30:12','2015-07-13 14:08:40',15),(1740,1,42999468,'Consuelo','Alegrías Restrepo','Comité de las mujeres','dalegriassol@gmail.com','3008823706','','Comité de las mujeres',1,2,'1960-06-28','2015-07-08 16:57:31','2015-07-13 14:08:40',15),(1741,1,42874676,'Olga','Pelaez Cortes ','Ama de casa','pelaezcortesolga@gmail.com','2861319','','Parque Biblioteca José Horacio Betancur',1,2,'1962-06-06','2015-07-08 17:00:13','2015-07-13 14:08:40',15),(1742,1,39668052,'Astrid ','Saravia Arenas','Ama de casa','astridsaravia1102@hotmail.es','3028394','','Parque Biblioteca José Horacio Betancur',1,2,'1972-02-11','2015-07-08 17:13:04','2015-07-13 14:08:40',15),(1743,1,42784271,'Luz Edith ','García Adarve','Ama de casa','luzedithgarciaadarve@gmail.com','3734902','','Parque Biblioteca José Horacio Betancur',1,2,'1970-06-05','2015-07-09 08:33:42','2015-07-13 14:08:40',15),(1744,1,42999171,'María Angelia','Sánchez Restrepo','Manualidades','angeliasanchezr71@hotmail.com','4230605','3104456860','Parque Biblioteca José Horacio Betancur',1,3,'1957-03-24','2015-07-09 08:51:22','2015-07-13 14:08:40',15),(1745,1,1193547740,'Jefferson','Rodriguez','Estudiante','danielcito-_-@hotmail.com','4930122','','PB San Javier',2,2,NULL,'2015-07-11 10:35:32','2015-07-13 14:08:40',38),(1746,1,1000441547,'Jew','Valle Castro','Estudiante','jewvalle@hotmail.com','4964483','','PB San Javier',2,2,NULL,'2015-07-11 10:40:23','2015-07-13 14:08:40',38),(1747,1,99111408480,'Marcos','Carvajal','Estudiante','marcoscarvaj@hotmail.com','2535125','','PB San Javier',2,2,NULL,'2015-07-11 10:43:38','2015-07-13 14:08:40',38),(1748,1,1000203587,'Esteban','Mendoza','Estudiante','','2532924','','PB San Javier',2,2,NULL,'2015-07-11 10:46:37','2015-07-13 14:08:40',38),(1749,1,98082251340,'Santiago','Luján','Estudiante','lujansito-98@hotmail.com','2532596','','PB San Javier',2,2,NULL,'2015-07-11 10:55:19','2015-07-13 14:08:40',38),(1750,1,1001229598,'Carlos Felipe','Zapata','Estudiante','','4968697','','PB San Javier',2,2,NULL,'2015-07-11 11:00:04','2015-07-13 14:08:40',38),(1751,1,1000205969,'Esteban','Rodriguez','Estudiante','','4930120','','PB San Javier',2,2,NULL,'2015-07-11 11:44:12','2015-07-13 14:08:40',38),(1753,1,1031940364,'Felipe','García','Estudiante','','3005699623','','PB San Javier',2,1,NULL,'2015-07-11 12:17:20','2015-07-13 14:08:40',38),(1754,1,1000875935,'Angie Sofía ','Mosquera','Estudiante','','4926473','','PB San Javier',1,1,NULL,'2015-07-11 12:20:27','2015-07-13 14:08:40',38);
/*!40000 ALTER TABLE `people` ENABLE KEYS */;
UNLOCK TABLES;

--
-- Table structure for table `per_marital_status`
--

DROP TABLE IF EXISTS `per_marital_status`;
/*!40101 SET @saved_cs_client     = @@character_set_client */;
/*!40101 SET character_set_client = utf8 */;
CREATE TABLE `per_marital_status` (
  `id` int(11) NOT NULL AUTO_INCREMENT,
  `name` varchar(80) NOT NULL,
  `creation_date` datetime NOT NULL,
  `modification_date` timestamp NOT NULL DEFAULT CURRENT_TIMESTAMP ON UPDATE CURRENT_TIMESTAMP,
  `user_id` int(11) NOT NULL,
  PRIMARY KEY (`id`),
  UNIQUE KEY `name` (`name`),
  KEY `user_id` (`user_id`),
  CONSTRAINT `per_marital_status_ibfk_1` FOREIGN KEY (`user_id`) REFERENCES `users` (`id_user`) ON UPDATE CASCADE
) ENGINE=InnoDB AUTO_INCREMENT=6 DEFAULT CHARSET=latin1;
/*!40101 SET character_set_client = @saved_cs_client */;

--
-- Dumping data for table `per_marital_status`
--

LOCK TABLES `per_marital_status` WRITE;
/*!40000 ALTER TABLE `per_marital_status` DISABLE KEYS */;
INSERT INTO `per_marital_status` VALUES (1,'Soltero(a)','0000-00-00 00:00:00','0000-00-00 00:00:00',0),(2,'Casado(a)','0000-00-00 00:00:00','0000-00-00 00:00:00',0),(3,'Separado(a)','0000-00-00 00:00:00','0000-00-00 00:00:00',0),(4,'Unión libre','0000-00-00 00:00:00','0000-00-00 00:00:00',0),(5,'Viudo(a)','0000-00-00 00:00:00','0000-00-00 00:00:00',0);
/*!40000 ALTER TABLE `per_marital_status` ENABLE KEYS */;
UNLOCK TABLES;

--
-- Table structure for table `per_participants`
--

DROP TABLE IF EXISTS `per_participants`;
/*!40101 SET @saved_cs_client     = @@character_set_client */;
/*!40101 SET character_set_client = utf8 */;
CREATE TABLE `per_participants` (
  `id` int(11) NOT NULL AUTO_INCREMENT,
  `neighborhood_id` int(11) NOT NULL,
  `other_population_type` varchar(80) DEFAULT NULL,
  `per_people_type_id` int(11) NOT NULL,
  `marital_status_id` int(11) NOT NULL,
  `school_level_id` int(11) NOT NULL,
  `creation_date` datetime NOT NULL,
  `modification_date` timestamp NOT NULL DEFAULT '0000-00-00 00:00:00' ON UPDATE CURRENT_TIMESTAMP,
  `user_id` int(11) NOT NULL,
  PRIMARY KEY (`id`),
  KEY `neighborhood_id` (`neighborhood_id`),
  KEY `per_people_type_id` (`per_people_type_id`),
  KEY `user_id` (`user_id`),
  KEY `marital_status_id` (`marital_status_id`),
  KEY `school_level_id` (`school_level_id`),
  CONSTRAINT `per_participants_ibfk_1` FOREIGN KEY (`neighborhood_id`) REFERENCES `neighborhoods` (`id_neighborhood`) ON UPDATE CASCADE,
  CONSTRAINT `per_participants_ibfk_3` FOREIGN KEY (`marital_status_id`) REFERENCES `per_marital_status` (`id`) ON UPDATE CASCADE,
  CONSTRAINT `per_participants_ibfk_4` FOREIGN KEY (`school_level_id`) REFERENCES `per_school_level` (`id`) ON UPDATE CASCADE,
  CONSTRAINT `per_participants_ibfk_5` FOREIGN KEY (`user_id`) REFERENCES `users` (`id_user`) ON UPDATE CASCADE,
  CONSTRAINT `per_participants_ibfk_6` FOREIGN KEY (`per_people_type_id`) REFERENCES `per_people_type` (`id`) ON UPDATE CASCADE
) ENGINE=InnoDB AUTO_INCREMENT=853 DEFAULT CHARSET=latin1;
/*!40101 SET character_set_client = @saved_cs_client */;

--
-- Dumping data for table `per_participants`
--

LOCK TABLES `per_participants` WRITE;
/*!40000 ALTER TABLE `per_participants` DISABLE KEYS */;
INSERT INTO `per_participants` VALUES (1,54,'',3,1,3,'2015-05-22 17:16:52','0000-00-00 00:00:00',13),(2,45,'',10,1,3,'2015-05-28 10:16:39','0000-00-00 00:00:00',43),(3,45,'',11,2,2,'2015-05-28 10:19:37','0000-00-00 00:00:00',43),(4,45,'',12,1,3,'2015-05-28 10:21:36','0000-00-00 00:00:00',43),(5,45,'',13,1,3,'2015-05-28 10:25:06','0000-00-00 00:00:00',43),(6,45,'',14,1,2,'2015-05-28 10:28:57','0000-00-00 00:00:00',43),(7,45,'',15,1,2,'2015-05-28 10:41:38','0000-00-00 00:00:00',43),(8,185,'',17,1,1,'2015-06-02 10:27:00','0000-00-00 00:00:00',24),(9,185,'',18,1,1,'2015-06-02 10:56:15','0000-00-00 00:00:00',24),(10,185,'',19,1,2,'2015-06-02 10:58:16','0000-00-00 00:00:00',24),(11,185,'',20,1,2,'2015-06-02 11:01:25','0000-00-00 00:00:00',24),(12,185,'',21,1,2,'2015-06-02 11:04:03','0000-00-00 00:00:00',24),(13,185,'',22,1,2,'2015-06-02 11:08:00','0000-00-00 00:00:00',24),(14,185,'',23,1,2,'2015-06-02 11:09:47','0000-00-00 00:00:00',24),(15,185,'',24,1,1,'2015-06-02 11:11:33','0000-00-00 00:00:00',24),(16,185,'',25,1,2,'2015-06-02 11:13:58','0000-00-00 00:00:00',24),(17,185,'',26,1,2,'2015-06-02 11:15:31','0000-00-00 00:00:00',24),(18,185,'',27,1,2,'2015-06-02 11:17:12','0000-00-00 00:00:00',24),(19,185,'',28,1,1,'2015-06-02 11:23:27','0000-00-00 00:00:00',24),(20,185,'',29,1,1,'2015-06-02 11:25:43','0000-00-00 00:00:00',24),(21,185,'',30,1,1,'2015-06-02 11:27:07','0000-00-00 00:00:00',24),(22,185,'',31,1,1,'2015-06-02 11:34:06','0000-00-00 00:00:00',24),(23,185,'',32,1,1,'2015-06-02 11:35:31','0000-00-00 00:00:00',24),(24,185,'',33,1,1,'2015-06-02 11:37:01','0000-00-00 00:00:00',24),(25,185,'',34,1,1,'2015-06-02 11:45:20','0000-00-00 00:00:00',24),(26,185,'',35,1,1,'2015-06-02 11:49:57','0000-00-00 00:00:00',24),(27,185,'',36,1,1,'2015-06-02 11:51:50','0000-00-00 00:00:00',24),(28,185,'',37,1,1,'2015-06-02 11:55:07','0000-00-00 00:00:00',24),(29,185,'',38,1,1,'2015-06-02 11:56:46','0000-00-00 00:00:00',24),(30,79,'',40,2,2,'2015-06-03 12:10:10','0000-00-00 00:00:00',38),(31,80,'',41,1,2,'2015-06-03 12:13:43','0000-00-00 00:00:00',38),(32,42,'',42,2,2,'2015-06-03 12:23:58','0000-00-00 00:00:00',38),(33,41,'',43,1,3,'2015-06-03 12:26:15','0000-00-00 00:00:00',38),(34,14,'',44,1,3,'2015-06-03 12:31:50','0000-00-00 00:00:00',38),(35,42,'',45,1,3,'2015-06-03 12:35:43','0000-00-00 00:00:00',38),(36,105,'',46,1,3,'2015-06-03 12:38:42','0000-00-00 00:00:00',38),(37,22,'',47,2,3,'2015-06-03 12:41:28','0000-00-00 00:00:00',38),(38,42,'',48,1,3,'2015-06-03 12:51:47','0000-00-00 00:00:00',38),(39,124,'',49,1,3,'2015-06-03 12:54:13','0000-00-00 00:00:00',38),(40,73,'',51,1,1,'2015-06-03 14:55:40','0000-00-00 00:00:00',38),(41,77,'',52,2,1,'2015-06-03 15:22:40','0000-00-00 00:00:00',38),(42,77,'',53,2,2,'2015-06-03 15:26:42','0000-00-00 00:00:00',38),(43,77,'',54,2,2,'2015-06-03 15:28:48','0000-00-00 00:00:00',38),(44,77,'',55,2,2,'2015-06-03 15:33:04','0000-00-00 00:00:00',38),(45,76,'',56,1,1,'2015-06-03 15:37:26','0000-00-00 00:00:00',38),(46,112,'',57,2,2,'2015-06-04 14:22:38','0000-00-00 00:00:00',42),(47,112,'',58,2,2,'2015-06-04 14:24:37','0000-00-00 00:00:00',42),(48,112,'',60,1,2,'2015-06-04 14:56:46','0000-00-00 00:00:00',42),(49,112,'',61,4,2,'2015-06-04 14:58:37','0000-00-00 00:00:00',42),(50,112,'',62,3,2,'2015-06-04 15:00:34','0000-00-00 00:00:00',42),(51,112,'',63,3,1,'2015-06-04 15:02:30','0000-00-00 00:00:00',42),(52,112,'',64,2,2,'2015-06-04 15:05:12','0000-00-00 00:00:00',42),(53,112,'',65,3,1,'2015-06-04 15:07:25','0000-00-00 00:00:00',42),(54,112,'',66,3,1,'2015-06-04 15:09:46','0000-00-00 00:00:00',42),(55,112,'',67,3,1,'2015-06-04 15:12:18','0000-00-00 00:00:00',42),(56,112,'',68,2,2,'2015-06-04 15:13:41','0000-00-00 00:00:00',42),(57,121,'',71,3,3,'2015-06-05 10:26:56','2015-07-07 16:31:36',15),(58,185,'',72,1,1,'2015-06-05 15:30:23','0000-00-00 00:00:00',24),(59,185,'',73,1,1,'2015-06-05 15:32:27','0000-00-00 00:00:00',24),(60,185,'',74,1,1,'2015-06-05 15:34:09','0000-00-00 00:00:00',24),(61,185,'',75,1,1,'2015-06-05 15:36:57','0000-00-00 00:00:00',24),(62,185,'',76,1,1,'2015-06-05 15:38:17','0000-00-00 00:00:00',24),(63,185,'',77,1,1,'2015-06-05 15:39:41','0000-00-00 00:00:00',24),(64,185,'',78,1,1,'2015-06-05 15:41:21','0000-00-00 00:00:00',24),(65,185,'',79,1,1,'2015-06-05 15:43:59','0000-00-00 00:00:00',24),(66,185,'',80,1,1,'2015-06-05 16:31:57','0000-00-00 00:00:00',24),(67,185,'',81,1,1,'2015-06-05 17:00:07','0000-00-00 00:00:00',24),(68,185,'',82,1,1,'2015-06-05 17:01:26','0000-00-00 00:00:00',24),(69,185,'',83,1,1,'2015-06-05 17:02:59','0000-00-00 00:00:00',24),(70,185,'',84,1,1,'2015-06-05 17:04:19','0000-00-00 00:00:00',24),(71,185,'',85,1,1,'2015-06-05 17:06:40','0000-00-00 00:00:00',24),(72,185,'',86,1,1,'2015-06-05 17:07:52','0000-00-00 00:00:00',24),(73,185,'',87,1,1,'2015-06-05 17:09:41','0000-00-00 00:00:00',24),(74,185,'',88,1,1,'2015-06-05 17:10:49','0000-00-00 00:00:00',24),(75,185,'',89,1,2,'2015-06-05 17:12:06','0000-00-00 00:00:00',24),(76,185,'',90,1,1,'2015-06-05 17:13:10','0000-00-00 00:00:00',24),(77,185,'',91,1,2,'2015-06-05 17:18:59','0000-00-00 00:00:00',24),(78,185,'',92,1,1,'2015-06-05 17:20:24','0000-00-00 00:00:00',24),(79,185,'',93,1,2,'2015-06-05 17:22:06','0000-00-00 00:00:00',24),(80,185,'',94,1,1,'2015-06-05 17:27:16','0000-00-00 00:00:00',24),(81,185,'',95,1,1,'2015-06-05 17:29:12','0000-00-00 00:00:00',24),(82,88,'',96,1,1,'2015-06-09 12:01:06','2015-07-07 19:02:18',15),(83,44,'',97,1,1,'2015-06-09 13:27:44','2015-07-07 19:06:18',15),(84,44,'',98,1,1,'2015-06-09 13:32:38','2015-07-07 16:34:33',15),(85,44,'',99,2,7,'2015-06-09 14:06:35','2015-07-07 16:36:42',15),(86,43,'',100,2,2,'2015-06-09 14:30:54','0000-00-00 00:00:00',15),(87,157,'',102,2,2,'2015-06-09 14:37:15','0000-00-00 00:00:00',15),(88,44,'',103,1,2,'2015-06-09 14:40:08','2015-07-07 18:59:17',15),(89,43,'',104,2,2,'2015-06-09 14:42:29','0000-00-00 00:00:00',15),(90,43,'',105,5,1,'2015-06-09 14:44:15','2015-07-07 16:37:57',15),(91,157,'',106,2,2,'2015-06-09 14:46:08','0000-00-00 00:00:00',15),(92,44,'',107,2,2,'2015-06-09 14:48:58','0000-00-00 00:00:00',15),(93,43,'',108,2,1,'2015-06-09 14:51:22','2015-07-07 18:52:55',15),(94,47,'',109,2,2,'2015-06-09 16:02:26','0000-00-00 00:00:00',15),(95,25,'',110,1,1,'2015-06-10 11:23:46','0000-00-00 00:00:00',38),(96,181,'',111,1,1,'2015-06-10 11:29:16','0000-00-00 00:00:00',38),(97,120,'',112,1,2,'2015-06-10 11:33:56','0000-00-00 00:00:00',17),(98,181,'',113,1,1,'2015-06-10 11:34:41','0000-00-00 00:00:00',38),(99,181,'',114,1,1,'2015-06-10 11:38:41','0000-00-00 00:00:00',38),(100,181,'',115,1,1,'2015-06-10 11:47:00','0000-00-00 00:00:00',38),(101,181,'',116,1,1,'2015-06-10 11:51:57','0000-00-00 00:00:00',38),(102,181,'',117,1,1,'2015-06-10 12:02:08','0000-00-00 00:00:00',38),(103,181,'',118,1,1,'2015-06-10 12:13:19','0000-00-00 00:00:00',38),(104,181,'',119,1,1,'2015-06-10 13:31:25','0000-00-00 00:00:00',12),(105,181,'',120,1,1,'2015-06-10 13:43:11','0000-00-00 00:00:00',38),(106,120,'',121,2,2,'2015-06-10 14:10:42','0000-00-00 00:00:00',17),(107,63,'',122,1,2,'2015-06-10 14:15:30','0000-00-00 00:00:00',17),(108,120,'',123,2,2,'2015-06-10 14:19:41','0000-00-00 00:00:00',17),(109,120,'',124,2,2,'2015-06-10 14:33:22','0000-00-00 00:00:00',17),(110,67,'',125,2,1,'2015-06-10 14:57:05','0000-00-00 00:00:00',17),(111,120,'',126,2,2,'2015-06-11 09:44:07','0000-00-00 00:00:00',17),(112,63,'',127,2,2,'2015-06-11 09:46:29','0000-00-00 00:00:00',17),(113,63,'',128,2,2,'2015-06-11 09:48:47','0000-00-00 00:00:00',17),(114,67,'',129,2,1,'2015-06-11 10:05:59','0000-00-00 00:00:00',17),(115,67,'',130,2,2,'2015-06-11 10:08:38','0000-00-00 00:00:00',17),(116,67,'',131,1,2,'2015-06-11 10:12:47','0000-00-00 00:00:00',17),(117,147,'',132,1,2,'2015-06-11 10:17:44','0000-00-00 00:00:00',17),(118,147,'',133,2,2,'2015-06-11 10:20:55','0000-00-00 00:00:00',17),(119,69,'',134,2,2,'2015-06-11 10:23:23','0000-00-00 00:00:00',17),(120,156,'',135,2,1,'2015-06-11 10:51:06','0000-00-00 00:00:00',17),(121,156,'',136,1,2,'2015-06-11 11:08:15','0000-00-00 00:00:00',17),(122,67,'',137,2,2,'2015-06-11 11:17:33','0000-00-00 00:00:00',17),(123,67,'',138,2,1,'2015-06-11 11:19:24','0000-00-00 00:00:00',17),(124,181,'',139,1,1,'2015-06-11 12:01:08','0000-00-00 00:00:00',38),(125,183,'',140,1,1,'2015-06-11 12:06:19','0000-00-00 00:00:00',38),(126,181,'',141,1,1,'2015-06-11 13:44:32','0000-00-00 00:00:00',38),(127,40,'',142,1,1,'2015-06-11 13:47:28','0000-00-00 00:00:00',38),(128,42,'Adulto',143,3,2,'2015-06-22 14:52:53','2015-06-22 19:52:53',15),(129,186,'',144,1,5,'2015-06-22 14:50:00','2015-06-22 19:50:00',15),(130,181,'',145,1,3,'2015-06-22 14:50:40','2015-06-22 19:50:40',15),(131,157,'',146,3,2,'2015-06-22 15:10:14','2015-06-22 20:10:14',15),(132,66,'',147,1,3,'2015-06-12 15:49:03','0000-00-00 00:00:00',40),(133,66,'',148,2,2,'2015-06-12 15:51:29','0000-00-00 00:00:00',40),(134,186,'',149,2,6,'2015-06-22 14:42:08','2015-06-22 19:42:08',15),(135,66,'',150,2,3,'2015-06-12 15:56:58','0000-00-00 00:00:00',40),(136,66,'',151,2,3,'2015-06-12 16:00:11','0000-00-00 00:00:00',40),(137,105,'',152,2,2,'2015-06-22 14:56:08','2015-06-22 19:56:08',15),(138,67,'',153,3,2,'2015-06-22 15:10:39','2015-06-22 20:10:39',15),(139,66,'',154,2,3,'2015-06-12 16:14:01','0000-00-00 00:00:00',40),(140,66,'',155,2,1,'2015-06-12 16:18:26','0000-00-00 00:00:00',40),(141,122,'Niños en situación de vulnerabiliad',156,1,2,'2015-06-12 16:26:04','0000-00-00 00:00:00',20),(142,43,'',157,2,1,'2015-06-22 14:38:28','2015-06-22 19:38:28',15),(143,122,'Niños en situación vulnerable',158,1,2,'2015-06-12 16:45:56','0000-00-00 00:00:00',20),(144,44,'',159,1,2,'2015-06-22 14:50:59','2015-06-22 19:50:59',15),(145,187,'',160,1,2,'2015-06-22 14:48:16','2015-06-22 19:48:16',15),(146,188,'',161,4,7,'2015-06-22 15:06:05','2015-06-22 20:06:05',15),(147,85,'',162,1,2,'2015-06-22 15:08:57','2015-06-22 20:08:57',15),(148,44,'',163,2,6,'2015-06-22 15:13:18','2015-06-22 20:13:18',15),(149,87,'',164,2,6,'2015-06-22 15:23:56','2015-06-22 20:23:56',15),(150,44,'',165,2,2,'2015-06-22 15:24:36','2015-06-22 20:24:36',15),(151,91,'',166,3,6,'2015-06-19 20:24:10','2015-06-20 01:24:10',15),(152,46,'',167,2,2,'2015-06-19 20:24:29','2015-06-20 01:24:29',15),(153,46,'',168,3,6,'2015-06-19 20:24:48','2015-06-20 01:24:48',15),(154,47,'',169,1,2,'2015-06-19 20:25:15','2015-06-20 01:25:15',15),(155,46,'',170,3,1,'2015-06-19 20:25:40','2015-06-20 01:25:40',15),(156,46,'',171,2,2,'2015-06-19 20:26:14','2015-06-20 01:26:14',15),(157,46,'',172,2,2,'2015-06-19 20:26:43','2015-06-20 01:26:43',15),(158,46,'',173,2,2,'2015-06-19 20:27:07','2015-06-20 01:27:07',15),(159,46,'',174,2,2,'2015-06-19 20:27:37','2015-06-20 01:27:37',15),(160,46,'',175,1,2,'2015-06-19 20:28:10','2015-06-20 01:28:10',15),(161,46,'',176,1,2,'2015-06-19 20:28:32','2015-06-20 01:28:32',15),(162,46,'',177,2,1,'2015-06-19 20:29:17','2015-06-20 01:29:17',15),(163,189,'',178,1,2,'2015-06-16 09:42:51','0000-00-00 00:00:00',47),(164,46,'',179,2,1,'2015-06-16 09:47:55','0000-00-00 00:00:00',47),(165,189,'',180,1,1,'2015-06-16 09:50:59','0000-00-00 00:00:00',47),(166,46,'',181,3,1,'2015-06-16 09:55:16','0000-00-00 00:00:00',47),(167,189,'',182,2,1,'2015-06-16 09:58:49','0000-00-00 00:00:00',47),(168,189,'',183,3,1,'2015-06-16 10:02:15','0000-00-00 00:00:00',47),(169,189,'',184,3,1,'2015-06-16 10:05:04','0000-00-00 00:00:00',47),(170,46,'',185,2,2,'2015-06-16 10:10:55','0000-00-00 00:00:00',47),(171,197,'',186,4,1,'2015-06-16 10:15:32','0000-00-00 00:00:00',47),(172,46,'',187,2,7,'2015-06-16 10:18:31','0000-00-00 00:00:00',47),(173,197,'',188,3,2,'2015-06-16 10:21:28','0000-00-00 00:00:00',47),(174,189,'',189,1,1,'2015-06-16 10:26:14','0000-00-00 00:00:00',47),(175,46,'',190,1,1,'2015-06-16 10:30:46','0000-00-00 00:00:00',47),(176,197,'',191,2,7,'2015-06-16 10:34:26','0000-00-00 00:00:00',47),(177,189,'',192,5,1,'2015-06-16 10:40:42','0000-00-00 00:00:00',47),(178,197,'',193,5,1,'2015-06-16 10:46:08','0000-00-00 00:00:00',47),(179,86,'',194,3,1,'2015-06-16 13:19:18','2015-06-16 18:19:18',38),(180,44,'',195,1,7,'2015-06-16 13:20:11','2015-06-16 18:20:11',38),(181,86,'',196,2,7,'2015-06-16 13:21:08','2015-06-16 18:21:08',38),(182,86,'',197,5,7,'2015-06-16 13:21:37','2015-06-16 18:21:37',38),(183,86,'',198,2,2,'2015-06-16 13:22:26','2015-06-16 18:22:26',38),(184,86,'',199,5,2,'2015-06-16 13:23:18','2015-06-16 18:23:18',38),(185,44,'',200,1,6,'2015-06-16 13:27:45','2015-06-16 18:27:45',38),(186,44,'',201,1,5,'2015-06-16 13:28:30','2015-06-16 18:28:30',38),(187,86,'',202,2,7,'2015-06-16 13:28:45','2015-06-16 18:28:45',38),(188,44,'',203,1,4,'2015-06-16 13:29:02','2015-06-16 18:29:02',38),(189,86,'',204,2,7,'2015-06-16 13:30:09','2015-06-16 18:30:09',38),(190,44,'',205,1,3,'2015-06-16 13:30:36','2015-06-16 18:30:36',38),(191,42,'',207,3,7,'2015-06-16 16:08:24','0000-00-00 00:00:00',43),(192,42,'',208,1,1,'2015-06-16 16:14:47','0000-00-00 00:00:00',43),(193,199,'',209,1,7,'2015-06-16 16:19:36','0000-00-00 00:00:00',43),(194,42,'',210,1,1,'2015-06-16 16:22:51','0000-00-00 00:00:00',43),(195,42,'',211,2,1,'2015-06-16 16:25:56','0000-00-00 00:00:00',43),(196,42,'',212,3,7,'2015-06-16 16:29:20','0000-00-00 00:00:00',43),(197,42,'',213,2,1,'2015-06-16 16:32:57','0000-00-00 00:00:00',43),(198,42,'',214,3,1,'2015-06-16 16:36:27','0000-00-00 00:00:00',43),(199,42,'',215,5,7,'2015-06-16 16:38:45','0000-00-00 00:00:00',43),(200,42,'',216,1,7,'2015-06-16 16:41:56','0000-00-00 00:00:00',43),(201,42,'',217,2,7,'2015-06-16 16:44:42','0000-00-00 00:00:00',43),(202,42,'',218,1,7,'2015-06-16 16:47:44','0000-00-00 00:00:00',43),(203,42,'',219,2,3,'2015-06-16 16:50:00','0000-00-00 00:00:00',43),(204,42,'',220,1,1,'2015-06-16 16:52:32','0000-00-00 00:00:00',43),(205,42,'',221,1,7,'2015-06-16 16:55:22','0000-00-00 00:00:00',43),(206,42,'',222,1,1,'2015-06-23 09:02:52','2015-06-23 14:02:52',43),(207,42,'',223,2,6,'2015-06-16 17:02:11','0000-00-00 00:00:00',43),(208,76,'',225,1,7,'2015-06-17 08:41:54','0000-00-00 00:00:00',38),(209,74,'',226,1,7,'2015-06-17 08:50:08','0000-00-00 00:00:00',38),(210,76,'',227,1,7,'2015-06-17 09:00:24','0000-00-00 00:00:00',38),(211,76,'',228,1,7,'2015-06-17 09:04:19','0000-00-00 00:00:00',38),(212,47,'',229,1,7,'2015-06-17 09:19:18','0000-00-00 00:00:00',38),(213,47,'',230,1,7,'2015-06-17 09:21:54','0000-00-00 00:00:00',38),(214,47,'',231,1,7,'2015-06-17 09:33:24','0000-00-00 00:00:00',38),(215,16,'',232,5,3,'2015-07-01 08:01:46','2015-07-01 13:01:46',46),(216,42,'',233,1,1,'2015-07-01 07:20:58','2015-07-01 12:20:58',43),(217,200,'',234,2,3,'2015-07-01 08:22:59','2015-07-01 13:22:59',46),(218,16,'',235,2,1,'2015-07-01 08:33:29','2015-07-01 13:33:29',46),(219,16,'',236,2,7,'2015-07-01 08:34:44','2015-07-01 13:34:44',46),(220,42,'',237,1,8,'2015-07-01 09:11:45','2015-07-01 14:11:45',43),(221,80,'',238,1,1,'2015-06-17 10:49:56','0000-00-00 00:00:00',38),(222,16,'',239,2,7,'2015-07-01 08:45:51','2015-07-01 13:45:51',46),(223,104,'',240,1,3,'2015-07-01 09:01:26','2015-07-01 14:01:26',46),(224,42,'',241,1,1,'2015-07-01 07:21:18','2015-07-01 12:21:18',43),(225,16,'',242,4,3,'2015-07-01 09:17:08','2015-07-01 14:17:08',46),(226,124,'',243,1,1,'2015-06-17 11:10:34','0000-00-00 00:00:00',38),(227,69,'',244,2,2,'2015-06-17 11:10:50','0000-00-00 00:00:00',17),(228,69,'',245,2,2,'2015-06-17 11:12:25','0000-00-00 00:00:00',17),(229,56,'persona en situación de discapacidad',246,2,1,'2015-06-24 15:44:34','2015-06-24 20:44:34',41),(230,42,'',247,1,1,'2015-07-01 07:16:09','2015-07-01 12:16:10',43),(231,201,'',248,4,5,'2015-06-24 16:10:53','2015-06-24 21:10:53',41),(232,69,'',249,1,6,'2015-06-17 11:14:54','0000-00-00 00:00:00',17),(233,30,'',250,2,7,'2015-06-25 11:58:16','2015-06-25 16:58:16',41),(234,69,'',251,2,2,'2015-06-17 11:16:57','0000-00-00 00:00:00',17),(235,42,'',252,1,1,'2015-06-17 11:18:53','0000-00-00 00:00:00',38),(236,69,'',253,2,2,'2015-06-17 11:19:26','0000-00-00 00:00:00',17),(237,69,'',254,2,2,'2015-06-17 11:21:44','0000-00-00 00:00:00',17),(238,42,'',255,1,1,'2015-07-01 07:15:18','2015-07-01 12:15:19',43),(239,15,'',256,2,2,'2015-06-17 11:22:50','0000-00-00 00:00:00',47),(240,69,'',257,2,2,'2015-06-17 11:23:39','0000-00-00 00:00:00',17),(241,44,'',258,1,1,'2015-06-17 11:25:11','0000-00-00 00:00:00',38),(242,69,'',259,2,2,'2015-06-17 11:26:25','0000-00-00 00:00:00',17),(243,69,'',260,2,2,'2015-06-17 11:28:04','0000-00-00 00:00:00',17),(244,69,'',261,1,2,'2015-06-17 11:29:54','0000-00-00 00:00:00',17),(245,74,'',262,1,1,'2015-06-17 11:31:00','0000-00-00 00:00:00',38),(246,202,'',263,4,7,'2015-06-25 13:53:03','2015-06-25 18:53:03',41),(247,69,'',264,1,2,'2015-06-17 11:32:24','0000-00-00 00:00:00',17),(248,79,'',265,1,1,'2015-06-17 11:33:17','0000-00-00 00:00:00',38),(249,203,'',266,1,7,'2015-06-25 12:04:36','2015-06-25 17:04:36',41),(250,79,'',267,1,1,'2015-06-17 11:35:32','0000-00-00 00:00:00',38),(251,69,'',268,2,2,'2015-06-17 11:36:01','0000-00-00 00:00:00',17),(252,30,'',269,2,3,'2015-06-25 13:46:27','2015-06-25 18:46:27',41),(253,69,'',270,2,2,'2015-06-17 11:37:52','0000-00-00 00:00:00',17),(254,79,'',271,1,1,'2015-06-17 11:38:01','0000-00-00 00:00:00',38),(255,42,'',272,1,1,'2015-07-01 07:17:11','2015-07-01 12:17:11',43),(256,176,'',273,2,1,'2015-06-25 13:53:52','2015-06-25 18:53:52',41),(257,42,'',274,1,1,'2015-06-17 11:44:31','0000-00-00 00:00:00',38),(258,103,'',275,2,1,'2015-06-25 16:18:39','2015-06-25 21:18:39',41),(259,103,'',276,5,6,'2015-06-25 16:19:54','2015-06-25 21:19:54',41),(260,42,'',277,1,1,'2015-07-01 07:17:37','2015-07-01 12:17:37',43),(261,103,'',278,4,7,'2015-06-25 16:20:44','2015-06-25 21:20:44',41),(262,103,'',279,4,6,'2015-06-25 16:21:14','2015-06-25 21:21:14',41),(263,42,'',280,1,1,'2015-06-17 12:00:15','0000-00-00 00:00:00',38),(264,103,'',281,1,6,'2015-06-25 16:26:40','2015-06-25 21:26:40',41),(265,42,'',282,1,1,'2015-06-17 12:03:43','0000-00-00 00:00:00',38),(266,103,'',283,1,7,'2015-06-25 16:30:07','2015-06-25 21:30:07',41),(267,42,'',284,1,1,'2015-07-01 09:12:07','2015-07-01 14:12:07',43),(268,42,'',285,1,1,'2015-06-17 12:08:19','0000-00-00 00:00:00',38),(269,42,'',286,1,1,'2015-06-17 16:24:53','0000-00-00 00:00:00',38),(270,42,'',287,1,1,'2015-06-17 16:31:56','0000-00-00 00:00:00',38),(271,42,'',288,1,1,'2015-06-17 16:35:15','0000-00-00 00:00:00',38),(272,79,'',289,1,1,'2015-06-17 16:50:47','0000-00-00 00:00:00',38),(273,42,'',290,1,1,'2015-06-17 16:53:31','0000-00-00 00:00:00',38),(274,79,'',291,1,1,'2015-06-18 09:06:31','0000-00-00 00:00:00',38),(275,79,'',292,1,6,'2015-06-18 09:10:00','0000-00-00 00:00:00',38),(276,93,'',293,1,2,'2015-06-18 09:11:53','0000-00-00 00:00:00',17),(277,42,'',294,1,1,'2015-06-18 09:15:27','0000-00-00 00:00:00',38),(278,42,'',295,1,1,'2015-06-18 09:18:53','0000-00-00 00:00:00',38),(279,79,'',296,1,1,'2015-06-18 09:21:55','0000-00-00 00:00:00',38),(280,79,'',297,1,1,'2015-06-18 09:28:21','0000-00-00 00:00:00',38),(281,42,'',298,1,1,'2015-06-18 09:32:08','0000-00-00 00:00:00',38),(282,42,'',299,1,1,'2015-06-18 09:46:03','0000-00-00 00:00:00',38),(283,79,'',300,1,1,'2015-06-18 09:50:54','0000-00-00 00:00:00',38),(284,93,'',301,1,2,'2015-06-18 09:51:40','0000-00-00 00:00:00',17),(285,80,'',302,1,1,'2015-06-18 10:05:34','0000-00-00 00:00:00',38),(286,42,'',303,3,7,'2015-06-19 14:39:58','2015-06-19 19:39:58',43),(287,80,'',304,1,1,'2015-06-18 10:07:36','0000-00-00 00:00:00',38),(288,112,'',305,3,1,'2015-06-26 11:57:54','2015-06-26 16:57:54',23),(289,42,'',306,1,1,'2015-06-18 10:10:52','0000-00-00 00:00:00',38),(290,42,'',307,2,1,'2015-06-19 14:44:37','2015-06-19 19:44:37',43),(291,112,'',308,2,3,'2015-06-26 11:58:14','2015-06-26 16:58:14',23),(292,112,'',309,3,7,'2015-06-26 11:58:54','2015-06-26 16:58:54',23),(293,42,'',310,2,1,'2015-06-19 14:45:30','2015-06-19 19:45:30',43),(294,93,'',311,1,2,'2015-06-18 10:15:38','0000-00-00 00:00:00',17),(295,42,'',312,1,1,'2015-06-18 10:15:50','0000-00-00 00:00:00',38),(296,93,'',313,1,2,'2015-06-18 10:17:23','0000-00-00 00:00:00',17),(297,42,'',314,2,5,'2015-06-19 14:46:06','2015-06-19 19:46:06',43),(298,93,'',315,1,2,'2015-06-18 10:18:50','0000-00-00 00:00:00',17),(299,149,'',316,1,2,'2015-06-18 10:20:59','0000-00-00 00:00:00',17),(300,42,'',317,2,2,'2015-06-19 14:47:49','2015-06-19 19:47:49',43),(301,112,'',318,2,1,'2015-06-26 11:59:58','2015-06-26 16:59:58',23),(302,34,'',319,1,2,'2015-06-18 10:22:09','0000-00-00 00:00:00',17),(303,42,'',320,1,1,'2015-06-18 10:23:05','0000-00-00 00:00:00',38),(304,93,'',321,1,2,'2015-06-18 10:23:42','0000-00-00 00:00:00',17),(305,129,'',322,1,2,'2015-06-26 12:00:40','2015-06-26 17:00:40',23),(306,42,'',323,1,1,'2015-06-19 14:49:01','2015-06-19 19:49:01',43),(307,42,'',324,1,1,'2015-06-18 10:26:48','0000-00-00 00:00:00',38),(308,42,'',325,4,7,'2015-06-19 14:51:56','2015-06-19 19:51:56',43),(309,112,'',326,2,6,'2015-06-26 12:01:04','2015-06-26 17:01:04',23),(310,42,'',327,1,3,'2015-06-19 14:58:25','2015-06-19 19:58:25',43),(311,112,'',328,5,2,'2015-06-26 12:01:27','2015-06-26 17:01:27',23),(312,112,'',329,3,1,'2015-06-26 12:01:45','2015-06-26 17:01:45',23),(313,42,'',330,2,7,'2015-06-19 14:58:56','2015-06-19 19:58:56',43),(314,112,'',331,2,7,'2015-06-26 12:02:05','2015-06-26 17:02:05',23),(315,42,'',332,5,3,'2015-06-19 15:01:58','2015-06-19 20:01:58',43),(316,42,'',333,1,7,'2015-06-19 15:02:35','2015-06-19 20:02:35',43),(317,112,'',334,2,7,'2015-06-26 12:03:34','2015-06-26 17:03:34',23),(318,129,'',335,3,6,'2015-06-26 12:03:53','2015-06-26 17:03:53',23),(319,18,'',336,3,1,'2015-06-26 11:52:42','2015-06-26 16:52:42',24),(320,18,'',337,1,1,'2015-06-26 11:53:11','2015-06-26 16:53:11',24),(321,18,'',338,2,6,'2015-06-26 11:53:31','2015-06-26 16:53:31',24),(322,18,'',339,2,1,'2015-06-26 11:55:01','2015-06-26 16:55:01',24),(323,18,'',340,2,1,'2015-06-26 11:55:20','2015-06-26 16:55:20',24),(324,18,'',341,1,7,'2015-06-26 11:55:42','2015-06-26 16:55:42',24),(325,18,'',342,2,1,'2015-06-26 11:56:00','2015-06-26 16:56:00',24),(326,105,'',343,2,3,'2015-06-18 11:35:03','0000-00-00 00:00:00',48),(327,18,'',344,1,1,'2015-06-26 11:56:30','2015-06-26 16:56:30',24),(328,18,'',345,5,7,'2015-06-26 11:57:13','2015-06-26 16:57:13',24),(329,166,'',346,1,7,'2015-06-18 11:39:44','0000-00-00 00:00:00',48),(330,112,'',347,2,6,'2015-06-26 11:58:37','2015-06-26 16:58:37',23),(331,22,'',348,1,1,'2015-06-18 11:43:09','0000-00-00 00:00:00',48),(332,105,'',349,2,7,'2015-06-18 11:48:44','0000-00-00 00:00:00',48),(333,185,'',350,3,6,'2015-06-26 12:03:07','2015-06-26 17:03:07',23),(334,105,'',351,2,7,'2015-06-18 11:52:43','0000-00-00 00:00:00',48),(335,124,'',352,5,7,'2015-06-18 11:58:16','0000-00-00 00:00:00',48),(336,105,'',353,5,5,'2015-06-18 12:00:55','0000-00-00 00:00:00',48),(337,16,'',354,3,3,'2015-07-01 08:48:25','2015-07-01 13:48:25',46),(338,56,'',355,4,7,'2015-06-24 16:05:20','2015-06-24 21:05:20',41),(339,16,'',356,2,7,'2015-07-01 09:09:43','2015-07-01 14:09:43',46),(340,56,'',357,1,7,'2015-06-24 15:48:35','2015-06-24 20:48:35',41),(341,74,'',358,3,7,'2015-06-25 13:51:22','2015-06-25 18:51:22',41),(342,103,'',359,2,7,'2015-06-25 16:26:17','2015-06-25 21:26:17',41),(343,103,'',360,1,7,'2015-06-25 16:27:06','2015-06-25 21:27:07',41),(344,22,'',361,2,6,'2015-07-01 08:58:17','2015-07-01 13:58:17',46),(345,56,'',362,5,5,'2015-06-24 16:05:58','2015-06-24 21:05:59',41),(346,112,'',363,1,7,'2015-06-26 11:59:14','2015-06-26 16:59:14',23),(347,18,'',364,1,7,'2015-06-26 11:52:58','2015-06-26 16:52:58',24),(348,18,'',365,2,2,'2015-06-26 11:56:13','2015-06-26 16:56:13',24),(349,46,'',366,2,1,'2015-06-19 11:17:36','0000-00-00 00:00:00',15),(350,46,'',367,2,1,'2015-06-19 11:23:21','0000-00-00 00:00:00',15),(351,46,'',368,5,2,'2015-06-19 11:27:42','0000-00-00 00:00:00',15),(352,125,'',369,2,6,'2015-06-26 11:57:30','2015-06-26 16:57:30',24),(353,204,'',370,1,7,'2015-06-26 11:57:48','2015-06-26 16:57:48',24),(354,18,'',371,2,7,'2015-06-19 11:43:48','0000-00-00 00:00:00',47),(355,18,'',372,1,5,'2015-06-19 11:46:29','0000-00-00 00:00:00',47),(356,125,'',373,2,3,'2015-06-19 11:48:21','0000-00-00 00:00:00',47),(357,126,'',374,3,3,'2015-06-19 11:51:51','0000-00-00 00:00:00',47),(358,18,'',375,5,7,'2015-06-19 11:54:14','0000-00-00 00:00:00',47),(359,126,'',376,2,7,'2015-06-19 11:56:20','0000-00-00 00:00:00',47),(360,46,'',377,1,1,'2015-06-19 15:53:20','0000-00-00 00:00:00',15),(361,46,'',378,2,7,'2015-06-19 16:03:12','0000-00-00 00:00:00',15),(362,205,'',379,4,7,'2015-06-19 16:07:36','0000-00-00 00:00:00',15),(363,208,'',380,2,1,'2015-06-19 16:14:48','0000-00-00 00:00:00',15),(364,189,'',381,2,5,'2015-06-19 16:17:12','0000-00-00 00:00:00',15),(365,46,'',382,2,1,'2015-06-19 16:19:12','0000-00-00 00:00:00',15),(366,46,'',383,4,1,'2015-06-19 16:21:42','0000-00-00 00:00:00',15),(367,46,'',384,4,7,'2015-06-19 16:29:06','0000-00-00 00:00:00',15),(368,209,'',385,2,6,'2015-06-19 16:34:06','0000-00-00 00:00:00',15),(369,46,'',386,2,2,'2015-06-19 16:38:03','0000-00-00 00:00:00',15),(370,46,'',387,2,2,'2015-06-19 16:41:40','0000-00-00 00:00:00',15),(371,18,'',391,1,1,'2015-06-22 08:10:56','0000-00-00 00:00:00',47),(372,18,'',392,1,7,'2015-06-22 08:14:29','0000-00-00 00:00:00',47),(373,18,'',393,2,1,'2015-06-22 08:18:09','0000-00-00 00:00:00',47),(374,18,'',394,1,2,'2015-06-22 08:21:27','0000-00-00 00:00:00',47),(375,18,'',395,2,7,'2015-06-22 08:24:41','0000-00-00 00:00:00',47),(376,18,'',396,1,7,'2015-06-22 08:27:06','0000-00-00 00:00:00',47),(377,18,'',397,2,1,'2015-06-22 08:29:39','0000-00-00 00:00:00',47),(378,18,'',398,4,7,'2015-06-22 08:32:03','0000-00-00 00:00:00',47),(379,22,'',399,2,6,'2015-06-22 08:34:43','0000-00-00 00:00:00',47),(380,22,'',400,1,7,'2015-06-22 08:37:20','0000-00-00 00:00:00',47),(381,44,'',401,3,7,'2015-06-22 08:39:42','0000-00-00 00:00:00',47),(382,125,'',402,4,3,'2015-06-22 08:52:24','0000-00-00 00:00:00',47),(383,18,'',403,4,5,'2015-06-22 08:58:55','0000-00-00 00:00:00',47),(384,18,'',404,3,7,'2015-06-22 09:08:54','0000-00-00 00:00:00',47),(385,18,'',405,4,7,'2015-06-22 09:15:12','0000-00-00 00:00:00',47),(386,67,'',406,1,6,'2015-06-22 09:38:34','0000-00-00 00:00:00',47),(387,36,'',407,1,7,'2015-06-22 09:47:13','0000-00-00 00:00:00',47),(388,167,'',408,1,7,'2015-06-22 09:49:38','0000-00-00 00:00:00',47),(389,79,'',409,2,6,'2015-06-22 09:55:33','0000-00-00 00:00:00',47),(390,200,'',410,2,7,'2015-06-22 10:02:16','0000-00-00 00:00:00',47),(391,200,'',411,2,3,'2015-06-22 10:04:38','0000-00-00 00:00:00',47),(392,21,'',412,2,6,'2015-06-22 10:23:18','0000-00-00 00:00:00',47),(393,22,'',413,1,1,'2015-06-22 10:39:17','0000-00-00 00:00:00',47),(394,22,'',414,2,7,'2015-06-22 10:53:38','0000-00-00 00:00:00',47),(395,22,'',415,5,5,'2015-06-22 10:57:10','0000-00-00 00:00:00',47),(396,22,'',416,1,7,'2015-06-22 10:59:25','0000-00-00 00:00:00',47),(397,191,'',417,2,7,'2015-06-22 13:20:23','0000-00-00 00:00:00',15),(398,190,'',418,2,2,'2015-06-22 13:22:43','0000-00-00 00:00:00',15),(399,191,'',419,1,7,'2015-06-22 13:24:52','0000-00-00 00:00:00',15),(400,66,'',420,1,5,'2015-06-22 14:00:33','0000-00-00 00:00:00',40),(401,66,'',421,2,2,'2015-06-22 14:04:48','0000-00-00 00:00:00',40),(402,22,'',422,1,1,'2015-06-22 14:24:15','0000-00-00 00:00:00',23),(403,54,'',424,1,8,'2015-06-22 14:37:15','0000-00-00 00:00:00',23),(404,13,'',425,1,1,'2015-06-22 14:39:17','0000-00-00 00:00:00',23),(405,74,'',426,1,1,'2015-06-22 14:42:21','0000-00-00 00:00:00',23),(406,74,'',427,1,1,'2015-06-22 14:45:12','0000-00-00 00:00:00',23),(407,22,'',428,3,1,'2015-06-22 14:49:02','0000-00-00 00:00:00',23),(408,13,'',429,1,1,'2015-06-22 14:55:41','0000-00-00 00:00:00',23),(409,74,'',430,1,1,'2015-06-22 15:01:53','0000-00-00 00:00:00',23),(410,74,'',431,1,1,'2015-06-22 15:04:00','0000-00-00 00:00:00',23),(411,54,'',432,1,8,'2015-06-22 15:10:13','0000-00-00 00:00:00',23),(412,22,'',433,1,8,'2015-06-22 15:12:33','0000-00-00 00:00:00',23),(413,21,'',434,1,1,'2015-06-22 15:16:59','0000-00-00 00:00:00',23),(414,54,'',435,1,8,'2015-06-22 15:19:33','0000-00-00 00:00:00',23),(415,22,'',436,1,1,'2015-06-22 15:22:03','0000-00-00 00:00:00',23),(416,18,'',437,1,8,'2015-06-22 15:24:22','0000-00-00 00:00:00',23),(417,57,'',438,1,8,'2015-06-22 15:27:19','0000-00-00 00:00:00',23),(418,43,'',439,2,7,'2015-06-22 15:33:34','0000-00-00 00:00:00',15),(419,160,'',441,1,3,'2015-06-22 16:27:05','0000-00-00 00:00:00',40),(420,44,'',442,1,3,'2015-06-22 16:32:55','0000-00-00 00:00:00',40),(421,67,'',443,1,3,'2015-06-22 16:39:25','0000-00-00 00:00:00',40),(422,44,'',444,1,3,'2015-06-22 16:42:30','0000-00-00 00:00:00',40),(423,125,'',445,1,3,'2015-06-22 16:46:06','0000-00-00 00:00:00',40),(424,212,'',446,2,3,'2015-06-22 16:47:44','0000-00-00 00:00:00',40),(425,42,'',447,3,3,'2015-06-23 07:39:06','0000-00-00 00:00:00',43),(426,42,'',448,3,2,'2015-06-23 08:10:06','2015-06-23 13:35:05',43),(427,42,'',449,1,3,'2015-06-23 08:42:15','0000-00-00 00:00:00',43),(428,22,'',450,3,1,'2015-06-23 08:42:38','0000-00-00 00:00:00',47),(429,22,'',451,1,7,'2015-06-23 08:47:53','0000-00-00 00:00:00',47),(430,22,'',452,2,7,'2015-06-23 08:52:45','0000-00-00 00:00:00',47),(431,22,'',453,2,7,'2015-06-23 08:59:43','0000-00-00 00:00:00',47),(432,42,'',454,1,3,'2015-06-23 09:01:47','0000-00-00 00:00:00',43),(433,22,'',455,1,1,'2015-06-23 09:03:10','0000-00-00 00:00:00',47),(434,22,'',456,3,1,'2015-06-23 09:06:21','0000-00-00 00:00:00',47),(435,22,'',457,2,6,'2015-06-23 09:10:03','0000-00-00 00:00:00',47),(436,22,'',458,2,5,'2015-06-30 21:32:19','2015-07-01 02:32:19',24),(437,18,'',459,2,7,'2015-06-23 09:18:29','0000-00-00 00:00:00',47),(438,200,'',460,2,1,'2015-06-23 09:25:04','0000-00-00 00:00:00',47),(439,22,'',461,4,7,'2015-06-23 09:28:43','0000-00-00 00:00:00',47),(440,18,'',462,2,7,'2015-06-23 09:39:48','0000-00-00 00:00:00',47),(441,21,'',463,2,2,'2015-06-23 09:42:22','0000-00-00 00:00:00',47),(442,18,'',464,1,2,'2015-06-23 09:44:58','0000-00-00 00:00:00',47),(443,18,'',465,5,2,'2015-06-23 09:47:22','0000-00-00 00:00:00',47),(444,42,'',466,1,3,'2015-06-23 09:47:50','0000-00-00 00:00:00',43),(445,117,'',467,3,7,'2015-06-23 09:49:43','0000-00-00 00:00:00',47),(446,117,'',470,2,2,'2015-06-23 09:53:37','0000-00-00 00:00:00',47),(447,21,'',471,3,2,'2015-06-23 09:56:46','0000-00-00 00:00:00',47),(448,18,'',472,2,7,'2015-06-23 09:58:57','0000-00-00 00:00:00',47),(449,42,'',473,3,1,'2015-06-23 10:07:25','0000-00-00 00:00:00',43),(450,42,'',474,5,6,'2015-06-23 10:12:46','0000-00-00 00:00:00',43),(451,42,'',475,4,1,'2015-06-23 10:19:17','2015-06-23 16:20:14',43),(452,91,'',476,5,1,'2015-06-23 10:23:55','0000-00-00 00:00:00',47),(453,44,'',477,5,1,'2015-06-23 10:26:46','0000-00-00 00:00:00',43),(454,91,'',478,1,6,'2015-06-23 10:29:56','0000-00-00 00:00:00',47),(455,211,'',479,1,7,'2015-06-23 10:33:02','0000-00-00 00:00:00',47),(456,42,'',480,2,1,'2015-06-23 10:33:23','0000-00-00 00:00:00',43),(457,91,'',481,2,2,'2015-06-23 10:37:13','0000-00-00 00:00:00',47),(458,91,'',482,1,7,'2015-06-23 10:42:28','0000-00-00 00:00:00',47),(459,42,'',483,2,1,'2015-06-23 10:47:52','0000-00-00 00:00:00',43),(460,211,'',484,2,1,'2015-06-23 10:51:15','0000-00-00 00:00:00',47),(461,42,'',485,2,1,'2015-06-23 10:53:30','0000-00-00 00:00:00',43),(462,91,'',486,1,7,'2015-06-23 11:20:16','0000-00-00 00:00:00',47),(463,91,'',487,1,7,'2015-06-23 11:24:29','0000-00-00 00:00:00',47),(464,91,'',488,1,7,'2015-06-23 11:26:54','0000-00-00 00:00:00',47),(465,196,'',489,1,8,'2015-06-24 11:27:40','2015-06-24 16:27:40',15),(466,213,'',490,1,8,'2015-06-24 11:30:52','2015-06-24 16:30:52',15),(467,91,'',491,1,8,'2015-06-24 11:31:18','2015-06-24 16:31:18',15),(468,46,'',492,1,8,'2015-06-24 11:31:55','2015-06-24 16:31:55',15),(469,209,'',493,1,8,'2015-06-24 11:33:05','2015-06-24 16:33:05',15),(470,207,'',494,1,8,'2015-06-24 11:33:23','2015-06-24 16:33:23',15),(471,91,'',495,1,8,'2015-06-24 11:35:08','2015-06-24 16:35:08',15),(472,46,'',496,1,8,'2015-06-24 11:38:12','2015-06-24 16:38:12',15),(473,213,'',497,1,8,'2015-06-24 11:40:12','2015-06-24 16:40:12',15),(474,46,'',498,1,8,'2015-06-24 11:40:32','2015-06-24 16:40:32',15),(475,47,'',499,1,8,'2015-06-24 11:38:26','2015-06-24 16:38:26',15),(476,208,'',500,1,8,'2015-06-24 11:40:48','2015-06-24 16:40:48',15),(477,36,'',501,2,1,'2015-06-23 12:39:12','0000-00-00 00:00:00',40),(478,13,'',502,3,1,'2015-06-23 12:43:51','0000-00-00 00:00:00',40),(479,13,'',503,2,1,'2015-06-23 12:50:00','0000-00-00 00:00:00',40),(480,31,'',504,2,1,'2015-06-23 12:52:37','0000-00-00 00:00:00',40),(481,31,'',505,2,8,'2015-06-23 12:55:34','0000-00-00 00:00:00',40),(482,28,'',506,2,1,'2015-06-23 12:58:36','0000-00-00 00:00:00',40),(483,214,'',507,1,2,'2015-06-23 14:14:00','0000-00-00 00:00:00',40),(484,179,'',508,1,2,'2015-06-23 14:19:33','0000-00-00 00:00:00',40),(485,179,'',509,1,2,'2015-06-23 14:21:31','0000-00-00 00:00:00',40),(486,179,'',510,1,2,'2015-06-23 14:23:07','0000-00-00 00:00:00',40),(487,25,'',511,1,1,'2015-06-23 14:34:24','0000-00-00 00:00:00',23),(488,25,'',512,1,1,'2015-06-23 14:36:39','0000-00-00 00:00:00',23),(489,25,'',513,1,1,'2015-06-23 14:38:48','0000-00-00 00:00:00',23),(490,155,'Población vulnerable',514,1,1,'2015-06-23 14:41:03','0000-00-00 00:00:00',17),(491,25,'',515,1,1,'2015-06-23 14:45:04','0000-00-00 00:00:00',23),(492,155,'Población vulnerable',516,1,1,'2015-06-23 14:45:55','0000-00-00 00:00:00',17),(493,138,'',517,1,1,'2015-06-23 14:47:12','0000-00-00 00:00:00',23),(494,138,'',518,1,1,'2015-06-23 14:50:44','0000-00-00 00:00:00',23),(495,25,'',519,1,1,'2015-06-23 14:53:34','0000-00-00 00:00:00',23),(496,155,'Población vulnerable',520,1,1,'2015-06-23 14:54:10','0000-00-00 00:00:00',17),(497,25,'',521,1,1,'2015-06-23 14:56:14','0000-00-00 00:00:00',23),(498,155,'Población vulnerable',522,1,1,'2015-06-23 14:57:39','0000-00-00 00:00:00',17),(499,138,'',523,1,1,'2015-06-23 15:00:07','0000-00-00 00:00:00',23),(500,25,'',524,1,1,'2015-06-23 15:01:52','0000-00-00 00:00:00',23),(501,103,'',525,1,2,'2015-06-23 15:02:05','0000-00-00 00:00:00',40),(502,25,'',526,1,1,'2015-06-23 15:07:09','0000-00-00 00:00:00',23),(503,25,'',527,1,1,'2015-06-23 15:18:12','0000-00-00 00:00:00',23),(504,25,'',528,1,1,'2015-06-23 15:20:10','0000-00-00 00:00:00',23),(505,25,'',529,1,1,'2015-06-23 15:22:28','0000-00-00 00:00:00',23),(506,25,'',530,1,1,'2015-06-23 15:26:12','0000-00-00 00:00:00',23),(507,155,'Población vulnerable',531,1,1,'2015-06-23 15:43:32','0000-00-00 00:00:00',17),(508,155,'Población vulnerable',532,1,1,'2015-06-23 15:45:22','0000-00-00 00:00:00',17),(509,155,'Población vulnerable',533,1,1,'2015-06-23 15:47:12','0000-00-00 00:00:00',17),(510,155,'Población vulnerable',534,1,1,'2015-06-23 15:54:45','0000-00-00 00:00:00',17),(511,155,'Población vulnerable',535,1,1,'2015-06-23 16:17:56','0000-00-00 00:00:00',17),(512,155,'Población vulnerable',536,1,1,'2015-06-23 16:20:23','0000-00-00 00:00:00',17),(513,155,'Población vulnerable',537,1,1,'2015-06-23 16:21:43','0000-00-00 00:00:00',17),(514,155,'Población vulnerable',538,1,1,'2015-06-23 16:23:13','0000-00-00 00:00:00',17),(515,74,'',539,1,1,'2015-06-23 16:23:37','0000-00-00 00:00:00',23),(516,155,'Población vulnerable',540,1,1,'2015-06-23 16:25:09','0000-00-00 00:00:00',17),(517,74,'',541,1,1,'2015-06-23 16:26:45','0000-00-00 00:00:00',23),(518,155,'Población vulnerable',542,1,1,'2015-06-23 16:27:37','0000-00-00 00:00:00',17),(519,74,'',543,3,8,'2015-06-23 16:29:58','0000-00-00 00:00:00',23),(520,155,'Población vulnerable',544,1,1,'2015-06-23 16:30:29','0000-00-00 00:00:00',17),(521,155,'Población vulnerable',545,1,1,'2015-06-23 16:35:08','0000-00-00 00:00:00',17),(522,155,'Población vulnerable',546,1,1,'2015-06-23 16:36:28','0000-00-00 00:00:00',17),(523,74,'',547,1,2,'2015-06-23 16:37:16','0000-00-00 00:00:00',23),(524,217,'',548,1,8,'2015-06-23 16:40:36','0000-00-00 00:00:00',23),(525,217,'',549,1,1,'2015-06-23 16:42:55','0000-00-00 00:00:00',23),(526,217,'',550,1,1,'2015-06-23 16:45:39','0000-00-00 00:00:00',23),(527,217,'',551,1,8,'2015-06-23 16:49:21','0000-00-00 00:00:00',23),(528,155,'Población vulnerable',552,1,1,'2015-06-24 08:24:05','0000-00-00 00:00:00',17),(529,155,'Población vulnerable',553,1,1,'2015-06-24 08:38:40','0000-00-00 00:00:00',17),(530,155,'Población vulnerble',554,1,1,'2015-06-24 08:40:33','0000-00-00 00:00:00',17),(531,155,'',555,1,1,'2015-06-24 08:44:02','0000-00-00 00:00:00',17),(532,155,'Población vulnerable',556,1,1,'2015-06-24 09:12:53','0000-00-00 00:00:00',17),(533,218,'',557,1,7,'2015-06-24 11:13:48','2015-06-24 16:13:48',23),(534,218,'',558,1,7,'2015-06-24 11:14:59','2015-06-24 16:14:59',23),(535,218,'',559,1,7,'2015-06-24 11:15:43','2015-06-24 16:15:43',23),(536,218,'',560,1,6,'2015-06-24 11:16:29','2015-06-24 16:16:29',23),(537,22,'',561,1,7,'2015-06-24 11:18:05','2015-06-24 16:18:05',23),(538,219,'',562,1,7,'2015-06-24 11:18:40','2015-06-24 16:18:40',23),(539,219,'',563,1,7,'2015-06-24 11:19:25','2015-06-24 16:19:25',23),(540,219,'',564,4,5,'2015-06-24 11:22:17','2015-06-24 16:22:17',23),(541,219,'',565,4,5,'2015-06-24 11:23:08','2015-06-24 16:23:08',23),(542,217,'',566,1,7,'2015-06-24 11:59:09','2015-06-24 16:59:09',23),(543,217,'',567,1,7,'2015-06-24 11:59:24','2015-06-24 16:59:24',23),(544,217,'',568,1,7,'2015-06-24 12:00:11','2015-06-24 17:00:11',23),(545,217,'',569,1,7,'2015-06-24 12:00:38','2015-06-24 17:00:38',23),(546,217,'',570,4,7,'2015-06-24 12:00:55','2015-06-24 17:00:55',23),(547,217,'',571,1,7,'2015-06-24 12:01:14','2015-06-24 17:01:14',23),(548,217,'',572,1,7,'2015-06-24 12:01:29','2015-06-24 17:01:29',23),(549,217,'',573,1,7,'2015-06-24 12:01:45','2015-06-24 17:01:45',23),(550,217,'',574,1,7,'2015-06-24 12:01:57','2015-06-24 17:01:57',23),(551,217,'',575,4,7,'2015-06-24 12:02:31','2015-06-24 17:02:31',23),(552,217,'',576,1,7,'2015-06-24 12:02:45','2015-06-24 17:02:45',23),(553,18,'',577,2,7,'2015-06-24 11:26:17','0000-00-00 00:00:00',42),(554,25,'',578,4,7,'2015-06-24 12:03:01','2015-06-24 17:03:01',23),(555,18,'',579,1,2,'2015-06-24 11:27:51','0000-00-00 00:00:00',42),(556,18,'',580,2,7,'2015-06-24 11:29:29','0000-00-00 00:00:00',42),(557,217,'',581,1,5,'2015-06-24 12:03:21','2015-06-24 17:03:21',23),(558,18,'',582,2,5,'2015-06-24 11:32:13','0000-00-00 00:00:00',42),(559,217,'',583,1,6,'2015-06-24 12:04:00','2015-06-24 17:04:00',23),(560,18,'',584,1,6,'2015-06-24 11:33:30','0000-00-00 00:00:00',42),(561,18,'',585,3,1,'2015-06-24 11:35:46','0000-00-00 00:00:00',42),(562,18,'',586,3,1,'2015-06-24 11:36:56','0000-00-00 00:00:00',42),(563,46,'',587,1,8,'2015-06-24 11:37:39','0000-00-00 00:00:00',15),(564,18,'',588,4,2,'2015-06-24 11:38:31','0000-00-00 00:00:00',42),(565,122,'En situación vulnerable',589,1,2,'2015-06-24 11:38:34','0000-00-00 00:00:00',20),(566,209,'',590,1,8,'2015-06-24 11:39:51','0000-00-00 00:00:00',15),(567,18,'',591,3,2,'2015-06-24 11:40:54','0000-00-00 00:00:00',42),(568,45,'',593,1,1,'2015-07-01 08:25:39','2015-07-01 13:25:39',43),(569,122,'En situación vulnerable',594,1,2,'2015-06-24 11:47:40','0000-00-00 00:00:00',20),(570,45,'',595,1,1,'2015-07-01 08:26:02','2015-07-01 13:26:02',43),(571,45,'',596,1,1,'2015-07-01 08:26:30','2015-07-01 13:26:30',43),(572,122,'En situación vulnerable',597,1,2,'2015-06-24 11:54:22','0000-00-00 00:00:00',20),(573,45,'',598,1,6,'2015-07-01 08:27:18','2015-07-01 13:27:18',43),(574,45,'',599,1,1,'2015-07-01 08:27:50','2015-07-01 13:27:50',43),(575,122,'En situación vulnerable',600,1,2,'2015-06-24 11:58:47','0000-00-00 00:00:00',20),(576,45,'',601,1,2,'2015-07-01 08:29:27','2015-07-01 13:29:27',43),(577,45,'',602,1,1,'2015-07-01 08:30:13','2015-07-01 13:30:14',43),(578,45,'',603,1,1,'2015-07-01 08:31:16','2015-07-01 13:31:16',43),(579,45,'',604,1,1,'2015-07-01 08:31:52','2015-07-01 13:31:52',43),(580,122,'En situación vulnerable',605,1,2,'2015-06-24 13:33:01','0000-00-00 00:00:00',20),(581,122,'En situación vulnerable',606,1,2,'2015-06-24 13:37:33','0000-00-00 00:00:00',20),(582,122,'En situación vulnerable',607,1,2,'2015-06-24 13:42:19','0000-00-00 00:00:00',20),(583,122,'En situación vulnerable',608,1,2,'2015-06-24 13:48:22','0000-00-00 00:00:00',20),(584,56,'',610,2,2,'2015-06-24 15:48:14','0000-00-00 00:00:00',41),(585,56,'',611,1,2,'2015-06-24 15:52:21','0000-00-00 00:00:00',41),(586,56,'',612,2,2,'2015-06-24 16:10:29','0000-00-00 00:00:00',41),(587,56,'',613,2,2,'2015-06-24 16:13:48','0000-00-00 00:00:00',41),(588,220,'',614,1,6,'2015-06-24 16:17:35','0000-00-00 00:00:00',41),(589,30,'',615,2,3,'2015-06-24 16:44:53','0000-00-00 00:00:00',41),(590,32,'',616,2,2,'2015-06-25 08:46:51','0000-00-00 00:00:00',40),(591,32,'',617,2,1,'2015-06-25 08:49:12','0000-00-00 00:00:00',40),(592,25,'',618,2,5,'2015-06-25 10:47:12','0000-00-00 00:00:00',47),(593,110,'',619,5,5,'2015-06-25 10:51:17','0000-00-00 00:00:00',47),(594,110,'',620,1,7,'2015-06-25 10:53:59','0000-00-00 00:00:00',47),(595,110,'',621,2,7,'2015-06-25 10:56:31','0000-00-00 00:00:00',47),(596,155,'Población vulnerable',622,1,1,'2015-06-25 10:58:55','0000-00-00 00:00:00',17),(597,110,'',623,5,1,'2015-06-25 10:59:36','0000-00-00 00:00:00',47),(598,155,'Población vulnerable',624,1,1,'2015-06-25 11:00:40','0000-00-00 00:00:00',17),(599,110,'',625,2,6,'2015-06-25 11:01:57','0000-00-00 00:00:00',47),(600,155,'Población vulnerable',626,1,1,'2015-06-25 11:02:05','0000-00-00 00:00:00',17),(601,203,'',627,3,7,'2015-06-25 11:04:10','0000-00-00 00:00:00',47),(602,110,'',628,4,1,'2015-06-25 11:08:08','0000-00-00 00:00:00',47),(603,176,'',629,2,1,'2015-06-25 11:12:59','0000-00-00 00:00:00',47),(604,176,'',630,2,7,'2015-06-25 11:15:18','0000-00-00 00:00:00',47),(605,155,'Población vulnerable',631,1,1,'2015-06-25 11:15:32','0000-00-00 00:00:00',17),(606,155,'Población vulnerable',632,1,1,'2015-06-25 11:19:03','0000-00-00 00:00:00',17),(607,155,'Población vulnerable',633,1,1,'2015-06-25 11:20:59','0000-00-00 00:00:00',17),(608,155,'Población vulnerable',634,1,1,'2015-06-25 11:22:51','0000-00-00 00:00:00',17),(609,155,'Población vulnerable',635,1,1,'2015-06-25 11:24:19','0000-00-00 00:00:00',17),(610,155,'Población vulnerable',636,1,1,'2015-06-25 11:26:05','0000-00-00 00:00:00',17),(611,155,'Población vulnerable',637,1,1,'2015-06-25 11:27:17','0000-00-00 00:00:00',17),(612,155,'Población vulnerable',638,1,1,'2015-06-25 11:28:55','0000-00-00 00:00:00',17),(613,155,'Población vulnerable',639,1,1,'2015-06-25 11:30:39','0000-00-00 00:00:00',17),(614,155,'Población vulnerable',640,1,1,'2015-06-25 11:32:34','0000-00-00 00:00:00',17),(615,155,'Población vulnerable',641,1,1,'2015-06-25 11:34:25','0000-00-00 00:00:00',17),(616,155,'Población vulnerable',642,1,1,'2015-06-25 11:37:23','0000-00-00 00:00:00',17),(617,155,'Población vulnerable',643,1,1,'2015-06-25 11:39:35','0000-00-00 00:00:00',17),(618,30,'',644,2,3,'2015-06-25 11:55:49','0000-00-00 00:00:00',41),(619,30,'',645,2,2,'2015-06-25 12:02:17','0000-00-00 00:00:00',41),(620,30,'',646,1,2,'2015-06-25 12:08:02','0000-00-00 00:00:00',41),(621,30,'',647,2,2,'2015-06-25 13:44:14','0000-00-00 00:00:00',41),(622,155,'Población vulnerable',648,1,1,'2015-06-25 13:47:27','0000-00-00 00:00:00',17),(623,155,'Población vulnerable',649,1,1,'2015-06-25 13:48:58','0000-00-00 00:00:00',17),(624,155,'Población vulnerable',650,1,1,'2015-06-25 13:50:08','0000-00-00 00:00:00',17),(625,30,'',651,2,3,'2015-06-25 13:50:26','0000-00-00 00:00:00',41),(626,155,'Población vulnerable',652,1,1,'2015-06-25 13:51:25','0000-00-00 00:00:00',17),(627,155,'Población vulnerable',653,1,1,'2015-06-25 13:53:02','0000-00-00 00:00:00',17),(628,155,'Población vulnerable',654,1,1,'2015-06-25 13:59:56','0000-00-00 00:00:00',17),(629,155,'Población vulnerable',655,1,1,'2015-06-25 14:01:21','0000-00-00 00:00:00',17),(630,155,'Población vulnerable',656,1,1,'2015-06-25 14:03:01','0000-00-00 00:00:00',17),(631,155,'Población vulnerable',657,1,1,'2015-06-25 14:03:48','0000-00-00 00:00:00',17),(632,155,'Población vulnerable',658,1,1,'2015-06-25 14:04:39','0000-00-00 00:00:00',17),(633,103,'',660,2,2,'2015-06-25 16:24:58','0000-00-00 00:00:00',41),(634,103,'',661,1,2,'2015-06-25 16:29:37','0000-00-00 00:00:00',41),(635,103,'',662,2,2,'2015-06-25 16:57:26','0000-00-00 00:00:00',41),(636,176,'',663,1,1,'2015-06-25 17:21:33','0000-00-00 00:00:00',41),(637,176,'',664,1,1,'2015-06-25 17:27:38','0000-00-00 00:00:00',41),(638,176,'',665,1,1,'2015-06-25 17:33:35','0000-00-00 00:00:00',41),(639,176,'',666,1,1,'2015-06-25 17:36:51','0000-00-00 00:00:00',41),(640,176,'',667,1,7,'2015-06-25 17:38:53','0000-00-00 00:00:00',41),(641,176,'',668,1,7,'2015-06-25 17:42:28','0000-00-00 00:00:00',41),(642,176,'',669,1,1,'2015-06-25 17:44:46','0000-00-00 00:00:00',41),(643,171,'',670,2,1,'2015-06-26 08:18:45','0000-00-00 00:00:00',23),(644,171,'',671,2,7,'2015-06-26 08:21:59','0000-00-00 00:00:00',23),(645,171,'',672,3,1,'2015-06-26 08:28:35','0000-00-00 00:00:00',23),(646,171,'',673,4,6,'2015-06-26 08:34:05','0000-00-00 00:00:00',23),(647,171,'',674,2,1,'2015-06-26 08:37:16','0000-00-00 00:00:00',23),(648,171,'',675,3,7,'2015-06-26 08:39:38','0000-00-00 00:00:00',23),(649,145,'',677,1,8,'2015-06-26 09:00:49','0000-00-00 00:00:00',23),(650,145,'',678,1,1,'2015-06-26 09:05:36','0000-00-00 00:00:00',23),(651,67,'',679,1,7,'2015-07-01 08:13:16','2015-07-01 13:13:17',10),(652,145,'',680,1,8,'2015-06-26 09:10:08','0000-00-00 00:00:00',23),(653,145,'',681,1,8,'2015-06-26 09:12:42','0000-00-00 00:00:00',23),(654,13,'',682,2,5,'2015-07-01 08:14:16','2015-07-01 13:14:16',10),(655,13,'',683,3,7,'2015-07-01 08:46:02','2015-07-01 13:46:02',10),(656,145,'',684,1,8,'2015-06-26 09:19:43','0000-00-00 00:00:00',23),(657,13,'',685,2,7,'2015-07-01 08:46:15','2015-07-01 13:46:15',10),(658,145,'',686,1,1,'2015-06-26 09:22:21','0000-00-00 00:00:00',23),(659,145,'',687,1,8,'2015-06-26 09:24:57','0000-00-00 00:00:00',23),(660,13,'',688,1,1,'2015-07-01 08:46:32','2015-07-01 13:46:32',10),(661,145,'',690,1,8,'2015-06-26 09:27:12','0000-00-00 00:00:00',23),(662,133,'',691,1,2,'2015-06-26 09:30:42','0000-00-00 00:00:00',23),(663,145,'',692,1,8,'2015-06-26 09:33:06','0000-00-00 00:00:00',23),(664,112,'',694,1,8,'2015-06-26 09:43:22','0000-00-00 00:00:00',24),(665,112,'',695,1,8,'2015-06-26 11:59:37','2015-06-26 16:59:37',23),(666,112,'',696,1,8,'2015-06-26 12:02:33','2015-06-26 17:02:33',23),(667,112,'',697,1,8,'2015-06-26 10:14:46','0000-00-00 00:00:00',24),(668,112,'',698,1,8,'2015-06-26 12:02:49','2015-06-26 17:02:49',23),(669,13,'',701,2,1,'2015-07-01 08:46:50','2015-07-01 13:46:50',10),(670,12,'',702,2,6,'2015-07-01 09:40:08','2015-07-01 14:40:08',10),(671,12,'',704,3,1,'2015-07-01 09:42:58','2015-07-01 14:42:58',10),(672,12,'',706,2,1,'2015-07-01 09:46:53','2015-07-01 14:46:53',10),(673,12,'',707,5,1,'2015-07-01 09:47:12','2015-07-01 14:47:12',10),(674,12,'',709,1,6,'2015-07-01 09:50:18','2015-07-01 14:50:18',10),(675,12,'',710,1,7,'2015-07-01 09:52:39','2015-07-01 14:52:39',10),(676,12,'',711,5,6,'2015-07-01 09:55:50','2015-07-01 14:55:50',10),(677,12,'',712,4,1,'2015-07-01 09:56:02','2015-07-01 14:56:02',10),(678,12,'',713,4,7,'2015-07-01 09:56:16','2015-07-01 14:56:16',10),(679,12,'',714,1,1,'2015-07-01 09:56:44','2015-07-01 14:56:44',10),(680,12,'',715,2,3,'2015-07-01 09:57:08','2015-07-01 14:57:08',10),(681,13,'',716,3,5,'2015-07-01 09:59:25','2015-07-01 14:59:25',10),(682,13,'',717,5,1,'2015-07-01 10:05:15','2015-07-01 15:05:15',10),(683,13,'',718,5,1,'2015-07-01 10:05:26','2015-07-01 15:05:26',10),(684,66,'',719,1,2,'2015-06-26 12:14:13','0000-00-00 00:00:00',40),(685,66,'',722,2,2,'2015-06-26 12:16:23','0000-00-00 00:00:00',40),(686,13,'',723,1,7,'2015-07-01 10:05:38','2015-07-01 15:05:39',10),(687,13,'',724,1,2,'2015-07-01 10:09:37','2015-07-01 15:09:37',10),(688,13,'',725,2,1,'2015-07-01 10:10:11','2015-07-01 15:10:11',10),(689,13,'',726,5,7,'2015-07-01 10:10:35','2015-07-01 15:10:35',10),(690,13,'',727,1,7,'2015-07-01 10:10:49','2015-07-01 15:10:49',10),(691,13,'',728,2,5,'2015-07-01 10:11:02','2015-07-01 15:11:02',10),(692,111,'',730,3,6,'2015-06-26 15:05:29','0000-00-00 00:00:00',42),(693,111,'',731,1,2,'2015-06-26 15:09:37','0000-00-00 00:00:00',42),(694,111,'',732,1,2,'2015-06-26 15:11:49','0000-00-00 00:00:00',42),(695,111,'',733,3,6,'2015-06-26 15:14:17','0000-00-00 00:00:00',42),(696,126,'',734,4,6,'2015-06-26 15:17:25','0000-00-00 00:00:00',42),(697,60,'',735,1,2,'2015-06-28 21:56:55','0000-00-00 00:00:00',20),(698,60,'',736,1,2,'2015-06-28 22:00:03','0000-00-00 00:00:00',20),(699,60,'',737,1,2,'2015-06-28 22:03:48','0000-00-00 00:00:00',20),(700,60,'',738,1,2,'2015-06-28 22:08:38','0000-00-00 00:00:00',20),(701,60,'',739,1,1,'2015-06-28 22:13:58','0000-00-00 00:00:00',20),(702,60,'',740,1,2,'2015-06-28 22:16:28','0000-00-00 00:00:00',20),(703,120,'',741,1,8,'2015-06-29 21:40:42','0000-00-00 00:00:00',20),(704,108,'',742,3,1,'2015-06-29 21:46:29','0000-00-00 00:00:00',20),(705,108,'',743,1,1,'2015-06-29 21:55:18','0000-00-00 00:00:00',20),(706,25,'',744,1,5,'2015-06-30 09:16:18','0000-00-00 00:00:00',47),(707,105,'',745,2,1,'2015-06-30 09:22:23','0000-00-00 00:00:00',47),(708,13,'',746,1,1,'2015-07-01 10:07:38','2015-07-01 15:07:38',10),(709,13,'',747,2,1,'2015-07-01 10:09:47','2015-07-01 15:09:47',10),(710,13,'',748,2,1,'2015-07-01 10:09:59','2015-07-01 15:09:59',10),(711,13,'',749,3,7,'2015-07-01 10:10:24','2015-07-01 15:10:24',10),(712,176,'',750,2,1,'2015-06-30 10:05:49','0000-00-00 00:00:00',47),(713,110,'',751,3,3,'2015-06-30 10:09:57','0000-00-00 00:00:00',47),(714,25,'',752,1,4,'2015-06-30 10:18:04','0000-00-00 00:00:00',47),(715,176,'',753,1,7,'2015-06-30 10:19:52','0000-00-00 00:00:00',47),(716,110,'',754,2,6,'2015-06-30 10:23:40','0000-00-00 00:00:00',47),(717,13,'',755,2,2,'2015-07-01 08:45:41','2015-07-01 13:45:41',10),(718,105,'',756,2,7,'2015-06-30 10:44:27','0000-00-00 00:00:00',47),(719,105,'',757,2,2,'2015-06-30 10:53:15','0000-00-00 00:00:00',47),(720,105,'',758,2,7,'2015-06-30 11:06:01','0000-00-00 00:00:00',47),(721,105,'',759,2,3,'2015-06-30 11:08:12','0000-00-00 00:00:00',47),(722,105,'',760,2,7,'2015-06-30 11:35:04','0000-00-00 00:00:00',47),(723,105,'',761,2,3,'2015-06-30 11:37:23','0000-00-00 00:00:00',47),(724,105,'',762,5,3,'2015-06-30 11:42:20','0000-00-00 00:00:00',47),(725,105,'',763,3,7,'2015-06-30 11:45:08','0000-00-00 00:00:00',47),(726,105,'',764,5,7,'2015-06-30 11:47:35','0000-00-00 00:00:00',47),(727,29,'',765,5,1,'2015-06-30 11:50:48','0000-00-00 00:00:00',47),(728,105,'',766,3,7,'2015-06-30 12:03:18','0000-00-00 00:00:00',47),(729,105,'',767,2,3,'2015-06-30 12:06:35','0000-00-00 00:00:00',47),(730,29,'',768,4,1,'2015-06-30 12:09:44','0000-00-00 00:00:00',47),(731,122,'',769,2,2,'2015-06-30 12:12:55','0000-00-00 00:00:00',47),(732,11,'',772,1,1,'2015-07-01 08:11:25','2015-07-01 13:11:25',23),(733,11,'',773,1,1,'2015-07-01 08:11:54','2015-07-01 13:11:54',23),(734,11,'',774,1,1,'2015-07-01 08:58:29','2015-07-01 13:58:29',23),(735,21,'',775,1,1,'2015-06-30 17:15:33','0000-00-00 00:00:00',24),(736,21,'',776,1,1,'2015-06-30 17:16:03','0000-00-00 00:00:00',24),(737,21,'',777,1,1,'2015-06-30 17:16:40','0000-00-00 00:00:00',24),(738,21,'',778,1,1,'2015-06-30 17:17:07','0000-00-00 00:00:00',24),(739,21,'',779,1,1,'2015-06-30 17:17:38','0000-00-00 00:00:00',24),(740,22,'',780,1,1,'2015-06-30 17:35:32','0000-00-00 00:00:00',24),(741,22,'',781,1,1,'2015-06-30 17:37:10','0000-00-00 00:00:00',24),(742,158,'',782,1,1,'2015-06-30 20:34:45','0000-00-00 00:00:00',24),(743,158,'',783,1,1,'2015-06-30 20:36:17','0000-00-00 00:00:00',24),(744,158,'',784,1,1,'2015-06-30 20:39:32','0000-00-00 00:00:00',24),(745,158,'',785,1,1,'2015-06-30 20:40:44','0000-00-00 00:00:00',24),(746,22,'',786,1,1,'2015-06-30 21:01:08','0000-00-00 00:00:00',24),(747,22,'',787,1,1,'2015-06-30 21:02:32','0000-00-00 00:00:00',24),(748,185,'',788,1,1,'2015-06-30 21:03:42','0000-00-00 00:00:00',24),(749,22,'',789,1,1,'2015-06-30 21:05:09','0000-00-00 00:00:00',24),(750,141,'',790,5,2,'2015-06-30 21:31:54','0000-00-00 00:00:00',24),(751,22,'',791,2,1,'2015-06-30 21:38:52','0000-00-00 00:00:00',24),(752,22,'Persona en situación de discapacidad',792,1,1,'2015-06-30 21:40:42','0000-00-00 00:00:00',24),(753,93,'',793,1,8,'2015-06-30 22:54:30','0000-00-00 00:00:00',20),(754,108,'',794,1,8,'2015-06-30 22:58:30','0000-00-00 00:00:00',20),(755,93,'',795,1,8,'2015-06-30 23:02:38','0000-00-00 00:00:00',20),(756,93,'',796,2,1,'2015-06-30 23:07:31','0000-00-00 00:00:00',20),(757,93,'',797,1,8,'2015-06-30 23:09:58','0000-00-00 00:00:00',20),(758,93,'',798,1,8,'2015-06-30 23:16:16','0000-00-00 00:00:00',20),(759,16,'',802,2,1,'2015-07-01 08:29:23','0000-00-00 00:00:00',46),(760,45,'',803,1,1,'2015-07-01 08:34:25','0000-00-00 00:00:00',43),(761,16,'',804,2,1,'2015-07-01 08:37:03','0000-00-00 00:00:00',46),(762,45,'',805,1,2,'2015-07-01 08:37:39','0000-00-00 00:00:00',43),(764,46,'',808,1,1,'2015-07-01 08:51:26','2015-07-01 13:51:26',15),(765,13,'',809,1,7,'2015-07-01 08:44:38','0000-00-00 00:00:00',10),(766,16,'',810,2,1,'2015-07-01 08:48:04','0000-00-00 00:00:00',46),(767,13,'',811,2,7,'2015-07-01 08:48:37','0000-00-00 00:00:00',10),(768,46,'',812,1,1,'2015-07-01 08:51:55','2015-07-01 13:51:55',15),(769,46,'',813,1,1,'2015-07-01 08:54:56','2015-07-01 13:54:56',15),(770,208,'',814,1,1,'2015-07-01 08:54:39','0000-00-00 00:00:00',15),(772,46,'',816,1,1,'2015-07-01 08:58:38','2015-07-01 13:58:38',15),(773,46,'',817,1,1,'2015-07-01 08:58:10','0000-00-00 00:00:00',15),(774,13,'',818,2,2,'2015-07-01 08:59:03','0000-00-00 00:00:00',10),(775,46,'',819,1,1,'2015-07-01 09:01:05','2015-07-01 14:01:05',15),(776,37,'',820,1,2,'2015-07-01 09:00:31','0000-00-00 00:00:00',17),(777,46,'',821,1,1,'2015-07-01 09:00:54','0000-00-00 00:00:00',15),(778,193,'',822,1,1,'2015-07-01 09:04:57','2015-07-01 14:04:57',15),(779,13,'',823,2,2,'2015-07-01 09:02:13','0000-00-00 00:00:00',10),(780,46,'',824,1,1,'2015-07-01 09:05:10','2015-07-01 14:05:10',15),(781,193,'',825,1,1,'2015-07-01 09:04:28','0000-00-00 00:00:00',15),(782,37,'',826,1,1,'2015-07-01 09:05:54','0000-00-00 00:00:00',17),(783,46,'',827,1,1,'2015-07-01 09:08:28','2015-07-01 14:08:28',15),(784,46,'',828,1,1,'2015-07-01 09:08:04','0000-00-00 00:00:00',15),(785,46,'',829,1,1,'2015-07-01 09:10:36','2015-07-01 14:10:36',15),(786,47,'',830,1,1,'2015-07-01 09:10:16','0000-00-00 00:00:00',15),(787,37,'',831,1,1,'2015-07-01 09:14:28','0000-00-00 00:00:00',17),(788,16,'',832,2,1,'2015-07-01 09:16:31','0000-00-00 00:00:00',46),(789,37,'',833,1,1,'2015-07-01 09:22:16','0000-00-00 00:00:00',17),(790,37,'',834,1,1,'2015-07-01 09:24:42','0000-00-00 00:00:00',17),(791,22,'',835,2,2,'2015-07-01 09:33:58','0000-00-00 00:00:00',24),(792,22,'',838,2,2,'2015-07-01 09:36:09','0000-00-00 00:00:00',24),(793,37,'',839,1,1,'2015-07-01 09:42:03','0000-00-00 00:00:00',17),(794,12,'',841,1,2,'2015-07-01 09:42:39','0000-00-00 00:00:00',10),(795,12,'',843,1,2,'2015-07-01 09:46:06','0000-00-00 00:00:00',10),(796,12,'',844,1,2,'2015-07-01 09:49:56','0000-00-00 00:00:00',10),(797,12,'',845,1,2,'2015-07-01 09:52:25','0000-00-00 00:00:00',10),(798,12,'',846,1,2,'2015-07-01 09:54:07','0000-00-00 00:00:00',10),(799,12,'',847,1,2,'2015-07-01 09:55:37','0000-00-00 00:00:00',10),(800,13,'',848,1,2,'2015-07-01 10:01:08','0000-00-00 00:00:00',10),(801,13,'',849,1,2,'2015-07-01 10:03:42','0000-00-00 00:00:00',10),(802,13,'',850,1,2,'2015-07-01 10:05:01','0000-00-00 00:00:00',10),(803,37,'',851,1,2,'2015-07-01 10:06:03','0000-00-00 00:00:00',17),(804,13,'',852,1,2,'2015-07-01 10:07:23','0000-00-00 00:00:00',10),(805,13,'',853,1,2,'2015-07-01 10:08:57','0000-00-00 00:00:00',10),(806,76,'',854,2,1,'2015-07-01 10:20:43','0000-00-00 00:00:00',38),(807,76,'',855,2,1,'2015-07-01 10:26:21','0000-00-00 00:00:00',38),(808,21,'',856,1,1,'2015-07-06 14:32:05','0000-00-00 00:00:00',24),(809,21,'',857,1,1,'2015-07-06 14:34:55','0000-00-00 00:00:00',24),(810,21,'',858,1,1,'2015-07-06 14:36:45','0000-00-00 00:00:00',24),(811,21,'',859,1,1,'2015-07-06 14:40:55','0000-00-00 00:00:00',24),(812,21,'',860,1,1,'2015-07-06 14:42:40','0000-00-00 00:00:00',24),(813,21,'',861,1,1,'2015-07-06 14:48:38','0000-00-00 00:00:00',24),(814,21,'',862,1,1,'2015-07-06 14:51:12','0000-00-00 00:00:00',24),(815,21,'',863,1,1,'2015-07-06 14:53:01','0000-00-00 00:00:00',24),(816,21,'',864,1,1,'2015-07-06 14:54:38','0000-00-00 00:00:00',24),(817,21,'',865,1,1,'2015-07-06 15:01:59','0000-00-00 00:00:00',24),(818,21,'',866,1,1,'2015-07-06 15:28:31','0000-00-00 00:00:00',24),(819,21,'',867,1,1,'2015-07-06 15:38:28','0000-00-00 00:00:00',24),(820,21,'',868,1,1,'2015-07-06 15:40:03','0000-00-00 00:00:00',24),(821,21,'',869,1,1,'2015-07-06 15:42:32','0000-00-00 00:00:00',24),(822,21,'',870,1,1,'2015-07-06 15:43:58','0000-00-00 00:00:00',24),(823,21,'',871,1,1,'2015-07-06 15:47:14','0000-00-00 00:00:00',24),(824,21,'',872,1,1,'2015-07-06 15:48:40','0000-00-00 00:00:00',24),(825,21,'',873,1,1,'2015-07-06 15:50:53','0000-00-00 00:00:00',24),(826,21,'',874,1,1,'2015-07-06 15:52:30','0000-00-00 00:00:00',24),(827,21,'',875,1,1,'2015-07-06 15:54:36','0000-00-00 00:00:00',24),(828,21,'',876,1,1,'2015-07-06 15:56:49','0000-00-00 00:00:00',24),(829,21,'',877,1,1,'2015-07-06 15:58:19','0000-00-00 00:00:00',24),(830,21,'',878,1,1,'2015-07-06 15:59:58','0000-00-00 00:00:00',24),(831,21,'',879,1,1,'2015-07-06 16:01:37','0000-00-00 00:00:00',24),(832,21,'',880,1,1,'2015-07-06 16:03:24','0000-00-00 00:00:00',24),(833,201,'',881,1,7,'2015-07-08 15:09:24','0000-00-00 00:00:00',38),(834,88,'',882,2,1,'2015-07-08 15:15:13','0000-00-00 00:00:00',38),(835,74,'',883,2,1,'2015-07-08 15:17:56','0000-00-00 00:00:00',38),(836,149,'',884,2,2,'2015-07-08 15:23:32','0000-00-00 00:00:00',38),(837,40,'',885,1,1,'2015-07-08 15:27:10','0000-00-00 00:00:00',38),(838,28,'',886,2,7,'2015-07-08 15:33:16','0000-00-00 00:00:00',38),(839,189,'',888,1,7,'2015-07-08 16:57:31','0000-00-00 00:00:00',15),(840,189,'',889,1,1,'2015-07-08 17:00:13','0000-00-00 00:00:00',15),(841,46,'',890,4,6,'2015-07-08 17:13:04','0000-00-00 00:00:00',15),(842,47,'',891,2,1,'2015-07-09 08:33:42','0000-00-00 00:00:00',15),(843,197,'',892,2,7,'2015-07-09 08:51:22','0000-00-00 00:00:00',15),(844,74,'',893,1,1,'2015-07-11 10:35:32','0000-00-00 00:00:00',38),(845,76,'',894,1,1,'2015-07-11 10:40:23','0000-00-00 00:00:00',38),(846,74,'',895,1,1,'2015-07-11 10:43:38','0000-00-00 00:00:00',38),(847,74,'',896,1,1,'2015-07-11 10:46:37','0000-00-00 00:00:00',38),(848,74,'',897,1,1,'2015-07-11 10:55:19','0000-00-00 00:00:00',38),(849,74,'',898,1,1,'2015-07-11 11:00:04','0000-00-00 00:00:00',38),(850,74,'',899,1,1,'2015-07-11 11:44:12','0000-00-00 00:00:00',38),(851,74,'',900,1,1,'2015-07-11 12:17:20','0000-00-00 00:00:00',38),(852,74,'',901,1,6,'2015-07-11 12:20:27','0000-00-00 00:00:00',38);
/*!40000 ALTER TABLE `per_participants` ENABLE KEYS */;
UNLOCK TABLES;

--
-- Table structure for table `per_participants_population_types`
--

DROP TABLE IF EXISTS `per_participants_population_types`;
/*!40101 SET @saved_cs_client     = @@character_set_client */;
/*!40101 SET character_set_client = utf8 */;
CREATE TABLE `per_participants_population_types` (
  `participant_id` int(11) NOT NULL,
  `population_type_id` int(11) NOT NULL,
  KEY `participant_id` (`participant_id`),
  KEY `popultation_type_id` (`population_type_id`),
  CONSTRAINT `per_participants_population_types_ibfk_1` FOREIGN KEY (`participant_id`) REFERENCES `per_participants` (`id`) ON UPDATE CASCADE,
  CONSTRAINT `per_participants_population_types_ibfk_2` FOREIGN KEY (`population_type_id`) REFERENCES `population_types` (`id_population_type`) ON UPDATE CASCADE
) ENGINE=InnoDB DEFAULT CHARSET=latin1;
/*!40101 SET character_set_client = @saved_cs_client */;

--
-- Dumping data for table `per_participants_population_types`
--

LOCK TABLES `per_participants_population_types` WRITE;
/*!40000 ALTER TABLE `per_participants_population_types` DISABLE KEYS */;
INSERT INTO `per_participants_population_types` VALUES (1,2),(2,5),(3,5),(4,5),(5,5),(6,5),(7,5),(8,9),(9,9),(10,9),(11,9),(12,9),(13,9),(14,9),(15,9),(16,9),(17,9),(18,9),(19,9),(20,9),(21,9),(22,9),(23,9),(24,9),(25,9),(26,9),(27,9),(28,9),(29,9),(30,5),(31,5),(32,5),(33,5),(34,5),(35,5),(36,5),(37,5),(38,5),(39,5),(40,8),(41,8),(42,8),(43,8),(44,8),(45,8),(46,3),(47,2),(48,2),(49,2),(50,2),(51,3),(52,3),(53,3),(54,2),(55,2),(56,3),(57,3),(58,9),(59,9),(60,9),(61,9),(62,9),(63,9),(64,9),(65,9),(66,9),(67,9),(68,9),(69,9),(70,9),(71,9),(72,9),(73,9),(74,9),(75,9),(76,9),(77,9),(78,9),(79,9),(80,9),(81,9),(82,3),(83,3),(84,3),(85,3),(86,3),(87,3),(88,3),(89,3),(90,3),(91,3),(92,3),(93,3),(94,2),(95,7),(96,7),(97,2),(98,7),(99,7),(100,7),(101,7),(102,7),(103,7),(104,7),(105,7),(106,3),(107,2),(108,3),(109,2),(110,9),(110,11),(111,3),(112,2),(113,3),(114,9),(115,9),(116,9),(117,9),(117,4),(118,9),(119,9),(120,9),(121,9),(122,9),(123,9),(124,7),(125,7),(126,7),(127,7),(128,5),(132,11),(133,11),(135,11),(136,11),(138,5),(129,5),(130,5),(131,5),(134,5),(139,11),(137,5),(140,2),(141,1),(142,3),(143,1),(144,2),(145,5),(146,5),(147,5),(148,5),(149,5),(150,3),(151,5),(152,5),(153,5),(154,5),(155,5),(156,5),(157,5),(158,5),(159,5),(160,5),(161,5),(162,5),(163,2),(164,2),(165,3),(166,3),(167,3),(168,3),(169,2),(170,3),(171,3),(172,3),(173,3),(174,3),(175,3),(176,3),(177,3),(178,3),(179,2),(180,3),(181,3),(182,3),(183,3),(184,3),(185,3),(186,3),(187,2),(188,3),(189,3),(190,3),(191,3),(192,3),(193,2),(194,3),(195,3),(196,3),(197,3),(198,3),(199,3),(200,2),(201,2),(202,7),(203,2),(204,3),(205,2),(206,3),(207,3),(208,4),(209,4),(210,4),(211,4),(212,4),(213,4),(214,4),(215,3),(216,1),(217,3),(218,3),(219,3),(220,1),(221,1),(222,3),(223,3),(224,1),(225,2),(226,1),(227,2),(227,8),(228,8),(228,2),(229,4),(230,1),(231,2),(232,8),(232,4),(233,3),(234,8),(234,3),(235,1),(236,8),(236,2),(237,8),(237,4),(238,1),(239,3),(240,8),(240,2),(241,1),(242,8),(242,4),(243,8),(243,2),(244,8),(244,4),(245,1),(246,2),(247,8),(247,4),(248,1),(249,3),(250,1),(251,8),(251,2),(252,3),(253,2),(254,1),(255,1),(256,3),(257,1),(258,3),(259,3),(260,1),(261,3),(262,2),(263,1),(264,3),(265,1),(266,2),(267,1),(268,1),(269,1),(270,1),(271,1),(272,1),(273,1),(274,1),(275,1),(276,1),(277,1),(278,1),(279,1),(280,1),(281,1),(282,1),(283,1),(284,1),(285,1),(286,3),(287,1),(288,3),(289,1),(290,3),(291,3),(292,2),(293,3),(294,4),(295,1),(296,4),(297,3),(298,1),(299,1),(300,3),(301,3),(302,4),(303,1),(304,1),(305,3),(306,3),(307,1),(308,3),(309,2),(310,3),(311,3),(312,3),(313,2),(314,3),(315,3),(316,3),(317,3),(318,3),(319,3),(320,3),(321,3),(322,3),(323,2),(324,2),(325,3),(326,3),(327,3),(329,2),(330,3),(331,3),(332,2),(333,3),(334,3),(335,3),(336,3),(328,11),(337,3),(338,3),(339,2),(340,2),(341,3),(342,3),(343,2),(344,3),(345,2),(346,2),(347,2),(348,3),(349,3),(350,3),(351,3),(352,11),(353,11),(354,11),(355,11),(356,11),(357,11),(358,11),(359,11),(360,2),(361,3),(362,2),(363,2),(364,3),(365,3),(366,2),(367,2),(368,2),(369,2),(370,3),(371,3),(372,3),(373,3),(374,3),(375,3),(376,2),(377,3),(378,3),(379,5),(380,5),(381,10),(382,11),(383,5),(384,3),(385,2),(386,2),(387,10),(388,5),(389,10),(390,3),(391,3),(392,2),(393,3),(394,3),(395,3),(396,2),(397,2),(398,3),(399,2),(400,11),(401,11),(402,7),(403,7),(404,7),(405,7),(406,7),(407,7),(408,7),(409,7),(410,7),(411,7),(412,7),(413,7),(414,7),(415,7),(416,7),(417,7),(418,5),(419,2),(420,2),(421,2),(422,2),(423,2),(424,2),(425,2),(426,2),(427,2),(428,2),(429,2),(430,2),(431,2),(432,2),(433,3),(434,2),(435,2),(436,3),(437,2),(438,3),(439,2),(440,3),(441,3),(442,3),(443,3),(444,2),(445,3),(446,3),(447,3),(448,2),(449,3),(450,3),(451,2),(452,3),(453,2),(454,3),(455,2),(456,2),(457,3),(458,3),(459,2),(460,3),(461,2),(462,4),(463,4),(464,4),(465,7),(466,7),(467,7),(468,7),(469,7),(470,7),(471,7),(472,7),(473,7),(474,7),(475,7),(476,7),(477,2),(478,2),(479,2),(480,2),(481,2),(482,2),(483,1),(484,1),(485,1),(486,1),(487,1),(488,1),(489,1),(490,1),(491,1),(492,1),(493,1),(494,1),(495,1),(496,1),(497,1),(498,1),(499,1),(500,1),(501,4),(502,1),(503,1),(504,1),(505,1),(506,1),(507,1),(508,1),(509,1),(510,1),(511,1),(512,1),(513,1),(514,1),(515,2),(516,1),(517,3),(518,1),(519,3),(520,1),(521,1),(522,1),(523,2),(524,3),(525,3),(526,3),(527,3),(528,4),(529,4),(530,4),(531,4),(532,4),(533,11),(534,11),(535,11),(536,11),(537,11),(538,11),(539,11),(540,11),(541,11),(542,4),(543,4),(544,4),(545,4),(546,4),(547,4),(548,4),(549,4),(550,4),(551,4),(552,4),(553,2),(554,4),(555,2),(556,2),(557,4),(558,2),(559,4),(560,2),(561,2),(562,2),(563,7),(564,2),(565,1),(566,7),(567,2),(568,1),(569,1),(570,4),(571,4),(572,1),(573,4),(574,4),(575,1),(576,4),(577,1),(578,4),(579,4),(580,1),(581,1),(582,1),(583,1),(584,2),(584,8),(585,4),(586,8),(586,2),(587,2),(588,4),(589,2),(590,3),(591,2),(591,8),(592,3),(593,3),(594,3),(595,3),(596,4),(597,3),(598,4),(599,2),(600,4),(601,3),(602,3),(603,3),(604,3),(605,4),(606,4),(607,4),(608,4),(609,4),(610,4),(611,4),(612,4),(613,4),(614,4),(615,4),(616,4),(617,4),(618,3),(619,3),(620,7),(621,3),(622,4),(623,4),(624,4),(625,3),(626,4),(627,4),(628,4),(629,4),(630,4),(631,4),(632,4),(633,2),(634,2),(635,2),(636,1),(637,1),(638,1),(639,1),(640,4),(641,1),(642,4),(643,3),(644,3),(645,3),(646,3),(647,3),(648,3),(649,1),(650,1),(651,2),(652,1),(653,1),(654,3),(655,3),(656,1),(657,2),(658,1),(659,1),(660,3),(661,1),(662,1),(663,1),(664,1),(665,1),(666,1),(667,1),(668,1),(669,3),(670,2),(671,2),(672,3),(673,3),(674,3),(675,2),(676,3),(677,3),(678,2),(679,3),(680,2),(681,3),(682,3),(683,3),(684,4),(685,2),(686,3),(687,3),(688,3),(689,3),(690,2),(691,2),(692,3),(693,2),(694,2),(695,2),(696,2),(697,1),(698,1),(699,1),(700,1),(701,1),(702,1),(703,7),(704,7),(705,7),(706,3),(707,3),(708,3),(709,3),(710,3),(711,3),(712,3),(713,3),(714,3),(715,3),(716,3),(717,3),(718,3),(719,3),(720,2),(721,3),(722,3),(723,3),(724,3),(725,3),(726,3),(727,3),(728,3),(729,3),(730,3),(731,3),(735,4),(736,4),(737,4),(738,4),(739,4),(740,4),(741,4),(742,4),(743,4),(744,4),(745,4),(746,4),(747,4),(748,4),(749,4),(750,3),(751,2),(752,2),(753,7),(754,7),(755,7),(756,7),(757,7),(758,7),(732,4),(733,4),(734,4),(759,3),(760,4),(761,3),(762,4),(764,1),(765,5),(766,3),(767,5),(768,4),(769,1),(770,1),(772,1),(773,1),(774,5),(775,1),(776,1),(777,1),(778,1),(779,5),(780,1),(781,1),(782,1),(783,1),(784,1),(785,1),(786,1),(787,1),(788,3),(789,1),(790,1),(791,2),(792,4),(793,1),(794,3),(795,3),(796,2),(797,2),(798,3),(799,2),(800,3),(801,3),(802,2),(803,1),(804,2),(805,3),(806,8),(807,8),(808,1),(809,1),(810,1),(811,1),(812,1),(813,1),(814,1),(815,1),(816,1),(817,1),(818,1),(819,1),(820,1),(821,1),(822,1),(823,1),(824,1),(825,1),(826,1),(827,1),(828,1),(829,1),(830,1),(831,1),(832,1),(833,9),(834,9),(835,9),(836,9),(837,9),(838,9),(839,3),(840,3),(841,2),(842,3),(843,3),(844,1),(845,1),(846,1),(847,1),(848,1),(849,1),(850,1),(851,1),(852,1);
/*!40000 ALTER TABLE `per_participants_population_types` ENABLE KEYS */;
UNLOCK TABLES;

--
-- Table structure for table `per_participants_training`
--

DROP TABLE IF EXISTS `per_participants_training`;
/*!40101 SET @saved_cs_client     = @@character_set_client */;
/*!40101 SET character_set_client = utf8 */;
CREATE TABLE `per_participants_training` (
  `id` int(11) NOT NULL AUTO_INCREMENT,
  `training_id` int(11) NOT NULL,
  `participant_id` int(11) NOT NULL,
  `certification_status` int(11) NOT NULL,
  `creation_date` datetime NOT NULL,
  `modification_date` timestamp NOT NULL DEFAULT '0000-00-00 00:00:00' ON UPDATE CURRENT_TIMESTAMP,
  `user_id` int(11) NOT NULL,
  PRIMARY KEY (`id`),
  UNIQUE KEY `training_id_2` (`training_id`,`participant_id`),
  KEY `training_id` (`training_id`),
  KEY `user_id` (`user_id`),
  KEY `participant_id` (`participant_id`),
  CONSTRAINT `per_participants_training_ibfk_1` FOREIGN KEY (`training_id`) REFERENCES `training` (`id`) ON UPDATE CASCADE,
  CONSTRAINT `per_participants_training_ibfk_2` FOREIGN KEY (`participant_id`) REFERENCES `per_participants` (`id`) ON UPDATE CASCADE,
  CONSTRAINT `per_participants_training_ibfk_3` FOREIGN KEY (`user_id`) REFERENCES `users` (`id_user`) ON UPDATE CASCADE
) ENGINE=InnoDB AUTO_INCREMENT=771 DEFAULT CHARSET=latin1;
/*!40101 SET character_set_client = @saved_cs_client */;

--
-- Dumping data for table `per_participants_training`
--

LOCK TABLES `per_participants_training` WRITE;
/*!40000 ALTER TABLE `per_participants_training` DISABLE KEYS */;
INSERT INTO `per_participants_training` VALUES (8,5,8,0,'2015-06-02 10:27:00','0000-00-00 00:00:00',24),(9,5,9,0,'2015-06-02 10:56:15','0000-00-00 00:00:00',24),(10,5,10,0,'2015-06-02 10:58:16','0000-00-00 00:00:00',24),(11,5,11,0,'2015-06-02 11:01:25','0000-00-00 00:00:00',24),(12,5,12,0,'2015-06-02 11:04:03','0000-00-00 00:00:00',24),(13,5,13,0,'2015-06-02 11:08:00','0000-00-00 00:00:00',24),(14,5,14,0,'2015-06-02 11:09:47','0000-00-00 00:00:00',24),(15,5,15,0,'2015-06-02 11:11:33','0000-00-00 00:00:00',24),(16,5,16,0,'2015-06-02 11:13:58','0000-00-00 00:00:00',24),(17,5,17,0,'2015-06-02 11:15:31','0000-00-00 00:00:00',24),(18,5,18,0,'2015-06-02 11:17:12','0000-00-00 00:00:00',24),(19,5,19,0,'2015-06-02 11:23:27','0000-00-00 00:00:00',24),(20,5,20,0,'2015-06-02 11:25:43','0000-00-00 00:00:00',24),(21,5,21,0,'2015-06-02 11:27:07','0000-00-00 00:00:00',24),(22,5,22,0,'2015-06-02 11:34:06','0000-00-00 00:00:00',24),(23,5,23,0,'2015-06-02 11:35:31','0000-00-00 00:00:00',24),(24,5,24,0,'2015-06-02 11:37:01','0000-00-00 00:00:00',24),(25,5,25,0,'2015-06-02 11:45:20','0000-00-00 00:00:00',24),(26,5,26,0,'2015-06-02 11:49:57','0000-00-00 00:00:00',24),(27,5,27,0,'2015-06-02 11:51:50','0000-00-00 00:00:00',24),(28,5,28,0,'2015-06-02 11:55:07','0000-00-00 00:00:00',24),(29,5,29,0,'2015-06-02 11:56:46','0000-00-00 00:00:00',24),(30,6,30,0,'2015-06-03 12:10:10','0000-00-00 00:00:00',38),(31,6,31,0,'2015-06-03 12:13:43','0000-00-00 00:00:00',38),(32,6,32,0,'2015-06-03 12:23:58','0000-00-00 00:00:00',38),(33,6,33,0,'2015-06-03 12:26:15','0000-00-00 00:00:00',38),(34,6,34,0,'2015-06-03 12:31:50','0000-00-00 00:00:00',38),(35,6,35,0,'2015-06-03 12:35:43','0000-00-00 00:00:00',38),(36,6,36,0,'2015-06-03 12:38:42','0000-00-00 00:00:00',38),(37,6,37,0,'2015-06-03 12:41:28','0000-00-00 00:00:00',38),(38,6,38,0,'2015-06-03 12:51:47','0000-00-00 00:00:00',38),(39,6,39,0,'2015-06-03 12:54:13','0000-00-00 00:00:00',38),(40,7,40,0,'2015-06-03 14:55:40','0000-00-00 00:00:00',38),(41,7,41,0,'2015-06-03 15:22:40','0000-00-00 00:00:00',38),(42,7,42,0,'2015-06-03 15:26:42','0000-00-00 00:00:00',38),(43,7,43,0,'2015-06-03 15:28:48','0000-00-00 00:00:00',38),(44,7,44,0,'2015-06-03 15:33:04','0000-00-00 00:00:00',38),(45,7,45,0,'2015-06-03 15:37:26','0000-00-00 00:00:00',38),(46,8,46,0,'2015-06-04 14:22:38','0000-00-00 00:00:00',42),(47,8,47,0,'2015-06-04 14:24:37','0000-00-00 00:00:00',42),(48,8,48,0,'2015-06-04 14:56:46','0000-00-00 00:00:00',42),(49,8,49,0,'2015-06-04 14:58:37','0000-00-00 00:00:00',42),(50,8,50,0,'2015-06-04 15:00:34','0000-00-00 00:00:00',42),(51,8,51,0,'2015-06-04 15:02:30','0000-00-00 00:00:00',42),(52,8,52,0,'2015-06-04 15:05:12','0000-00-00 00:00:00',42),(53,8,53,0,'2015-06-04 15:07:25','0000-00-00 00:00:00',42),(54,8,54,0,'2015-06-04 15:09:46','0000-00-00 00:00:00',42),(55,8,55,0,'2015-06-04 15:12:18','0000-00-00 00:00:00',42),(56,8,56,0,'2015-06-04 15:13:41','0000-00-00 00:00:00',42),(57,9,57,0,'2015-06-05 10:26:56','0000-00-00 00:00:00',15),(58,5,58,0,'2015-06-05 15:30:23','0000-00-00 00:00:00',24),(59,5,59,0,'2015-06-05 15:32:27','0000-00-00 00:00:00',24),(60,5,60,0,'2015-06-05 15:34:09','0000-00-00 00:00:00',24),(61,5,61,0,'2015-06-05 15:36:57','0000-00-00 00:00:00',24),(62,5,62,0,'2015-06-05 15:38:17','0000-00-00 00:00:00',24),(63,5,63,0,'2015-06-05 15:39:41','0000-00-00 00:00:00',24),(64,5,64,0,'2015-06-05 15:41:21','0000-00-00 00:00:00',24),(65,5,65,0,'2015-06-05 15:43:59','0000-00-00 00:00:00',24),(66,5,66,0,'2015-06-05 16:31:57','0000-00-00 00:00:00',24),(67,5,67,0,'2015-06-05 17:00:07','0000-00-00 00:00:00',24),(68,5,68,0,'2015-06-05 17:01:26','0000-00-00 00:00:00',24),(69,5,69,0,'2015-06-05 17:02:59','0000-00-00 00:00:00',24),(70,5,70,0,'2015-06-05 17:04:19','0000-00-00 00:00:00',24),(71,5,71,0,'2015-06-05 17:06:40','0000-00-00 00:00:00',24),(72,5,72,0,'2015-06-05 17:07:52','0000-00-00 00:00:00',24),(73,5,73,0,'2015-06-05 17:09:41','0000-00-00 00:00:00',24),(74,5,74,0,'2015-06-05 17:10:49','0000-00-00 00:00:00',24),(75,5,75,0,'2015-06-05 17:12:06','0000-00-00 00:00:00',24),(76,5,76,0,'2015-06-05 17:13:10','0000-00-00 00:00:00',24),(77,5,77,0,'2015-06-05 17:18:59','0000-00-00 00:00:00',24),(78,5,78,0,'2015-06-05 17:20:24','0000-00-00 00:00:00',24),(79,5,79,0,'2015-06-05 17:22:06','0000-00-00 00:00:00',24),(80,5,80,0,'2015-06-05 17:27:16','0000-00-00 00:00:00',24),(81,5,81,0,'2015-06-05 17:29:12','0000-00-00 00:00:00',24),(82,9,82,0,'2015-06-09 12:01:06','0000-00-00 00:00:00',15),(83,9,83,0,'2015-06-09 13:27:44','0000-00-00 00:00:00',15),(84,9,84,0,'2015-06-09 13:32:38','0000-00-00 00:00:00',15),(85,9,85,0,'2015-06-09 14:06:35','0000-00-00 00:00:00',15),(86,9,86,0,'2015-06-09 14:30:54','0000-00-00 00:00:00',15),(87,9,87,0,'2015-06-09 14:37:15','0000-00-00 00:00:00',15),(88,9,88,0,'2015-06-09 14:40:08','0000-00-00 00:00:00',15),(89,9,89,0,'2015-06-09 14:42:29','0000-00-00 00:00:00',15),(90,9,90,0,'2015-06-09 14:44:15','0000-00-00 00:00:00',15),(91,9,91,0,'2015-06-09 14:46:08','0000-00-00 00:00:00',15),(92,9,92,0,'2015-06-09 14:48:58','0000-00-00 00:00:00',15),(93,9,93,0,'2015-06-09 14:51:22','0000-00-00 00:00:00',15),(94,11,94,0,'2015-06-09 16:02:26','0000-00-00 00:00:00',15),(95,13,95,0,'2015-06-10 11:23:46','0000-00-00 00:00:00',38),(96,13,96,0,'2015-06-10 11:29:16','0000-00-00 00:00:00',38),(97,12,97,0,'2015-06-10 11:33:56','0000-00-00 00:00:00',17),(98,13,98,0,'2015-06-10 11:34:41','0000-00-00 00:00:00',38),(99,13,99,0,'2015-06-10 11:38:41','0000-00-00 00:00:00',38),(100,13,100,0,'2015-06-10 11:47:00','0000-00-00 00:00:00',38),(101,13,101,0,'2015-06-10 11:51:57','0000-00-00 00:00:00',38),(102,13,102,0,'2015-06-10 12:02:08','0000-00-00 00:00:00',38),(103,13,103,0,'2015-06-10 12:13:19','0000-00-00 00:00:00',38),(104,13,104,0,'2015-06-10 13:31:25','0000-00-00 00:00:00',12),(105,13,105,0,'2015-06-10 13:43:11','0000-00-00 00:00:00',38),(106,12,106,0,'2015-06-10 14:10:42','0000-00-00 00:00:00',17),(107,12,107,0,'2015-06-10 14:15:30','0000-00-00 00:00:00',17),(108,12,108,0,'2015-06-10 14:19:41','0000-00-00 00:00:00',17),(109,12,109,0,'2015-06-10 14:33:22','0000-00-00 00:00:00',17),(110,14,110,0,'2015-06-10 14:57:05','0000-00-00 00:00:00',17),(111,12,111,0,'2015-06-11 09:44:07','0000-00-00 00:00:00',17),(112,12,112,0,'2015-06-11 09:46:29','0000-00-00 00:00:00',17),(113,12,113,0,'2015-06-11 09:48:47','0000-00-00 00:00:00',17),(114,14,114,0,'2015-06-11 10:05:59','0000-00-00 00:00:00',17),(115,14,115,0,'2015-06-11 10:08:38','0000-00-00 00:00:00',17),(116,14,116,0,'2015-06-11 10:12:47','0000-00-00 00:00:00',17),(117,14,117,0,'2015-06-11 10:17:44','0000-00-00 00:00:00',17),(118,14,118,0,'2015-06-11 10:20:55','0000-00-00 00:00:00',17),(119,14,119,0,'2015-06-11 10:23:23','0000-00-00 00:00:00',17),(120,14,120,0,'2015-06-11 10:51:06','0000-00-00 00:00:00',17),(121,14,121,0,'2015-06-11 11:08:15','0000-00-00 00:00:00',17),(122,14,122,0,'2015-06-11 11:17:33','0000-00-00 00:00:00',17),(123,14,123,0,'2015-06-11 11:19:24','0000-00-00 00:00:00',17),(124,13,124,0,'2015-06-11 12:01:08','0000-00-00 00:00:00',38),(125,13,125,0,'2015-06-11 12:06:19','0000-00-00 00:00:00',38),(126,13,126,0,'2015-06-11 13:44:32','0000-00-00 00:00:00',38),(127,13,127,0,'2015-06-11 13:47:28','0000-00-00 00:00:00',38),(128,15,132,0,'2015-06-12 15:49:03','0000-00-00 00:00:00',40),(129,15,133,0,'2015-06-12 15:51:29','0000-00-00 00:00:00',40),(130,15,135,0,'2015-06-12 15:56:58','0000-00-00 00:00:00',40),(131,15,136,0,'2015-06-12 16:00:11','0000-00-00 00:00:00',40),(132,15,139,0,'2015-06-12 16:14:01','0000-00-00 00:00:00',40),(133,15,140,0,'2015-06-12 16:18:26','0000-00-00 00:00:00',40),(134,16,141,0,'2015-06-12 16:26:04','0000-00-00 00:00:00',20),(135,16,143,0,'2015-06-12 16:45:56','0000-00-00 00:00:00',20),(136,31,179,0,'2015-06-16 13:19:18','0000-00-00 00:00:00',38),(137,31,180,0,'2015-06-16 13:20:11','0000-00-00 00:00:00',38),(138,31,181,0,'2015-06-16 13:21:08','0000-00-00 00:00:00',38),(139,31,182,0,'2015-06-16 13:21:37','0000-00-00 00:00:00',38),(140,31,183,0,'2015-06-16 13:22:26','0000-00-00 00:00:00',38),(141,31,184,0,'2015-06-16 13:23:18','0000-00-00 00:00:00',38),(142,32,185,0,'2015-06-16 13:27:45','0000-00-00 00:00:00',38),(143,32,186,0,'2015-06-16 13:28:30','0000-00-00 00:00:00',38),(144,32,187,0,'2015-06-16 13:28:45','0000-00-00 00:00:00',38),(145,32,188,0,'2015-06-16 13:29:02','0000-00-00 00:00:00',38),(146,32,189,0,'2015-06-16 13:30:09','0000-00-00 00:00:00',38),(147,32,190,0,'2015-06-16 13:30:36','0000-00-00 00:00:00',38),(148,28,191,0,'2015-06-16 16:08:24','0000-00-00 00:00:00',43),(149,28,192,0,'2015-06-16 16:14:47','0000-00-00 00:00:00',43),(150,28,193,0,'2015-06-16 16:19:36','0000-00-00 00:00:00',43),(151,28,194,0,'2015-06-16 16:22:51','0000-00-00 00:00:00',43),(152,28,195,0,'2015-06-16 16:25:56','0000-00-00 00:00:00',43),(153,28,196,0,'2015-06-16 16:29:20','0000-00-00 00:00:00',43),(154,28,197,0,'2015-06-16 16:32:57','0000-00-00 00:00:00',43),(155,29,198,0,'2015-06-16 16:36:27','0000-00-00 00:00:00',43),(156,29,199,0,'2015-06-16 16:38:45','0000-00-00 00:00:00',43),(157,29,200,0,'2015-06-16 16:41:56','0000-00-00 00:00:00',43),(158,29,201,0,'2015-06-16 16:44:42','0000-00-00 00:00:00',43),(159,29,202,0,'2015-06-16 16:47:44','0000-00-00 00:00:00',43),(160,29,203,0,'2015-06-16 16:50:00','0000-00-00 00:00:00',43),(161,29,204,0,'2015-06-16 16:52:32','0000-00-00 00:00:00',43),(162,29,205,0,'2015-06-16 16:55:22','0000-00-00 00:00:00',43),(164,29,207,0,'2015-06-16 17:02:11','0000-00-00 00:00:00',43),(165,36,208,0,'2015-06-17 08:41:54','0000-00-00 00:00:00',38),(166,36,209,0,'2015-06-17 08:50:08','0000-00-00 00:00:00',38),(167,36,210,0,'2015-06-17 09:00:24','0000-00-00 00:00:00',38),(168,36,211,0,'2015-06-17 09:04:19','0000-00-00 00:00:00',38),(169,37,212,0,'2015-06-17 09:19:18','0000-00-00 00:00:00',38),(170,37,213,0,'2015-06-17 09:21:54','0000-00-00 00:00:00',38),(171,37,214,0,'2015-06-17 09:33:24','0000-00-00 00:00:00',38),(172,39,216,0,'2015-06-17 10:40:55','0000-00-00 00:00:00',38),(173,39,220,0,'2015-06-17 10:47:07','0000-00-00 00:00:00',38),(174,39,221,0,'2015-06-17 10:49:56','0000-00-00 00:00:00',38),(175,39,224,0,'2015-06-17 10:56:56','0000-00-00 00:00:00',38),(176,39,226,0,'2015-06-17 11:10:34','0000-00-00 00:00:00',38),(177,40,227,0,'2015-06-17 11:10:50','0000-00-00 00:00:00',17),(178,40,228,0,'2015-06-17 11:12:25','0000-00-00 00:00:00',17),(179,39,230,0,'2015-06-17 11:14:15','0000-00-00 00:00:00',38),(180,40,232,0,'2015-06-17 11:14:54','0000-00-00 00:00:00',17),(181,40,234,0,'2015-06-17 11:16:57','0000-00-00 00:00:00',17),(182,39,235,0,'2015-06-17 11:18:53','0000-00-00 00:00:00',38),(183,40,236,0,'2015-06-17 11:19:26','0000-00-00 00:00:00',17),(184,40,237,0,'2015-06-17 11:21:44','0000-00-00 00:00:00',17),(185,39,238,0,'2015-06-17 11:21:48','0000-00-00 00:00:00',38),(186,40,240,0,'2015-06-17 11:23:39','0000-00-00 00:00:00',17),(187,39,241,0,'2015-06-17 11:25:11','0000-00-00 00:00:00',38),(188,40,242,0,'2015-06-17 11:26:25','0000-00-00 00:00:00',17),(189,40,243,0,'2015-06-17 11:28:04','0000-00-00 00:00:00',17),(190,40,244,0,'2015-06-17 11:29:54','0000-00-00 00:00:00',17),(191,39,245,0,'2015-06-17 11:31:00','0000-00-00 00:00:00',38),(192,40,247,0,'2015-06-17 11:32:24','0000-00-00 00:00:00',17),(193,39,248,0,'2015-06-17 11:33:17','0000-00-00 00:00:00',38),(194,39,250,0,'2015-06-17 11:35:32','0000-00-00 00:00:00',38),(195,40,251,0,'2015-06-17 11:36:01','0000-00-00 00:00:00',17),(196,40,253,0,'2015-06-17 11:37:52','0000-00-00 00:00:00',17),(197,39,254,0,'2015-06-17 11:38:01','0000-00-00 00:00:00',38),(198,39,255,0,'2015-06-17 11:39:52','0000-00-00 00:00:00',38),(199,39,257,0,'2015-06-17 11:44:31','0000-00-00 00:00:00',38),(200,39,260,0,'2015-06-17 11:57:07','0000-00-00 00:00:00',38),(201,39,263,0,'2015-06-17 12:00:15','0000-00-00 00:00:00',38),(202,39,265,0,'2015-06-17 12:03:43','0000-00-00 00:00:00',38),(203,39,267,0,'2015-06-17 12:06:19','0000-00-00 00:00:00',38),(204,39,268,0,'2015-06-17 12:08:19','0000-00-00 00:00:00',38),(205,39,269,0,'2015-06-17 16:24:53','0000-00-00 00:00:00',38),(206,39,270,0,'2015-06-17 16:31:56','0000-00-00 00:00:00',38),(207,39,271,0,'2015-06-17 16:35:15','0000-00-00 00:00:00',38),(208,39,272,0,'2015-06-17 16:50:47','0000-00-00 00:00:00',38),(209,39,273,0,'2015-06-17 16:53:31','0000-00-00 00:00:00',38),(210,39,274,0,'2015-06-18 09:06:31','0000-00-00 00:00:00',38),(211,39,275,0,'2015-06-18 09:10:00','0000-00-00 00:00:00',38),(212,41,276,0,'2015-06-18 09:11:53','0000-00-00 00:00:00',17),(213,39,277,0,'2015-06-18 09:15:27','0000-00-00 00:00:00',38),(214,39,278,0,'2015-06-18 09:18:53','0000-00-00 00:00:00',38),(215,39,279,0,'2015-06-18 09:21:55','0000-00-00 00:00:00',38),(216,39,280,0,'2015-06-18 09:28:21','0000-00-00 00:00:00',38),(217,39,281,0,'2015-06-18 09:32:08','0000-00-00 00:00:00',38),(218,39,282,0,'2015-06-18 09:46:03','0000-00-00 00:00:00',38),(219,39,283,0,'2015-06-18 09:50:54','0000-00-00 00:00:00',38),(220,41,284,0,'2015-06-18 09:51:40','0000-00-00 00:00:00',17),(221,39,285,0,'2015-06-18 10:05:34','0000-00-00 00:00:00',38),(222,39,287,0,'2015-06-18 10:07:36','0000-00-00 00:00:00',38),(223,39,289,0,'2015-06-18 10:10:52','0000-00-00 00:00:00',38),(224,41,294,0,'2015-06-18 10:15:38','0000-00-00 00:00:00',17),(225,39,295,0,'2015-06-18 10:15:50','0000-00-00 00:00:00',38),(226,41,296,0,'2015-06-18 10:17:23','0000-00-00 00:00:00',17),(227,41,298,0,'2015-06-18 10:18:50','0000-00-00 00:00:00',17),(228,41,299,0,'2015-06-18 10:20:59','0000-00-00 00:00:00',17),(229,41,302,0,'2015-06-18 10:22:09','0000-00-00 00:00:00',17),(230,39,303,0,'2015-06-18 10:23:05','0000-00-00 00:00:00',38),(231,41,304,0,'2015-06-18 10:23:42','0000-00-00 00:00:00',17),(232,39,307,0,'2015-06-18 10:26:48','0000-00-00 00:00:00',38),(233,44,349,0,'2015-06-19 11:17:36','0000-00-00 00:00:00',15),(234,44,350,0,'2015-06-19 11:23:21','0000-00-00 00:00:00',15),(235,44,351,0,'2015-06-19 11:27:42','0000-00-00 00:00:00',15),(236,28,286,0,'2015-06-19 14:39:58','0000-00-00 00:00:00',43),(237,28,290,0,'2015-06-19 14:44:37','0000-00-00 00:00:00',43),(238,28,293,0,'2015-06-19 14:45:30','0000-00-00 00:00:00',43),(239,28,297,0,'2015-06-19 14:46:06','0000-00-00 00:00:00',43),(240,28,300,0,'2015-06-19 14:47:49','0000-00-00 00:00:00',43),(241,28,306,0,'2015-06-19 14:49:01','0000-00-00 00:00:00',43),(242,28,308,0,'2015-06-19 14:51:56','0000-00-00 00:00:00',43),(243,29,310,0,'2015-06-19 14:58:25','0000-00-00 00:00:00',43),(244,29,313,0,'2015-06-19 14:58:56','0000-00-00 00:00:00',43),(245,29,315,0,'2015-06-19 15:01:58','0000-00-00 00:00:00',43),(246,29,316,0,'2015-06-19 15:02:35','0000-00-00 00:00:00',43),(247,44,360,0,'2015-06-19 15:53:20','0000-00-00 00:00:00',15),(248,44,361,0,'2015-06-19 16:03:12','0000-00-00 00:00:00',15),(249,44,362,0,'2015-06-19 16:07:36','0000-00-00 00:00:00',15),(250,44,363,0,'2015-06-19 16:14:48','0000-00-00 00:00:00',15),(251,44,364,0,'2015-06-19 16:17:12','0000-00-00 00:00:00',15),(252,44,365,0,'2015-06-19 16:19:12','0000-00-00 00:00:00',15),(253,44,366,0,'2015-06-19 16:21:42','0000-00-00 00:00:00',15),(254,44,367,0,'2015-06-19 16:29:06','0000-00-00 00:00:00',15),(255,44,368,0,'2015-06-19 16:34:06','0000-00-00 00:00:00',15),(256,44,369,0,'2015-06-19 16:38:03','0000-00-00 00:00:00',15),(257,44,370,0,'2015-06-19 16:41:40','0000-00-00 00:00:00',15),(258,45,151,0,'2015-06-19 20:24:10','0000-00-00 00:00:00',15),(259,45,152,0,'2015-06-19 20:24:29','0000-00-00 00:00:00',15),(260,45,153,0,'2015-06-19 20:24:48','0000-00-00 00:00:00',15),(261,45,154,0,'2015-06-19 20:25:15','0000-00-00 00:00:00',15),(262,45,155,0,'2015-06-19 20:25:40','0000-00-00 00:00:00',15),(263,45,156,0,'2015-06-19 20:26:14','0000-00-00 00:00:00',15),(264,45,157,0,'2015-06-19 20:26:43','0000-00-00 00:00:00',15),(265,45,158,0,'2015-06-19 20:27:07','0000-00-00 00:00:00',15),(266,45,159,0,'2015-06-19 20:27:37','0000-00-00 00:00:00',15),(267,45,160,0,'2015-06-19 20:28:10','0000-00-00 00:00:00',15),(268,45,161,0,'2015-06-19 20:28:32','0000-00-00 00:00:00',15),(269,45,162,0,'2015-06-19 20:29:17','0000-00-00 00:00:00',15),(270,11,397,0,'2015-06-22 13:20:23','0000-00-00 00:00:00',15),(271,11,398,0,'2015-06-22 13:22:43','0000-00-00 00:00:00',15),(272,11,399,0,'2015-06-22 13:24:52','0000-00-00 00:00:00',15),(273,15,400,0,'2015-06-22 14:00:33','0000-00-00 00:00:00',40),(274,15,401,0,'2015-06-22 14:04:48','0000-00-00 00:00:00',40),(275,33,402,0,'2015-06-22 14:24:15','0000-00-00 00:00:00',23),(276,33,403,0,'2015-06-22 14:37:15','0000-00-00 00:00:00',23),(277,46,142,0,'2015-06-22 14:38:28','0000-00-00 00:00:00',15),(278,33,404,0,'2015-06-22 14:39:17','0000-00-00 00:00:00',23),(279,46,134,0,'2015-06-22 14:42:08','0000-00-00 00:00:00',15),(280,33,405,0,'2015-06-22 14:42:21','0000-00-00 00:00:00',23),(281,33,406,0,'2015-06-22 14:45:12','0000-00-00 00:00:00',23),(282,46,145,0,'2015-06-22 14:48:16','0000-00-00 00:00:00',15),(283,33,407,0,'2015-06-22 14:49:02','0000-00-00 00:00:00',23),(284,46,129,0,'2015-06-22 14:50:00','0000-00-00 00:00:00',15),(285,46,130,0,'2015-06-22 14:50:40','0000-00-00 00:00:00',15),(286,46,144,0,'2015-06-22 14:50:59','0000-00-00 00:00:00',15),(287,46,128,0,'2015-06-22 14:52:53','0000-00-00 00:00:00',15),(288,33,408,0,'2015-06-22 14:55:41','0000-00-00 00:00:00',23),(289,46,137,0,'2015-06-22 14:56:08','0000-00-00 00:00:00',15),(290,33,409,0,'2015-06-22 15:01:53','0000-00-00 00:00:00',23),(291,33,410,0,'2015-06-22 15:04:00','0000-00-00 00:00:00',23),(292,46,146,0,'2015-06-22 15:06:05','0000-00-00 00:00:00',15),(293,46,147,0,'2015-06-22 15:08:57','0000-00-00 00:00:00',15),(294,33,411,0,'2015-06-22 15:10:13','0000-00-00 00:00:00',23),(295,46,131,0,'2015-06-22 15:10:14','0000-00-00 00:00:00',15),(296,46,138,0,'2015-06-22 15:10:39','0000-00-00 00:00:00',15),(297,33,412,0,'2015-06-22 15:12:33','0000-00-00 00:00:00',23),(298,46,148,0,'2015-06-22 15:13:18','0000-00-00 00:00:00',15),(299,33,413,0,'2015-06-22 15:16:59','0000-00-00 00:00:00',23),(300,33,414,0,'2015-06-22 15:19:33','0000-00-00 00:00:00',23),(301,33,415,0,'2015-06-22 15:22:03','0000-00-00 00:00:00',23),(302,46,149,0,'2015-06-22 15:23:56','0000-00-00 00:00:00',15),(303,33,416,0,'2015-06-22 15:24:22','0000-00-00 00:00:00',23),(304,46,150,0,'2015-06-22 15:24:36','0000-00-00 00:00:00',15),(305,33,417,0,'2015-06-22 15:27:19','0000-00-00 00:00:00',23),(306,46,418,0,'2015-06-22 15:33:34','0000-00-00 00:00:00',15),(307,47,419,0,'2015-06-22 16:27:05','0000-00-00 00:00:00',40),(308,47,420,0,'2015-06-22 16:32:55','0000-00-00 00:00:00',40),(309,47,421,0,'2015-06-22 16:39:25','0000-00-00 00:00:00',40),(310,47,422,0,'2015-06-22 16:42:30','0000-00-00 00:00:00',40),(311,47,423,0,'2015-06-22 16:46:06','0000-00-00 00:00:00',40),(312,47,424,0,'2015-06-22 16:47:44','0000-00-00 00:00:00',40),(313,29,425,0,'2015-06-23 07:39:06','0000-00-00 00:00:00',43),(314,29,426,0,'2015-06-23 08:10:06','0000-00-00 00:00:00',43),(315,29,427,0,'2015-06-23 08:42:15','0000-00-00 00:00:00',43),(316,29,432,0,'2015-06-23 09:01:47','0000-00-00 00:00:00',43),(317,29,206,0,'2015-06-23 09:02:52','0000-00-00 00:00:00',43),(318,29,444,0,'2015-06-23 09:47:50','0000-00-00 00:00:00',43),(319,28,449,0,'2015-06-23 10:07:25','0000-00-00 00:00:00',43),(320,28,450,0,'2015-06-23 10:12:46','0000-00-00 00:00:00',43),(321,28,451,0,'2015-06-23 10:19:17','0000-00-00 00:00:00',43),(322,28,453,0,'2015-06-23 10:26:46','0000-00-00 00:00:00',43),(323,28,456,0,'2015-06-23 10:33:23','0000-00-00 00:00:00',43),(324,28,459,0,'2015-06-23 10:47:52','0000-00-00 00:00:00',43),(325,28,461,0,'2015-06-23 10:53:30','0000-00-00 00:00:00',43),(326,48,477,0,'2015-06-23 12:39:12','0000-00-00 00:00:00',40),(327,48,478,0,'2015-06-23 12:43:51','0000-00-00 00:00:00',40),(328,48,479,0,'2015-06-23 12:50:00','0000-00-00 00:00:00',40),(329,48,480,0,'2015-06-23 12:52:37','0000-00-00 00:00:00',40),(330,48,481,0,'2015-06-23 12:55:34','0000-00-00 00:00:00',40),(331,48,482,0,'2015-06-23 12:58:36','0000-00-00 00:00:00',40),(332,49,483,0,'2015-06-23 14:14:00','0000-00-00 00:00:00',40),(333,49,484,0,'2015-06-23 14:19:33','0000-00-00 00:00:00',40),(334,49,485,0,'2015-06-23 14:21:31','0000-00-00 00:00:00',40),(335,49,486,0,'2015-06-23 14:23:07','0000-00-00 00:00:00',40),(336,50,487,0,'2015-06-23 14:34:24','0000-00-00 00:00:00',23),(337,50,488,0,'2015-06-23 14:36:39','0000-00-00 00:00:00',23),(338,50,489,0,'2015-06-23 14:38:48','0000-00-00 00:00:00',23),(339,42,490,0,'2015-06-23 14:41:03','0000-00-00 00:00:00',17),(340,50,491,0,'2015-06-23 14:45:04','0000-00-00 00:00:00',23),(341,42,492,0,'2015-06-23 14:45:55','0000-00-00 00:00:00',17),(342,50,493,0,'2015-06-23 14:47:12','0000-00-00 00:00:00',23),(343,50,494,0,'2015-06-23 14:50:44','0000-00-00 00:00:00',23),(344,50,495,0,'2015-06-23 14:53:34','0000-00-00 00:00:00',23),(345,42,496,0,'2015-06-23 14:54:10','0000-00-00 00:00:00',17),(346,50,497,0,'2015-06-23 14:56:14','0000-00-00 00:00:00',23),(347,42,498,0,'2015-06-23 14:57:39','0000-00-00 00:00:00',17),(348,50,499,0,'2015-06-23 15:00:07','0000-00-00 00:00:00',23),(349,50,500,0,'2015-06-23 15:01:52','0000-00-00 00:00:00',23),(350,51,501,0,'2015-06-23 15:02:05','0000-00-00 00:00:00',40),(351,50,502,0,'2015-06-23 15:07:09','0000-00-00 00:00:00',23),(352,50,503,0,'2015-06-23 15:18:12','0000-00-00 00:00:00',23),(353,50,504,0,'2015-06-23 15:20:10','0000-00-00 00:00:00',23),(354,50,505,0,'2015-06-23 15:22:28','0000-00-00 00:00:00',23),(355,50,506,0,'2015-06-23 15:26:12','0000-00-00 00:00:00',23),(356,42,507,0,'2015-06-23 15:43:32','0000-00-00 00:00:00',17),(357,42,508,0,'2015-06-23 15:45:22','0000-00-00 00:00:00',17),(358,42,509,0,'2015-06-23 15:47:12','0000-00-00 00:00:00',17),(359,42,510,0,'2015-06-23 15:54:45','0000-00-00 00:00:00',17),(360,42,511,0,'2015-06-23 16:17:56','0000-00-00 00:00:00',17),(361,42,512,0,'2015-06-23 16:20:23','0000-00-00 00:00:00',17),(362,42,513,0,'2015-06-23 16:21:43','0000-00-00 00:00:00',17),(363,42,514,0,'2015-06-23 16:23:13','0000-00-00 00:00:00',17),(364,34,515,0,'2015-06-23 16:23:37','0000-00-00 00:00:00',23),(365,42,516,0,'2015-06-23 16:25:09','0000-00-00 00:00:00',17),(366,34,517,0,'2015-06-23 16:26:45','0000-00-00 00:00:00',23),(367,42,518,0,'2015-06-23 16:27:37','0000-00-00 00:00:00',17),(368,34,519,0,'2015-06-23 16:29:58','0000-00-00 00:00:00',23),(369,42,520,0,'2015-06-23 16:30:29','0000-00-00 00:00:00',17),(370,42,521,0,'2015-06-23 16:35:08','0000-00-00 00:00:00',17),(371,42,522,0,'2015-06-23 16:36:28','0000-00-00 00:00:00',17),(372,34,523,0,'2015-06-23 16:37:16','0000-00-00 00:00:00',23),(373,34,524,0,'2015-06-23 16:40:36','0000-00-00 00:00:00',23),(374,34,525,0,'2015-06-23 16:42:55','0000-00-00 00:00:00',23),(375,34,526,0,'2015-06-23 16:45:39','0000-00-00 00:00:00',23),(376,34,527,0,'2015-06-23 16:49:21','0000-00-00 00:00:00',23),(377,43,528,0,'2015-06-24 08:24:05','0000-00-00 00:00:00',17),(378,43,529,0,'2015-06-24 08:38:40','0000-00-00 00:00:00',17),(379,43,530,0,'2015-06-24 08:40:33','0000-00-00 00:00:00',17),(380,43,531,0,'2015-06-24 08:44:02','0000-00-00 00:00:00',17),(381,43,532,0,'2015-06-24 09:12:53','0000-00-00 00:00:00',17),(382,35,533,0,'2015-06-24 11:13:48','0000-00-00 00:00:00',23),(383,35,534,0,'2015-06-24 11:14:59','0000-00-00 00:00:00',23),(384,35,535,0,'2015-06-24 11:15:43','0000-00-00 00:00:00',23),(385,35,536,0,'2015-06-24 11:16:29','0000-00-00 00:00:00',23),(386,35,537,0,'2015-06-24 11:18:05','0000-00-00 00:00:00',23),(387,35,538,0,'2015-06-24 11:18:40','0000-00-00 00:00:00',23),(388,35,539,0,'2015-06-24 11:19:25','0000-00-00 00:00:00',23),(389,35,540,0,'2015-06-24 11:22:17','0000-00-00 00:00:00',23),(390,35,541,0,'2015-06-24 11:23:08','0000-00-00 00:00:00',23),(391,10,553,0,'2015-06-24 11:26:17','0000-00-00 00:00:00',42),(392,52,465,0,'2015-06-24 11:27:40','0000-00-00 00:00:00',15),(393,10,555,0,'2015-06-24 11:27:51','0000-00-00 00:00:00',42),(394,10,556,0,'2015-06-24 11:29:29','0000-00-00 00:00:00',42),(395,52,466,0,'2015-06-24 11:30:52','0000-00-00 00:00:00',15),(396,52,467,0,'2015-06-24 11:31:18','0000-00-00 00:00:00',15),(397,52,468,0,'2015-06-24 11:31:55','0000-00-00 00:00:00',15),(398,10,558,0,'2015-06-24 11:32:13','0000-00-00 00:00:00',42),(399,52,469,0,'2015-06-24 11:33:05','0000-00-00 00:00:00',15),(400,52,470,0,'2015-06-24 11:33:23','0000-00-00 00:00:00',15),(401,10,560,0,'2015-06-24 11:33:30','0000-00-00 00:00:00',42),(402,52,471,0,'2015-06-24 11:35:08','0000-00-00 00:00:00',15),(403,10,561,0,'2015-06-24 11:35:46','0000-00-00 00:00:00',42),(404,10,562,0,'2015-06-24 11:36:56','0000-00-00 00:00:00',42),(405,52,563,0,'2015-06-24 11:37:39','0000-00-00 00:00:00',15),(406,52,472,0,'2015-06-24 11:38:12','0000-00-00 00:00:00',15),(407,52,475,0,'2015-06-24 11:38:26','0000-00-00 00:00:00',15),(408,10,564,0,'2015-06-24 11:38:31','0000-00-00 00:00:00',42),(409,16,565,0,'2015-06-24 11:38:34','0000-00-00 00:00:00',20),(410,52,566,0,'2015-06-24 11:39:51','0000-00-00 00:00:00',15),(411,52,473,0,'2015-06-24 11:40:12','0000-00-00 00:00:00',15),(412,52,474,0,'2015-06-24 11:40:32','0000-00-00 00:00:00',15),(413,52,476,0,'2015-06-24 11:40:48','0000-00-00 00:00:00',15),(414,10,567,0,'2015-06-24 11:40:54','0000-00-00 00:00:00',42),(415,16,569,0,'2015-06-24 11:47:40','0000-00-00 00:00:00',20),(416,16,572,0,'2015-06-24 11:54:22','0000-00-00 00:00:00',20),(417,16,575,0,'2015-06-24 11:58:47','0000-00-00 00:00:00',20),(418,53,542,0,'2015-06-24 11:59:09','0000-00-00 00:00:00',23),(419,53,543,0,'2015-06-24 11:59:24','0000-00-00 00:00:00',23),(420,53,544,0,'2015-06-24 12:00:11','0000-00-00 00:00:00',23),(421,53,545,0,'2015-06-24 12:00:38','0000-00-00 00:00:00',23),(422,53,546,0,'2015-06-24 12:00:55','0000-00-00 00:00:00',23),(423,53,547,0,'2015-06-24 12:01:14','0000-00-00 00:00:00',23),(424,53,548,0,'2015-06-24 12:01:29','0000-00-00 00:00:00',23),(425,53,549,0,'2015-06-24 12:01:45','0000-00-00 00:00:00',23),(426,53,550,0,'2015-06-24 12:01:57','0000-00-00 00:00:00',23),(427,53,551,0,'2015-06-24 12:02:31','0000-00-00 00:00:00',23),(428,53,552,0,'2015-06-24 12:02:45','0000-00-00 00:00:00',23),(429,53,554,0,'2015-06-24 12:03:01','0000-00-00 00:00:00',23),(430,53,557,0,'2015-06-24 12:03:21','0000-00-00 00:00:00',23),(431,53,559,0,'2015-06-24 12:04:00','0000-00-00 00:00:00',23),(432,16,580,0,'2015-06-24 13:33:01','0000-00-00 00:00:00',20),(433,16,581,0,'2015-06-24 13:37:33','0000-00-00 00:00:00',20),(434,16,582,0,'2015-06-24 13:42:19','0000-00-00 00:00:00',20),(435,16,583,0,'2015-06-24 13:48:22','0000-00-00 00:00:00',20),(436,54,229,0,'2015-06-24 15:44:34','0000-00-00 00:00:00',41),(437,54,584,0,'2015-06-24 15:48:14','0000-00-00 00:00:00',41),(438,54,340,0,'2015-06-24 15:48:35','0000-00-00 00:00:00',41),(439,54,585,0,'2015-06-24 15:52:21','0000-00-00 00:00:00',41),(440,54,338,0,'2015-06-24 16:05:20','0000-00-00 00:00:00',41),(441,54,345,0,'2015-06-24 16:05:58','0000-00-00 00:00:00',41),(442,54,586,0,'2015-06-24 16:10:29','0000-00-00 00:00:00',41),(443,54,231,0,'2015-06-24 16:10:53','0000-00-00 00:00:00',41),(444,54,587,0,'2015-06-24 16:13:48','0000-00-00 00:00:00',41),(445,54,588,0,'2015-06-24 16:17:35','0000-00-00 00:00:00',41),(446,56,589,0,'2015-06-24 16:44:53','0000-00-00 00:00:00',41),(447,48,590,0,'2015-06-25 08:46:51','0000-00-00 00:00:00',40),(448,48,591,0,'2015-06-25 08:49:12','0000-00-00 00:00:00',40),(449,43,596,0,'2015-06-25 10:58:55','0000-00-00 00:00:00',17),(450,43,598,0,'2015-06-25 11:00:40','0000-00-00 00:00:00',17),(451,43,600,0,'2015-06-25 11:02:05','0000-00-00 00:00:00',17),(452,43,605,0,'2015-06-25 11:15:32','0000-00-00 00:00:00',17),(453,43,606,0,'2015-06-25 11:19:03','0000-00-00 00:00:00',17),(454,43,607,0,'2015-06-25 11:20:59','0000-00-00 00:00:00',17),(455,43,608,0,'2015-06-25 11:22:51','0000-00-00 00:00:00',17),(456,43,609,0,'2015-06-25 11:24:19','0000-00-00 00:00:00',17),(457,43,610,0,'2015-06-25 11:26:05','0000-00-00 00:00:00',17),(458,43,611,0,'2015-06-25 11:27:17','0000-00-00 00:00:00',17),(459,43,612,0,'2015-06-25 11:28:55','0000-00-00 00:00:00',17),(460,43,613,0,'2015-06-25 11:30:39','0000-00-00 00:00:00',17),(461,43,614,0,'2015-06-25 11:32:34','0000-00-00 00:00:00',17),(462,43,615,0,'2015-06-25 11:34:25','0000-00-00 00:00:00',17),(463,43,616,0,'2015-06-25 11:37:23','0000-00-00 00:00:00',17),(464,43,617,0,'2015-06-25 11:39:35','0000-00-00 00:00:00',17),(465,56,618,0,'2015-06-25 11:55:49','0000-00-00 00:00:00',41),(466,56,233,0,'2015-06-25 11:58:16','0000-00-00 00:00:00',41),(467,56,619,0,'2015-06-25 12:02:17','0000-00-00 00:00:00',41),(468,56,249,0,'2015-06-25 12:04:36','0000-00-00 00:00:00',41),(469,56,620,0,'2015-06-25 12:08:02','0000-00-00 00:00:00',41),(470,56,621,0,'2015-06-25 13:44:14','0000-00-00 00:00:00',41),(471,56,252,0,'2015-06-25 13:46:27','0000-00-00 00:00:00',41),(472,43,622,0,'2015-06-25 13:47:27','0000-00-00 00:00:00',17),(473,43,623,0,'2015-06-25 13:48:58','0000-00-00 00:00:00',17),(474,43,624,0,'2015-06-25 13:50:08','0000-00-00 00:00:00',17),(475,56,625,0,'2015-06-25 13:50:26','0000-00-00 00:00:00',41),(476,56,341,0,'2015-06-25 13:51:22','0000-00-00 00:00:00',41),(477,43,626,0,'2015-06-25 13:51:25','0000-00-00 00:00:00',17),(478,43,627,0,'2015-06-25 13:53:02','0000-00-00 00:00:00',17),(479,56,246,0,'2015-06-25 13:53:03','0000-00-00 00:00:00',41),(480,56,256,0,'2015-06-25 13:53:52','0000-00-00 00:00:00',41),(481,42,628,0,'2015-06-25 13:59:56','0000-00-00 00:00:00',17),(482,42,629,0,'2015-06-25 14:01:21','0000-00-00 00:00:00',17),(483,42,630,0,'2015-06-25 14:03:01','0000-00-00 00:00:00',17),(484,42,631,0,'2015-06-25 14:03:48','0000-00-00 00:00:00',17),(485,42,632,0,'2015-06-25 14:04:39','0000-00-00 00:00:00',17),(486,58,258,0,'2015-06-25 16:18:39','0000-00-00 00:00:00',41),(487,58,259,0,'2015-06-25 16:19:54','0000-00-00 00:00:00',41),(488,58,261,0,'2015-06-25 16:20:44','0000-00-00 00:00:00',41),(489,58,262,0,'2015-06-25 16:21:14','0000-00-00 00:00:00',41),(490,58,633,0,'2015-06-25 16:24:58','0000-00-00 00:00:00',41),(491,58,342,0,'2015-06-25 16:26:17','0000-00-00 00:00:00',41),(492,58,264,0,'2015-06-25 16:26:40','0000-00-00 00:00:00',41),(493,58,343,0,'2015-06-25 16:27:06','0000-00-00 00:00:00',41),(494,58,634,0,'2015-06-25 16:29:37','0000-00-00 00:00:00',41),(495,58,266,0,'2015-06-25 16:30:07','0000-00-00 00:00:00',41),(496,58,635,0,'2015-06-25 16:57:26','0000-00-00 00:00:00',41),(497,59,636,0,'2015-06-25 17:21:33','0000-00-00 00:00:00',41),(498,59,637,0,'2015-06-25 17:27:38','0000-00-00 00:00:00',41),(499,59,638,0,'2015-06-25 17:33:35','0000-00-00 00:00:00',41),(500,59,639,0,'2015-06-25 17:36:51','0000-00-00 00:00:00',41),(501,59,640,0,'2015-06-25 17:38:53','0000-00-00 00:00:00',41),(502,59,641,0,'2015-06-25 17:42:28','0000-00-00 00:00:00',41),(503,59,642,0,'2015-06-25 17:44:46','0000-00-00 00:00:00',41),(504,60,643,0,'2015-06-26 08:18:45','0000-00-00 00:00:00',23),(505,60,644,0,'2015-06-26 08:21:59','0000-00-00 00:00:00',23),(506,60,645,0,'2015-06-26 08:28:35','0000-00-00 00:00:00',23),(507,60,646,0,'2015-06-26 08:34:05','0000-00-00 00:00:00',23),(508,60,647,0,'2015-06-26 08:37:16','0000-00-00 00:00:00',23),(509,60,648,0,'2015-06-26 08:39:38','0000-00-00 00:00:00',23),(510,61,649,0,'2015-06-26 09:00:49','0000-00-00 00:00:00',23),(511,61,650,0,'2015-06-26 09:05:36','0000-00-00 00:00:00',23),(512,61,652,0,'2015-06-26 09:10:08','0000-00-00 00:00:00',23),(513,61,653,0,'2015-06-26 09:12:42','0000-00-00 00:00:00',23),(514,61,656,0,'2015-06-26 09:19:43','0000-00-00 00:00:00',23),(515,61,658,0,'2015-06-26 09:22:21','0000-00-00 00:00:00',23),(516,61,659,0,'2015-06-26 09:24:57','0000-00-00 00:00:00',23),(517,61,661,0,'2015-06-26 09:27:12','0000-00-00 00:00:00',23),(518,61,662,0,'2015-06-26 09:30:42','0000-00-00 00:00:00',23),(519,61,663,0,'2015-06-26 09:33:06','0000-00-00 00:00:00',23),(520,62,288,0,'2015-06-26 09:36:17','0000-00-00 00:00:00',24),(521,62,291,0,'2015-06-26 09:36:44','0000-00-00 00:00:00',24),(522,62,330,0,'2015-06-26 09:37:16','0000-00-00 00:00:00',24),(523,62,292,0,'2015-06-26 09:37:48','0000-00-00 00:00:00',24),(524,62,346,0,'2015-06-26 09:38:07','0000-00-00 00:00:00',24),(525,62,664,0,'2015-06-26 09:43:22','0000-00-00 00:00:00',24),(526,62,665,0,'2015-06-26 09:47:05','0000-00-00 00:00:00',24),(527,62,301,0,'2015-06-26 09:47:44','0000-00-00 00:00:00',24),(528,62,305,0,'2015-06-26 09:48:36','0000-00-00 00:00:00',24),(529,62,666,0,'2015-06-26 10:06:24','0000-00-00 00:00:00',24),(530,62,309,0,'2015-06-26 10:07:04','0000-00-00 00:00:00',24),(531,62,311,0,'2015-06-26 10:10:40','0000-00-00 00:00:00',24),(532,62,312,0,'2015-06-26 10:11:08','0000-00-00 00:00:00',24),(533,62,314,0,'2015-06-26 10:12:07','0000-00-00 00:00:00',24),(534,62,667,0,'2015-06-26 10:14:46','0000-00-00 00:00:00',24),(535,62,668,0,'2015-06-26 10:16:09','0000-00-00 00:00:00',24),(536,62,333,0,'2015-06-26 10:17:31','0000-00-00 00:00:00',24),(537,62,317,0,'2015-06-26 10:18:12','0000-00-00 00:00:00',24),(538,62,318,0,'2015-06-26 10:18:51','0000-00-00 00:00:00',24),(540,63,319,0,'2015-06-26 11:52:42','0000-00-00 00:00:00',24),(541,63,347,0,'2015-06-26 11:52:58','0000-00-00 00:00:00',24),(542,63,320,0,'2015-06-26 11:53:11','0000-00-00 00:00:00',24),(543,63,321,0,'2015-06-26 11:53:31','0000-00-00 00:00:00',24),(544,63,322,0,'2015-06-26 11:55:01','0000-00-00 00:00:00',24),(545,63,323,0,'2015-06-26 11:55:20','0000-00-00 00:00:00',24),(546,63,324,0,'2015-06-26 11:55:42','0000-00-00 00:00:00',24),(547,63,325,0,'2015-06-26 11:56:00','0000-00-00 00:00:00',24),(548,63,348,0,'2015-06-26 11:56:13','0000-00-00 00:00:00',24),(549,63,327,0,'2015-06-26 11:56:30','0000-00-00 00:00:00',24),(550,63,328,0,'2015-06-26 11:57:13','0000-00-00 00:00:00',24),(551,63,352,0,'2015-06-26 11:57:30','0000-00-00 00:00:00',24),(552,63,353,0,'2015-06-26 11:57:48','0000-00-00 00:00:00',24),(553,30,288,0,'2015-06-26 11:57:54','0000-00-00 00:00:00',23),(554,30,291,0,'2015-06-26 11:58:14','0000-00-00 00:00:00',23),(555,30,330,0,'2015-06-26 11:58:37','0000-00-00 00:00:00',23),(556,30,292,0,'2015-06-26 11:58:54','0000-00-00 00:00:00',23),(557,30,346,0,'2015-06-26 11:59:14','0000-00-00 00:00:00',23),(558,30,665,0,'2015-06-26 11:59:37','0000-00-00 00:00:00',23),(559,30,301,0,'2015-06-26 11:59:58','0000-00-00 00:00:00',23),(560,30,305,0,'2015-06-26 12:00:40','0000-00-00 00:00:00',23),(561,30,309,0,'2015-06-26 12:01:04','0000-00-00 00:00:00',23),(562,30,311,0,'2015-06-26 12:01:27','0000-00-00 00:00:00',23),(563,30,312,0,'2015-06-26 12:01:45','0000-00-00 00:00:00',23),(564,30,314,0,'2015-06-26 12:02:05','0000-00-00 00:00:00',23),(565,30,666,0,'2015-06-26 12:02:33','0000-00-00 00:00:00',23),(566,30,668,0,'2015-06-26 12:02:49','0000-00-00 00:00:00',23),(567,30,333,0,'2015-06-26 12:03:07','0000-00-00 00:00:00',23),(568,30,317,0,'2015-06-26 12:03:34','0000-00-00 00:00:00',23),(569,30,318,0,'2015-06-26 12:03:53','0000-00-00 00:00:00',23),(570,15,684,0,'2015-06-26 12:14:13','0000-00-00 00:00:00',40),(571,15,685,0,'2015-06-26 12:16:23','0000-00-00 00:00:00',40),(572,64,692,0,'2015-06-26 15:05:29','0000-00-00 00:00:00',42),(573,64,693,0,'2015-06-26 15:09:37','0000-00-00 00:00:00',42),(574,64,694,0,'2015-06-26 15:11:49','0000-00-00 00:00:00',42),(575,64,695,0,'2015-06-26 15:14:17','0000-00-00 00:00:00',42),(576,64,696,0,'2015-06-26 15:17:25','0000-00-00 00:00:00',42),(577,55,697,0,'2015-06-28 21:56:55','0000-00-00 00:00:00',20),(578,55,698,0,'2015-06-28 22:00:03','0000-00-00 00:00:00',20),(579,55,699,0,'2015-06-28 22:03:48','0000-00-00 00:00:00',20),(580,55,700,0,'2015-06-28 22:08:38','0000-00-00 00:00:00',20),(581,55,701,0,'2015-06-28 22:13:58','0000-00-00 00:00:00',20),(582,55,702,0,'2015-06-28 22:16:28','0000-00-00 00:00:00',20),(583,57,703,0,'2015-06-29 21:40:42','0000-00-00 00:00:00',20),(584,57,704,0,'2015-06-29 21:46:29','0000-00-00 00:00:00',20),(585,57,705,0,'2015-06-29 21:55:18','0000-00-00 00:00:00',20),(589,68,735,0,'2015-06-30 17:15:33','0000-00-00 00:00:00',24),(590,68,736,0,'2015-06-30 17:16:03','0000-00-00 00:00:00',24),(591,68,737,0,'2015-06-30 17:16:40','0000-00-00 00:00:00',24),(592,68,738,0,'2015-06-30 17:17:07','0000-00-00 00:00:00',24),(593,68,739,0,'2015-06-30 17:17:38','0000-00-00 00:00:00',24),(594,70,740,0,'2015-06-30 17:35:32','0000-00-00 00:00:00',24),(595,70,741,0,'2015-06-30 17:37:10','0000-00-00 00:00:00',24),(596,71,742,0,'2015-06-30 20:34:45','0000-00-00 00:00:00',24),(597,71,743,0,'2015-06-30 20:36:17','0000-00-00 00:00:00',24),(598,71,744,0,'2015-06-30 20:39:32','0000-00-00 00:00:00',24),(599,71,745,0,'2015-06-30 20:40:44','0000-00-00 00:00:00',24),(600,72,746,0,'2015-06-30 21:01:08','0000-00-00 00:00:00',24),(601,72,747,0,'2015-06-30 21:02:32','0000-00-00 00:00:00',24),(602,72,748,0,'2015-06-30 21:03:42','0000-00-00 00:00:00',24),(603,72,749,0,'2015-06-30 21:05:09','0000-00-00 00:00:00',24),(604,73,750,0,'2015-06-30 21:31:54','0000-00-00 00:00:00',24),(605,73,436,0,'2015-06-30 21:32:19','0000-00-00 00:00:00',24),(606,73,751,0,'2015-06-30 21:38:52','0000-00-00 00:00:00',24),(607,73,752,0,'2015-06-30 21:40:42','0000-00-00 00:00:00',24),(608,57,753,0,'2015-06-30 22:54:30','0000-00-00 00:00:00',20),(609,57,754,0,'2015-06-30 22:58:30','0000-00-00 00:00:00',20),(610,57,755,0,'2015-06-30 23:02:38','0000-00-00 00:00:00',20),(611,57,756,0,'2015-06-30 23:07:31','0000-00-00 00:00:00',20),(612,57,757,0,'2015-06-30 23:09:58','0000-00-00 00:00:00',20),(613,57,758,0,'2015-06-30 23:16:16','0000-00-00 00:00:00',20),(614,66,238,0,'2015-07-01 07:15:18','0000-00-00 00:00:00',43),(615,66,230,0,'2015-07-01 07:16:09','0000-00-00 00:00:00',43),(616,66,255,0,'2015-07-01 07:17:11','0000-00-00 00:00:00',43),(617,66,260,0,'2015-07-01 07:17:37','0000-00-00 00:00:00',43),(618,66,216,0,'2015-07-01 07:20:58','0000-00-00 00:00:00',43),(619,66,224,0,'2015-07-01 07:21:18','0000-00-00 00:00:00',43),(620,74,215,0,'2015-07-01 08:01:46','0000-00-00 00:00:00',46),(621,67,732,0,'2015-07-01 08:11:25','0000-00-00 00:00:00',23),(622,67,733,0,'2015-07-01 08:11:54','0000-00-00 00:00:00',23),(624,75,651,0,'2015-07-01 08:13:16','0000-00-00 00:00:00',10),(625,75,654,0,'2015-07-01 08:14:16','0000-00-00 00:00:00',10),(626,74,217,0,'2015-07-01 08:22:59','0000-00-00 00:00:00',46),(627,38,568,0,'2015-07-01 08:25:39','0000-00-00 00:00:00',43),(628,38,570,0,'2015-07-01 08:26:02','0000-00-00 00:00:00',43),(629,38,571,0,'2015-07-01 08:26:30','0000-00-00 00:00:00',43),(630,38,573,0,'2015-07-01 08:27:18','0000-00-00 00:00:00',43),(631,38,574,0,'2015-07-01 08:27:50','0000-00-00 00:00:00',43),(632,74,759,0,'2015-07-01 08:29:23','0000-00-00 00:00:00',46),(633,38,576,0,'2015-07-01 08:29:27','0000-00-00 00:00:00',43),(634,38,577,0,'2015-07-01 08:30:13','0000-00-00 00:00:00',43),(635,38,578,0,'2015-07-01 08:31:16','0000-00-00 00:00:00',43),(636,38,579,0,'2015-07-01 08:31:52','0000-00-00 00:00:00',43),(637,74,218,0,'2015-07-01 08:33:29','0000-00-00 00:00:00',46),(638,38,760,0,'2015-07-01 08:34:25','0000-00-00 00:00:00',43),(639,74,219,0,'2015-07-01 08:34:44','0000-00-00 00:00:00',46),(640,74,761,0,'2015-07-01 08:37:03','0000-00-00 00:00:00',46),(641,38,762,0,'2015-07-01 08:37:39','0000-00-00 00:00:00',43),(643,75,765,0,'2015-07-01 08:44:38','0000-00-00 00:00:00',10),(644,75,717,0,'2015-07-01 08:45:41','0000-00-00 00:00:00',10),(645,74,222,0,'2015-07-01 08:45:51','0000-00-00 00:00:00',46),(646,75,655,0,'2015-07-01 08:46:02','0000-00-00 00:00:00',10),(647,75,657,0,'2015-07-01 08:46:15','0000-00-00 00:00:00',10),(648,75,660,0,'2015-07-01 08:46:32','0000-00-00 00:00:00',10),(649,75,669,0,'2015-07-01 08:46:50','0000-00-00 00:00:00',10),(650,74,766,0,'2015-07-01 08:48:04','0000-00-00 00:00:00',46),(651,74,337,0,'2015-07-01 08:48:25','0000-00-00 00:00:00',46),(652,75,767,0,'2015-07-01 08:48:37','0000-00-00 00:00:00',10),(653,65,764,0,'2015-07-01 08:51:26','0000-00-00 00:00:00',15),(654,65,768,0,'2015-07-01 08:51:55','0000-00-00 00:00:00',15),(655,65,770,0,'2015-07-01 08:54:39','0000-00-00 00:00:00',15),(656,65,769,0,'2015-07-01 08:54:56','0000-00-00 00:00:00',15),(659,65,773,0,'2015-07-01 08:58:10','0000-00-00 00:00:00',15),(660,74,344,0,'2015-07-01 08:58:17','0000-00-00 00:00:00',46),(661,67,734,0,'2015-07-01 08:58:29','0000-00-00 00:00:00',23),(662,65,772,0,'2015-07-01 08:58:38','0000-00-00 00:00:00',15),(663,75,774,0,'2015-07-01 08:59:03','0000-00-00 00:00:00',10),(664,69,776,0,'2015-07-01 09:00:31','0000-00-00 00:00:00',17),(665,65,777,0,'2015-07-01 09:00:54','0000-00-00 00:00:00',15),(666,65,775,0,'2015-07-01 09:01:05','0000-00-00 00:00:00',15),(667,74,223,0,'2015-07-01 09:01:26','0000-00-00 00:00:00',46),(668,75,779,0,'2015-07-01 09:02:13','0000-00-00 00:00:00',10),(669,65,781,0,'2015-07-01 09:04:28','0000-00-00 00:00:00',15),(670,65,778,0,'2015-07-01 09:04:57','0000-00-00 00:00:00',15),(671,65,780,0,'2015-07-01 09:05:10','0000-00-00 00:00:00',15),(672,69,782,0,'2015-07-01 09:05:54','0000-00-00 00:00:00',17),(673,65,784,0,'2015-07-01 09:08:04','0000-00-00 00:00:00',15),(674,65,783,0,'2015-07-01 09:08:28','0000-00-00 00:00:00',15),(675,74,339,0,'2015-07-01 09:09:43','0000-00-00 00:00:00',46),(676,65,786,0,'2015-07-01 09:10:16','0000-00-00 00:00:00',15),(677,65,785,0,'2015-07-01 09:10:36','0000-00-00 00:00:00',15),(678,66,220,0,'2015-07-01 09:11:45','0000-00-00 00:00:00',43),(679,66,267,0,'2015-07-01 09:12:07','0000-00-00 00:00:00',43),(680,69,787,0,'2015-07-01 09:14:28','0000-00-00 00:00:00',17),(681,74,788,0,'2015-07-01 09:16:31','0000-00-00 00:00:00',46),(682,74,225,0,'2015-07-01 09:17:08','0000-00-00 00:00:00',46),(683,69,789,0,'2015-07-01 09:22:16','0000-00-00 00:00:00',17),(685,73,791,0,'2015-07-01 09:33:58','0000-00-00 00:00:00',24),(686,73,792,0,'2015-07-01 09:36:09','0000-00-00 00:00:00',24),(687,76,670,0,'2015-07-01 09:40:08','0000-00-00 00:00:00',10),(689,76,794,0,'2015-07-01 09:42:39','0000-00-00 00:00:00',10),(690,76,671,0,'2015-07-01 09:42:58','0000-00-00 00:00:00',10),(691,76,795,0,'2015-07-01 09:46:06','0000-00-00 00:00:00',10),(692,76,672,0,'2015-07-01 09:46:53','0000-00-00 00:00:00',10),(693,76,673,0,'2015-07-01 09:47:12','0000-00-00 00:00:00',10),(694,76,796,0,'2015-07-01 09:49:56','0000-00-00 00:00:00',10),(695,76,674,0,'2015-07-01 09:50:18','0000-00-00 00:00:00',10),(696,76,797,0,'2015-07-01 09:52:25','0000-00-00 00:00:00',10),(697,76,675,0,'2015-07-01 09:52:39','0000-00-00 00:00:00',10),(698,76,798,0,'2015-07-01 09:54:07','0000-00-00 00:00:00',10),(699,76,799,0,'2015-07-01 09:55:37','0000-00-00 00:00:00',10),(700,76,676,0,'2015-07-01 09:55:50','0000-00-00 00:00:00',10),(701,76,677,0,'2015-07-01 09:56:02','0000-00-00 00:00:00',10),(702,76,678,0,'2015-07-01 09:56:16','0000-00-00 00:00:00',10),(703,76,679,0,'2015-07-01 09:56:44','0000-00-00 00:00:00',10),(704,76,680,0,'2015-07-01 09:57:08','0000-00-00 00:00:00',10),(705,77,681,0,'2015-07-01 09:59:25','0000-00-00 00:00:00',10),(706,77,800,0,'2015-07-01 10:01:08','0000-00-00 00:00:00',10),(707,77,801,0,'2015-07-01 10:03:42','0000-00-00 00:00:00',10),(708,77,802,0,'2015-07-01 10:05:01','0000-00-00 00:00:00',10),(709,77,682,0,'2015-07-01 10:05:15','0000-00-00 00:00:00',10),(710,77,683,0,'2015-07-01 10:05:26','0000-00-00 00:00:00',10),(711,77,686,0,'2015-07-01 10:05:38','0000-00-00 00:00:00',10),(713,77,804,0,'2015-07-01 10:07:23','0000-00-00 00:00:00',10),(714,77,708,0,'2015-07-01 10:07:38','0000-00-00 00:00:00',10),(715,77,805,0,'2015-07-01 10:08:57','0000-00-00 00:00:00',10),(716,77,687,0,'2015-07-01 10:09:37','0000-00-00 00:00:00',10),(717,77,709,0,'2015-07-01 10:09:47','0000-00-00 00:00:00',10),(718,77,710,0,'2015-07-01 10:09:59','0000-00-00 00:00:00',10),(719,77,688,0,'2015-07-01 10:10:11','0000-00-00 00:00:00',10),(720,77,711,0,'2015-07-01 10:10:24','0000-00-00 00:00:00',10),(721,77,689,0,'2015-07-01 10:10:35','0000-00-00 00:00:00',10),(722,77,690,0,'2015-07-01 10:10:49','0000-00-00 00:00:00',10),(723,77,691,0,'2015-07-01 10:11:02','0000-00-00 00:00:00',10),(724,7,806,0,'2015-07-01 10:20:43','0000-00-00 00:00:00',38),(725,7,807,0,'2015-07-01 10:26:21','0000-00-00 00:00:00',38),(726,78,808,0,'2015-07-06 14:32:05','0000-00-00 00:00:00',24),(727,78,809,0,'2015-07-06 14:34:55','0000-00-00 00:00:00',24),(728,78,810,0,'2015-07-06 14:36:45','0000-00-00 00:00:00',24),(729,78,811,0,'2015-07-06 14:40:55','0000-00-00 00:00:00',24),(730,78,812,0,'2015-07-06 14:42:40','0000-00-00 00:00:00',24),(731,78,813,0,'2015-07-06 14:48:38','0000-00-00 00:00:00',24),(732,78,814,0,'2015-07-06 14:51:12','0000-00-00 00:00:00',24),(733,78,815,0,'2015-07-06 14:53:01','0000-00-00 00:00:00',24),(734,78,816,0,'2015-07-06 14:54:38','0000-00-00 00:00:00',24),(735,78,817,0,'2015-07-06 15:01:59','0000-00-00 00:00:00',24),(736,78,818,0,'2015-07-06 15:28:31','0000-00-00 00:00:00',24),(737,78,819,0,'2015-07-06 15:38:28','0000-00-00 00:00:00',24),(738,78,820,0,'2015-07-06 15:40:03','0000-00-00 00:00:00',24),(739,78,821,0,'2015-07-06 15:42:32','0000-00-00 00:00:00',24),(740,78,822,0,'2015-07-06 15:43:58','0000-00-00 00:00:00',24),(741,78,823,0,'2015-07-06 15:47:14','0000-00-00 00:00:00',24),(742,78,824,0,'2015-07-06 15:48:40','0000-00-00 00:00:00',24),(743,78,825,0,'2015-07-06 15:50:53','0000-00-00 00:00:00',24),(744,78,826,0,'2015-07-06 15:52:30','0000-00-00 00:00:00',24),(745,78,827,0,'2015-07-06 15:54:36','0000-00-00 00:00:00',24),(746,78,828,0,'2015-07-06 15:56:49','0000-00-00 00:00:00',24),(747,78,829,0,'2015-07-06 15:58:19','0000-00-00 00:00:00',24),(748,78,830,0,'2015-07-06 15:59:58','0000-00-00 00:00:00',24),(749,78,831,0,'2015-07-06 16:01:37','0000-00-00 00:00:00',24),(750,78,832,0,'2015-07-06 16:03:24','0000-00-00 00:00:00',24),(751,80,833,0,'2015-07-08 15:09:24','0000-00-00 00:00:00',38),(752,80,834,0,'2015-07-08 15:15:13','0000-00-00 00:00:00',38),(753,80,835,0,'2015-07-08 15:17:56','0000-00-00 00:00:00',38),(754,80,836,0,'2015-07-08 15:23:32','0000-00-00 00:00:00',38),(755,80,837,0,'2015-07-08 15:27:10','0000-00-00 00:00:00',38),(756,80,838,0,'2015-07-08 15:33:16','0000-00-00 00:00:00',38),(757,81,839,0,'2015-07-08 16:57:31','0000-00-00 00:00:00',15),(758,81,840,0,'2015-07-08 17:00:13','0000-00-00 00:00:00',15),(759,81,841,0,'2015-07-08 17:13:04','0000-00-00 00:00:00',15),(760,81,842,0,'2015-07-09 08:33:42','0000-00-00 00:00:00',15),(761,81,843,0,'2015-07-09 08:51:22','0000-00-00 00:00:00',15),(762,82,844,0,'2015-07-11 10:35:32','0000-00-00 00:00:00',38),(763,82,845,0,'2015-07-11 10:40:23','0000-00-00 00:00:00',38),(764,82,846,0,'2015-07-11 10:43:38','0000-00-00 00:00:00',38),(765,82,847,0,'2015-07-11 10:46:37','0000-00-00 00:00:00',38),(766,82,848,0,'2015-07-11 10:55:19','0000-00-00 00:00:00',38),(767,82,849,0,'2015-07-11 11:00:04','0000-00-00 00:00:00',38),(768,82,850,0,'2015-07-11 11:44:12','0000-00-00 00:00:00',38),(769,82,851,0,'2015-07-11 12:17:20','0000-00-00 00:00:00',38),(770,82,852,0,'2015-07-11 12:20:27','0000-00-00 00:00:00',38);
/*!40000 ALTER TABLE `per_participants_training` ENABLE KEYS */;
UNLOCK TABLES;

--
-- Table structure for table `per_participants_training_session`
--

DROP TABLE IF EXISTS `per_participants_training_session`;
/*!40101 SET @saved_cs_client     = @@character_set_client */;
/*!40101 SET character_set_client = utf8 */;
CREATE TABLE `per_participants_training_session` (
  `id` int(11) NOT NULL AUTO_INCREMENT,
  `participants_training_id` int(11) NOT NULL,
  `session_id` int(11) NOT NULL,
  PRIMARY KEY (`id`),
  UNIQUE KEY `participants_training_id` (`participants_training_id`,`session_id`),
  KEY `per_participants_training_id` (`participants_training_id`),
  KEY `session_id` (`session_id`),
  CONSTRAINT `per_participants_training_session_ibfk_1` FOREIGN KEY (`session_id`) REFERENCES `tra_session` (`id`) ON UPDATE CASCADE,
  CONSTRAINT `per_participants_training_session_ibfk_2` FOREIGN KEY (`participants_training_id`) REFERENCES `per_participants_training` (`id`) ON UPDATE CASCADE
) ENGINE=InnoDB AUTO_INCREMENT=2361 DEFAULT CHARSET=latin1;
/*!40101 SET character_set_client = @saved_cs_client */;

--
-- Dumping data for table `per_participants_training_session`
--

LOCK TABLES `per_participants_training_session` WRITE;
/*!40000 ALTER TABLE `per_participants_training_session` DISABLE KEYS */;
INSERT INTO `per_participants_training_session` VALUES (2238,8,261),(2284,8,262),(2323,8,264),(2239,9,261),(2285,9,262),(2324,9,264),(2240,10,261),(2286,10,262),(2241,11,261),(2287,11,262),(2325,11,264),(2242,12,261),(2288,12,262),(2243,13,261),(2289,13,262),(2326,13,264),(2244,14,261),(2290,14,262),(2245,15,261),(2291,15,262),(2327,15,264),(2246,16,261),(2247,17,261),(2248,18,261),(2292,18,262),(2328,18,264),(2249,19,261),(2293,19,262),(2250,20,261),(2294,20,262),(2251,21,261),(2295,21,262),(2329,21,264),(2252,22,261),(2296,22,262),(2330,22,264),(2253,23,261),(2254,24,261),(2297,24,262),(2255,25,261),(2298,25,262),(2256,26,261),(2299,26,262),(2331,26,264),(2257,27,261),(2300,27,262),(2258,28,261),(2301,28,262),(2259,29,261),(2302,29,262),(168,30,18),(211,30,35),(1642,30,184),(1652,30,185),(2359,30,265),(169,31,18),(204,31,35),(1637,31,184),(1645,31,185),(2354,31,265),(170,32,18),(212,32,35),(1643,32,184),(1653,32,185),(171,33,18),(205,33,35),(1646,33,185),(172,34,18),(206,34,35),(1638,34,184),(1647,34,185),(173,35,18),(207,35,35),(1639,35,184),(1648,35,185),(2355,35,265),(174,36,18),(208,36,35),(1640,36,184),(1649,36,185),(2356,36,265),(175,37,18),(213,37,35),(1644,37,184),(2360,37,265),(176,38,18),(209,38,35),(1650,38,185),(2357,38,265),(177,39,18),(210,39,35),(1641,39,184),(1651,39,185),(2358,39,265),(2207,40,258),(2208,42,258),(2209,43,258),(2210,44,258),(10,46,3),(21,46,4),(32,46,5),(43,46,6),(62,46,7),(71,46,8),(89,46,10),(99,46,11),(107,46,12),(118,46,13),(129,46,14),(140,46,15),(149,46,16),(11,47,3),(22,47,4),(33,47,5),(44,47,6),(63,47,7),(72,47,8),(80,47,9),(90,47,10),(108,47,12),(119,47,13),(130,47,14),(150,47,16),(12,48,3),(23,48,4),(34,48,5),(45,48,6),(73,48,8),(81,48,9),(91,48,10),(100,48,11),(109,48,12),(120,48,13),(131,48,14),(141,48,15),(151,48,16),(13,49,3),(24,49,4),(35,49,5),(46,49,6),(64,49,7),(74,49,8),(82,49,9),(92,49,10),(101,49,11),(110,49,12),(121,49,13),(132,49,14),(142,49,15),(152,49,16),(14,50,3),(25,50,4),(36,50,5),(47,50,6),(65,50,7),(75,50,8),(83,50,9),(93,50,10),(102,50,11),(111,50,12),(122,50,13),(133,50,14),(143,50,15),(153,50,16),(6,51,3),(17,51,4),(28,51,5),(39,51,6),(59,51,7),(67,51,8),(77,51,9),(114,51,13),(125,51,14),(136,51,15),(145,51,16),(15,52,3),(26,52,4),(37,52,5),(48,52,6),(66,52,7),(76,52,8),(84,52,9),(94,52,10),(112,52,12),(123,52,13),(134,52,14),(144,52,15),(154,52,16),(7,53,3),(18,53,4),(29,53,5),(40,53,6),(60,53,7),(68,53,8),(78,53,9),(86,53,10),(96,53,11),(104,53,12),(115,53,13),(126,53,14),(137,53,15),(146,53,16),(8,54,3),(19,54,4),(30,54,5),(41,54,6),(69,54,8),(79,54,9),(87,54,10),(97,54,11),(105,54,12),(116,54,13),(127,54,14),(138,54,15),(147,54,16),(9,55,3),(20,55,4),(31,55,5),(42,55,6),(61,55,7),(70,55,8),(88,55,10),(98,55,11),(106,55,12),(117,55,13),(128,55,14),(139,55,15),(148,55,16),(16,56,3),(27,56,4),(38,56,5),(49,56,6),(85,56,9),(95,56,10),(103,56,11),(113,56,12),(124,56,13),(135,56,14),(155,56,16),(156,57,17),(2260,58,261),(2303,58,262),(2332,58,264),(2261,59,261),(2304,59,262),(2333,59,264),(2262,60,261),(2305,60,262),(2334,60,264),(2263,61,261),(2306,61,262),(2335,61,264),(2264,62,261),(2307,62,262),(2336,62,264),(2265,63,261),(2308,63,262),(2337,63,264),(2266,64,261),(2309,64,262),(2338,64,264),(2267,65,261),(2310,65,262),(2339,65,264),(2268,66,261),(2311,66,262),(2340,66,264),(2269,67,261),(2341,67,264),(2270,68,261),(2342,68,264),(2271,69,261),(2343,69,264),(2272,70,261),(2344,70,264),(2273,71,261),(2312,71,262),(2345,71,264),(2274,72,261),(2313,72,262),(2346,72,264),(2275,73,261),(2314,73,262),(2347,73,264),(2276,74,261),(2315,74,262),(2348,74,264),(2277,75,261),(2316,75,262),(2349,75,264),(2278,76,261),(2317,76,262),(2279,77,261),(2318,77,262),(2280,78,261),(2319,78,262),(2350,78,264),(2281,79,261),(2320,79,262),(2351,79,264),(2282,80,261),(2321,80,262),(2352,80,264),(2283,81,261),(2322,81,262),(2353,81,264),(157,82,17),(158,83,17),(159,84,17),(160,86,17),(161,87,17),(162,88,17),(163,89,17),(164,90,17),(165,91,17),(166,92,17),(167,93,17),(408,94,63),(184,97,19),(252,97,45),(997,97,103),(185,106,19),(192,106,20),(254,106,45),(999,106,103),(193,107,20),(253,107,45),(998,107,103),(194,108,20),(255,108,45),(1000,108,103),(186,109,19),(195,109,20),(256,109,45),(425,110,67),(1530,110,154),(187,113,19),(196,113,20),(257,113,45),(1001,113,103),(197,114,21),(224,114,40),(426,114,67),(1531,114,154),(225,115,40),(200,116,21),(221,116,40),(1529,116,154),(201,117,21),(222,117,40),(423,117,67),(427,118,67),(202,119,21),(428,119,67),(1532,119,154),(198,120,21),(429,120,67),(1533,120,154),(223,121,40),(424,121,67),(203,122,21),(226,122,40),(430,122,67),(1534,122,154),(199,123,21),(227,123,40),(431,123,67),(1535,123,154),(412,128,22),(418,128,64),(413,129,22),(414,130,22),(420,130,64),(1538,130,155),(415,131,22),(416,132,22),(417,133,22),(421,133,64),(1539,133,155),(965,134,99),(974,134,100),(983,134,101),(966,135,99),(975,135,100),(984,135,101),(608,148,23),(627,148,24),(646,148,25),(665,148,26),(684,148,27),(705,148,28),(634,149,25),(652,149,26),(672,149,27),(691,149,28),(596,150,23),(615,150,24),(635,150,25),(653,150,26),(673,150,27),(692,150,28),(597,151,23),(616,151,24),(636,151,25),(654,151,26),(693,151,28),(600,152,23),(619,152,24),(639,152,25),(657,152,26),(676,152,27),(696,152,28),(609,153,23),(628,153,24),(666,153,26),(685,153,27),(706,153,28),(601,154,23),(620,154,24),(640,154,25),(658,154,26),(677,154,27),(697,154,28),(518,155,30),(536,155,31),(554,155,32),(573,155,33),(591,155,34),(521,156,30),(539,156,31),(557,156,32),(576,156,33),(594,156,34),(508,157,30),(523,157,31),(541,157,32),(559,157,33),(578,157,34),(515,158,30),(533,158,31),(550,158,32),(569,158,33),(587,158,34),(509,159,30),(524,159,31),(542,159,32),(560,159,33),(579,159,34),(516,160,30),(534,160,31),(551,160,32),(570,160,33),(588,160,34),(510,161,30),(525,161,31),(543,161,32),(561,161,33),(580,161,34),(511,162,30),(526,162,31),(544,162,32),(562,162,33),(581,162,34),(535,164,31),(552,164,32),(571,164,33),(589,164,34),(214,165,36),(215,166,36),(216,167,36),(217,168,36),(218,169,37),(219,170,37),(220,171,37),(228,177,42),(236,177,43),(433,177,68),(229,181,42),(230,183,42),(237,183,43),(434,183,68),(231,186,42),(435,186,68),(1600,186,162),(232,188,42),(1601,188,162),(235,192,43),(432,192,68),(233,195,42),(234,196,42),(238,196,43),(245,212,44),(246,220,44),(247,224,44),(248,226,44),(249,228,44),(250,229,44),(251,231,44),(259,233,46),(273,233,47),(283,233,48),(294,233,49),(260,234,46),(274,234,47),(284,234,48),(295,234,49),(271,235,46),(281,235,47),(293,235,48),(305,235,49),(322,235,50),(610,236,23),(629,236,24),(647,236,25),(667,236,26),(686,236,27),(707,236,28),(602,237,23),(621,237,24),(641,237,25),(659,237,26),(678,237,27),(698,237,28),(603,238,23),(622,238,24),(642,238,25),(660,238,26),(679,238,27),(699,238,28),(604,239,23),(623,239,24),(643,239,25),(661,239,26),(700,239,28),(605,240,23),(624,240,24),(680,240,27),(701,240,28),(598,241,23),(617,241,24),(637,241,25),(655,241,26),(674,241,27),(694,241,28),(612,242,23),(631,242,24),(649,242,25),(669,242,26),(688,242,27),(709,242,28),(513,243,30),(528,243,31),(545,243,32),(564,243,33),(583,243,34),(517,244,30),(553,244,32),(572,244,33),(590,244,34),(522,245,30),(540,245,31),(558,245,32),(577,245,33),(595,245,34),(529,246,31),(546,246,32),(565,246,33),(584,246,34),(258,247,46),(272,247,47),(282,247,48),(261,248,46),(275,248,47),(285,248,48),(296,248,49),(315,248,50),(268,249,46),(278,249,47),(291,249,48),(303,249,49),(320,249,50),(262,250,46),(297,250,49),(263,251,46),(276,251,47),(286,251,48),(298,251,49),(316,251,50),(264,252,46),(277,252,47),(287,252,48),(299,252,49),(317,252,50),(269,253,46),(279,253,47),(292,253,48),(304,253,49),(321,253,50),(270,254,46),(280,254,47),(265,255,46),(288,255,48),(300,255,49),(318,255,50),(266,256,46),(289,256,48),(301,256,49),(319,256,50),(267,257,46),(290,257,48),(302,257,49),(331,258,51),(338,258,52),(346,258,53),(363,258,54),(372,258,55),(377,258,56),(389,258,58),(395,258,60),(401,258,61),(406,258,62),(326,259,51),(341,259,53),(359,259,54),(367,259,55),(380,259,57),(386,259,58),(392,259,60),(398,259,61),(403,259,62),(332,260,51),(347,260,53),(364,260,54),(384,260,57),(390,260,58),(396,260,60),(402,260,61),(407,260,62),(323,261,51),(340,261,53),(358,261,54),(366,261,55),(379,261,57),(391,261,60),(397,261,61),(333,262,51),(339,262,52),(348,262,53),(365,262,54),(373,262,55),(378,262,56),(385,262,57),(327,263,51),(334,263,52),(342,263,53),(360,263,54),(368,263,55),(374,263,56),(381,263,57),(328,264,51),(335,264,52),(343,264,53),(361,264,54),(369,264,55),(375,264,56),(387,264,58),(329,265,51),(330,266,51),(336,266,52),(344,266,53),(362,266,54),(370,266,55),(382,266,57),(393,266,60),(399,266,61),(404,266,62),(324,267,51),(325,268,51),(337,269,52),(345,269,53),(371,269,55),(376,269,56),(383,269,57),(388,269,58),(394,269,60),(400,269,61),(405,269,62),(409,270,63),(410,271,63),(411,272,63),(419,273,64),(1536,273,155),(422,274,64),(1540,274,155),(436,275,66),(450,275,69),(464,275,70),(437,276,66),(451,276,69),(465,276,70),(474,276,71),(485,276,72),(757,277,73),(769,277,74),(438,278,66),(452,278,69),(475,278,71),(755,279,73),(767,279,74),(794,279,75),(818,279,76),(840,279,77),(861,279,78),(868,279,79),(439,280,66),(466,280,70),(476,280,71),(440,281,66),(453,281,69),(467,281,70),(477,281,71),(753,282,73),(765,282,74),(792,282,75),(816,282,76),(838,282,77),(860,282,78),(877,282,80),(449,283,66),(463,283,69),(750,284,73),(763,284,74),(790,284,75),(814,284,76),(858,284,78),(867,284,79),(876,284,80),(751,285,73),(764,285,74),(791,285,75),(815,285,76),(859,285,78),(752,286,73),(759,287,73),(774,287,74),(798,287,75),(822,287,76),(844,287,77),(865,287,78),(441,288,66),(454,288,69),(756,289,73),(768,289,74),(795,289,75),(819,289,76),(841,289,77),(862,289,78),(869,289,79),(878,289,80),(442,290,66),(455,290,69),(478,290,71),(443,291,66),(456,291,69),(479,291,71),(486,291,72),(762,292,73),(777,292,74),(800,292,75),(825,292,76),(847,292,77),(875,292,79),(754,293,73),(766,293,74),(793,293,75),(817,293,76),(839,293,77),(444,294,66),(468,294,70),(487,294,72),(760,295,73),(775,295,74),(799,295,75),(823,295,76),(845,295,77),(866,295,78),(873,295,79),(880,295,80),(761,296,73),(776,296,74),(824,296,76),(846,296,77),(874,296,79),(445,297,66),(457,297,69),(469,297,70),(480,297,71),(488,297,72),(758,298,73),(770,298,74),(842,298,77),(870,298,79),(446,299,66),(458,299,69),(470,299,70),(481,299,71),(447,300,66),(459,300,69),(482,300,71),(448,301,66),(460,301,69),(471,301,70),(483,301,71),(489,301,72),(771,302,74),(796,302,75),(820,302,76),(863,302,78),(871,302,79),(461,303,69),(472,303,70),(484,303,71),(490,303,72),(772,304,74),(462,305,69),(473,305,70),(491,305,72),(773,306,74),(797,306,75),(821,306,76),(843,306,77),(864,306,78),(872,306,79),(879,306,80),(492,307,83),(503,307,84),(504,308,84),(493,309,83),(505,309,84),(494,310,83),(506,310,84),(495,311,83),(507,311,84),(496,312,83),(519,313,30),(537,313,31),(555,313,32),(574,313,33),(592,313,34),(520,314,30),(538,314,31),(556,314,32),(575,314,33),(593,314,34),(514,315,30),(530,315,31),(547,315,32),(566,315,33),(585,315,34),(531,316,31),(548,316,32),(567,316,33),(512,317,30),(527,317,31),(563,317,33),(582,317,34),(532,318,31),(549,318,32),(568,318,33),(586,318,34),(611,319,23),(630,319,24),(648,319,25),(668,319,26),(687,319,27),(708,319,28),(613,320,23),(632,320,24),(650,320,25),(670,320,26),(689,320,27),(710,320,28),(599,321,23),(618,321,24),(638,321,25),(656,321,26),(675,321,27),(695,321,28),(614,322,23),(633,322,24),(651,322,25),(671,322,26),(690,322,27),(711,322,28),(606,323,23),(625,323,24),(644,323,25),(662,323,26),(681,323,27),(702,323,28),(607,324,23),(626,324,24),(645,324,25),(663,324,26),(682,324,27),(703,324,28),(664,325,26),(683,325,27),(704,325,28),(712,326,85),(1002,326,104),(717,327,85),(1009,327,104),(713,328,85),(1003,328,104),(714,329,85),(1004,329,104),(715,330,85),(1005,330,104),(716,331,85),(1006,331,104),(718,332,86),(719,333,86),(720,334,86),(721,335,86),(723,336,88),(724,337,88),(725,338,88),(726,340,88),(1031,341,89),(727,342,88),(728,343,88),(729,344,88),(1032,345,89),(730,346,88),(1033,347,89),(731,348,88),(732,349,88),(722,350,87),(733,351,88),(734,352,88),(735,353,88),(736,354,88),(737,355,88),(1034,356,89),(1035,357,89),(1036,358,89),(1037,359,89),(1038,361,89),(1039,362,89),(1040,363,89),(890,364,90),(1806,364,231),(1041,365,89),(891,366,90),(1807,366,231),(1816,366,232),(897,368,90),(1812,368,231),(1042,369,89),(1043,370,89),(1044,371,89),(892,372,90),(1808,372,231),(893,373,90),(1809,373,231),(1817,373,232),(1821,373,233),(894,374,90),(1818,374,232),(1822,374,233),(895,375,90),(1810,375,231),(1819,375,232),(896,376,90),(1811,376,231),(1820,376,232),(1823,376,233),(1010,377,105),(1011,378,105),(1012,379,105),(1013,380,105),(898,382,91),(899,383,91),(900,384,91),(907,384,92),(912,384,93),(901,385,91),(908,385,92),(913,385,93),(902,386,91),(903,387,91),(904,388,91),(909,388,92),(914,388,93),(905,389,91),(910,389,92),(915,389,93),(906,390,91),(911,390,92),(916,390,93),(1058,391,109),(1067,391,110),(1075,391,111),(1094,391,113),(1102,391,114),(1117,391,116),(1125,391,117),(1132,391,118),(1154,391,121),(1162,391,122),(1171,391,123),(1180,391,125),(1195,391,127),(1202,391,128),(1211,391,129),(1227,391,131),(1234,391,132),(1259,391,135),(1265,391,136),(917,392,94),(1586,392,95),(1572,392,97),(1056,393,109),(1065,393,110),(1073,393,111),(1092,393,113),(1107,393,115),(1115,393,116),(1123,393,117),(1130,393,118),(1137,393,119),(1144,393,120),(1152,393,121),(1160,393,122),(1169,393,123),(1178,393,125),(1187,393,126),(1193,393,127),(1200,393,128),(1209,393,129),(1218,393,130),(1225,393,131),(1232,393,132),(1241,393,133),(1249,393,134),(1257,393,135),(1263,393,136),(1059,394,109),(1068,394,110),(1076,394,111),(1095,394,113),(1103,394,114),(1109,394,115),(1118,394,116),(1126,394,117),(1133,394,118),(1139,394,119),(1146,394,120),(1155,394,121),(1163,394,122),(1172,394,123),(1181,394,125),(1189,394,126),(1196,394,127),(1203,394,128),(1212,394,129),(1220,394,130),(1228,394,131),(1235,394,132),(1243,394,133),(1251,394,134),(1260,394,135),(1266,394,136),(918,395,94),(1587,395,95),(943,395,96),(1573,395,97),(919,396,94),(1588,396,95),(944,396,96),(1574,396,97),(920,397,94),(1589,397,95),(1575,397,97),(1060,398,109),(1069,398,110),(1077,398,111),(1096,398,113),(1104,398,114),(1110,398,115),(1119,398,116),(1127,398,117),(1134,398,118),(1140,398,119),(1147,398,120),(1164,398,122),(1173,398,123),(1182,398,125),(1190,398,126),(1197,398,127),(1204,398,128),(1213,398,129),(1221,398,130),(1229,398,131),(1236,398,132),(1244,398,133),(1252,398,134),(1261,398,135),(1267,398,136),(921,399,94),(1590,399,95),(945,399,96),(1576,399,97),(922,400,94),(1591,400,95),(946,400,96),(1577,400,97),(1057,401,109),(1066,401,110),(1074,401,111),(1093,401,113),(1101,401,114),(1108,401,115),(1116,401,116),(1124,401,117),(1131,401,118),(1138,401,119),(1145,401,120),(1153,401,121),(1161,401,122),(1170,401,123),(1179,401,125),(1188,401,126),(1194,401,127),(1201,401,128),(1210,401,129),(1219,401,130),(1226,401,131),(1233,401,132),(1242,401,133),(1250,401,134),(1258,401,135),(1264,401,136),(923,402,94),(1592,402,95),(947,402,96),(1578,402,97),(1061,403,109),(1070,403,110),(1078,403,111),(1097,403,113),(1111,403,115),(1120,403,116),(1148,403,120),(1156,403,121),(1165,403,122),(1174,403,123),(1183,403,125),(1191,403,126),(1198,403,127),(1205,403,128),(1214,403,129),(1222,403,130),(1230,403,131),(1237,403,132),(1245,403,133),(1253,403,134),(1062,404,109),(1071,404,110),(1079,404,111),(1098,404,113),(1112,404,115),(1121,404,116),(1128,404,117),(1135,404,118),(1141,404,119),(1149,404,120),(1157,404,121),(1166,404,122),(1175,404,123),(1184,404,125),(1192,404,126),(1199,404,127),(1206,404,128),(1215,404,129),(1223,404,130),(1231,404,131),(1238,404,132),(1246,404,133),(1254,404,134),(929,405,94),(1598,405,95),(949,405,96),(1584,405,97),(924,406,94),(1593,406,95),(948,406,96),(1579,406,97),(927,407,94),(1596,407,95),(1582,407,97),(1064,408,109),(1081,408,111),(1100,408,113),(1106,408,114),(1114,408,115),(1143,408,119),(1151,408,120),(1159,408,121),(1168,408,122),(1177,408,123),(1186,408,125),(1208,408,128),(1217,408,129),(1224,408,130),(1240,408,132),(1248,408,133),(1256,408,134),(1269,408,136),(967,409,99),(976,409,100),(985,409,101),(930,410,94),(1599,410,95),(950,410,96),(1585,410,97),(925,411,94),(1594,411,95),(1580,411,97),(926,412,94),(1595,412,95),(1581,412,97),(928,413,94),(1597,413,95),(1583,413,97),(1063,414,109),(1072,414,110),(1080,414,111),(1099,414,113),(1105,414,114),(1113,414,115),(1122,414,116),(1129,414,117),(1136,414,118),(1142,414,119),(1150,414,120),(1158,414,121),(1167,414,122),(1176,414,123),(1185,414,125),(1207,414,128),(1216,414,129),(1239,414,132),(1247,414,133),(1255,414,134),(1262,414,135),(1268,414,136),(968,415,99),(977,415,100),(986,415,101),(969,416,99),(978,416,100),(987,416,101),(970,417,99),(979,417,100),(988,417,101),(951,418,98),(952,419,98),(953,420,98),(954,421,98),(962,422,98),(955,423,98),(956,424,98),(957,425,98),(958,426,98),(963,427,98),(959,428,98),(964,429,98),(960,430,98),(961,431,98),(971,432,99),(980,432,100),(989,432,101),(972,433,99),(981,433,100),(990,433,101),(973,434,99),(982,434,100),(991,434,101),(992,439,102),(995,440,102),(996,441,102),(994,444,102),(993,445,102),(1007,447,104),(1008,448,104),(1014,449,105),(1015,450,105),(1016,451,105),(1017,452,105),(1018,455,105),(1019,456,105),(1020,457,105),(1021,458,105),(1022,459,105),(1023,462,105),(1024,463,105),(1025,464,105),(1026,472,105),(1027,473,105),(1028,474,105),(1029,477,105),(1030,478,105),(1045,481,89),(1046,482,89),(1047,483,89),(1048,484,89),(1049,485,89),(1050,504,108),(1051,505,108),(1053,506,108),(1055,507,108),(1052,508,108),(1054,509,108),(1082,510,112),(1083,511,112),(1084,512,112),(1085,513,112),(1086,514,112),(1087,515,112),(1088,516,112),(1089,517,112),(1090,518,112),(1091,519,112),(1283,520,137),(1302,520,138),(1321,520,139),(1340,520,140),(1366,520,142),(1382,520,143),(1399,520,144),(1411,520,145),(1425,520,146),(1449,520,148),(1468,520,149),(1487,520,150),(1506,520,151),(1277,521,137),(1296,521,138),(1315,521,139),(1334,521,140),(1348,521,141),(1363,521,142),(1378,521,143),(1393,521,144),(1435,521,147),(1445,521,148),(1462,521,149),(1481,521,150),(1500,521,151),(1282,522,137),(1301,522,138),(1320,522,139),(1339,522,140),(1353,522,141),(1381,522,143),(1398,522,144),(1448,522,148),(1467,522,149),(1486,522,150),(1505,522,151),(1284,523,137),(1303,523,138),(1322,523,139),(1341,523,140),(1367,523,142),(1383,523,143),(1400,523,144),(1412,523,145),(1426,523,146),(1450,523,148),(1469,523,149),(1488,523,150),(1507,523,151),(1271,524,137),(1290,524,138),(1309,524,139),(1328,524,140),(1347,524,141),(1357,524,142),(1372,524,143),(1387,524,144),(1403,524,145),(1417,524,146),(1431,524,147),(1440,524,148),(1456,524,149),(1475,524,150),(1494,524,151),(1272,525,137),(1291,525,138),(1310,525,139),(1329,525,140),(1358,525,142),(1373,525,143),(1388,525,144),(1404,525,145),(1418,525,146),(1432,525,147),(1441,525,148),(1457,525,149),(1476,525,150),(1495,525,151),(1273,526,137),(1292,526,138),(1311,526,139),(1330,526,140),(1359,526,142),(1374,526,143),(1389,526,144),(1405,526,145),(1419,526,146),(1442,526,148),(1458,526,149),(1477,526,150),(1496,526,151),(1278,527,137),(1297,527,138),(1316,527,139),(1335,527,140),(1349,527,141),(1394,527,144),(1408,527,145),(1446,527,148),(1463,527,149),(1482,527,150),(1501,527,151),(1270,528,137),(1289,528,138),(1308,528,139),(1327,528,140),(1346,528,141),(1356,528,142),(1386,528,144),(1402,528,145),(1416,528,146),(1430,528,147),(1455,528,149),(1474,528,150),(1493,528,151),(1274,529,137),(1293,529,138),(1312,529,139),(1331,529,140),(1360,529,142),(1375,529,143),(1390,529,144),(1420,529,146),(1433,529,147),(1443,529,148),(1459,529,149),(1478,529,150),(1497,529,151),(1279,530,137),(1298,530,138),(1317,530,139),(1336,530,140),(1350,530,141),(1364,530,142),(1395,530,144),(1409,530,145),(1422,530,146),(1436,530,147),(1464,530,149),(1483,530,150),(1502,530,151),(1288,531,137),(1307,531,138),(1326,531,139),(1345,531,140),(1371,531,142),(1415,531,145),(1429,531,146),(1454,531,148),(1473,531,149),(1492,531,150),(1511,531,151),(1285,532,137),(1304,532,138),(1323,532,139),(1342,532,140),(1354,532,141),(1368,532,142),(1401,532,144),(1427,532,146),(1438,532,147),(1451,532,148),(1470,532,149),(1489,532,150),(1508,532,151),(1280,533,137),(1299,533,138),(1318,533,139),(1337,533,140),(1351,533,141),(1379,533,143),(1396,533,144),(1410,533,145),(1423,533,146),(1437,533,147),(1465,533,149),(1484,533,150),(1503,533,151),(1275,534,137),(1294,534,138),(1313,534,139),(1332,534,140),(1361,534,142),(1376,534,143),(1391,534,144),(1406,534,145),(1421,534,146),(1460,534,149),(1479,534,150),(1498,534,151),(1276,535,137),(1295,535,138),(1314,535,139),(1333,535,140),(1362,535,142),(1377,535,143),(1392,535,144),(1407,535,145),(1434,535,147),(1444,535,148),(1461,535,149),(1480,535,150),(1499,535,151),(1287,536,137),(1306,536,138),(1325,536,139),(1344,536,140),(1370,536,142),(1385,536,143),(1414,536,145),(1439,536,147),(1453,536,148),(1472,536,149),(1491,536,150),(1510,536,151),(1281,537,137),(1300,537,138),(1319,537,139),(1338,537,140),(1352,537,141),(1365,537,142),(1380,537,143),(1397,537,144),(1424,537,146),(1447,537,148),(1466,537,149),(1485,537,150),(1504,537,151),(1286,538,137),(1305,538,138),(1324,538,139),(1343,538,140),(1355,538,141),(1369,538,142),(1384,538,143),(1413,538,145),(1428,538,146),(1452,538,148),(1471,538,149),(1490,538,150),(1509,538,151),(2051,540,153),(2064,540,248),(2077,540,249),(2090,540,250),(2120,540,251),(2133,540,252),(2141,540,253),(2148,540,254),(2156,540,255),(2163,540,256),(2043,541,153),(2056,541,248),(2069,541,249),(2082,541,250),(2112,541,251),(2125,541,252),(2136,541,253),(2040,542,153),(2053,542,248),(2066,542,249),(2079,542,250),(2109,542,251),(2122,542,252),(2045,543,153),(2058,543,248),(2071,543,249),(2084,543,250),(2114,543,251),(2127,543,252),(2138,543,253),(2145,543,254),(2153,543,255),(2160,543,256),(2046,544,153),(2059,544,248),(2072,544,249),(2085,544,250),(2115,544,251),(2128,544,252),(2146,544,254),(2047,545,153),(2060,545,248),(2073,545,249),(2086,545,250),(2116,545,251),(2129,545,252),(2041,546,153),(2054,546,248),(2067,546,249),(2080,546,250),(2110,546,251),(2123,546,252),(2135,546,253),(2143,546,254),(2150,546,255),(2158,546,256),(2048,547,153),(2061,547,248),(2074,547,249),(2087,547,250),(2117,547,251),(2130,547,252),(2139,547,253),(2147,547,254),(2154,547,255),(2161,547,256),(2049,548,153),(2062,548,248),(2075,548,249),(2088,548,250),(2118,548,251),(2131,548,252),(2140,548,253),(2155,548,255),(2042,549,153),(2055,549,248),(2068,549,249),(2081,549,250),(2111,549,251),(2124,549,252),(2151,549,255),(2052,550,153),(2065,550,248),(2078,550,249),(2091,550,250),(2121,550,251),(2134,550,252),(2142,550,253),(2149,550,254),(2157,550,255),(2164,550,256),(2050,551,153),(2063,551,248),(2076,551,249),(2089,551,250),(2119,551,251),(2132,551,252),(2162,551,256),(2044,552,153),(2057,552,248),(2070,552,249),(2083,552,250),(2113,552,251),(2126,552,252),(2137,552,253),(2144,552,254),(2152,552,255),(2159,552,256),(1523,553,152),(1517,554,152),(1522,555,152),(1524,556,152),(1513,557,152),(1514,558,152),(1518,559,152),(1512,560,152),(1519,561,152),(1528,562,152),(1525,563,152),(1520,564,152),(1515,565,152),(1516,566,152),(1527,567,152),(1521,568,152),(1526,569,152),(1537,570,155),(1541,571,155),(1542,577,156),(1548,577,157),(1554,577,158),(1560,577,159),(1543,578,156),(1549,578,157),(1555,578,158),(1561,578,159),(1544,579,156),(1550,579,157),(1556,579,158),(1562,579,159),(1545,580,156),(1551,580,157),(1557,580,158),(1563,580,159),(1546,581,156),(1552,581,157),(1558,581,158),(1564,581,159),(1547,582,156),(1553,582,157),(1559,582,158),(1565,582,159),(1757,583,160),(1766,583,161),(1765,584,160),(1774,584,161),(1758,585,160),(1767,585,161),(1602,589,163),(1610,589,165),(1614,589,166),(1618,589,167),(1716,589,197),(1603,590,163),(1611,590,165),(1615,590,166),(1619,590,167),(1622,590,168),(1626,590,169),(1630,590,170),(1717,590,197),(1604,591,163),(1612,591,165),(1616,591,166),(1620,591,167),(1623,591,168),(1627,591,169),(1631,591,170),(1634,591,171),(1718,591,197),(1624,592,168),(1628,592,169),(1632,592,170),(1605,593,163),(1613,593,165),(1617,593,166),(1621,593,167),(1625,593,168),(1629,593,169),(1633,593,170),(1635,593,171),(1636,593,172),(1719,593,197),(1654,594,173),(1658,594,175),(1660,594,177),(1662,594,178),(1664,594,179),(1666,594,180),(1667,594,181),(1668,594,182),(1670,594,183),(1720,594,198),(1655,595,173),(1659,595,175),(1661,595,177),(1663,595,178),(1665,595,179),(1669,595,182),(1671,595,183),(1721,595,198),(1672,596,186),(1676,596,187),(1684,596,189),(1688,596,190),(1692,596,191),(1696,596,192),(1700,596,193),(1704,596,194),(1708,596,195),(1712,596,196),(1673,597,186),(1677,597,187),(1685,597,189),(1689,597,190),(1693,597,191),(1697,597,192),(1701,597,193),(1705,597,194),(1709,597,195),(1713,597,196),(1674,598,186),(1678,598,187),(1686,598,189),(1690,598,190),(1694,598,191),(1698,598,192),(1702,598,193),(1706,598,194),(1710,598,195),(1714,598,196),(1675,599,186),(1679,599,187),(1687,599,189),(1691,599,190),(1695,599,191),(1699,599,192),(1703,599,193),(1707,599,194),(1711,599,195),(1715,599,196),(1722,600,199),(1726,600,200),(1730,600,201),(1734,600,202),(1737,600,203),(1740,600,204),(1744,600,205),(1748,600,206),(1750,600,207),(1754,600,208),(1723,601,199),(1727,601,200),(1731,601,201),(1735,601,202),(1738,601,203),(1741,601,204),(1745,601,205),(1751,601,207),(1755,601,208),(1724,602,199),(1728,602,200),(1732,602,201),(1736,602,202),(1742,602,204),(1746,602,205),(1752,602,207),(1756,602,208),(1725,603,199),(1729,603,200),(1733,603,201),(1739,603,203),(1743,603,204),(1747,603,205),(1749,603,206),(1753,603,207),(1967,604,209),(1973,604,210),(1979,604,242),(1985,604,243),(1991,604,244),(1997,604,245),(2003,604,246),(2009,604,247),(1963,605,209),(1969,605,210),(1975,605,242),(1981,605,243),(1987,605,244),(1993,605,245),(1999,605,246),(2005,605,247),(1964,606,209),(1970,606,210),(1976,606,242),(1982,606,243),(1988,606,244),(1994,606,245),(2000,606,246),(2006,606,247),(1962,607,209),(1968,607,210),(1974,607,242),(1980,607,243),(1986,607,244),(1992,607,245),(1998,607,246),(2004,607,247),(1759,608,160),(1768,608,161),(1760,609,160),(1769,609,161),(1761,610,160),(1770,610,161),(1764,611,160),(1773,611,161),(1762,612,160),(1771,612,161),(1763,613,160),(1772,613,161),(1891,614,211),(1898,614,212),(1794,614,213),(1904,614,214),(1803,614,215),(1890,615,211),(1897,615,212),(1793,615,213),(1903,615,214),(1802,615,215),(1892,616,211),(1899,616,212),(1795,616,213),(1905,616,214),(1804,616,215),(1893,617,211),(1900,617,212),(1796,617,213),(1906,617,214),(1805,617,215),(1887,618,211),(1791,618,213),(1889,619,211),(1896,619,212),(1792,619,213),(1902,619,214),(2010,621,216),(2013,621,222),(2016,621,223),(2019,621,224),(2022,621,225),(2025,621,226),(2028,621,227),(2031,621,228),(2034,621,229),(2037,621,230),(2011,622,216),(2014,622,222),(2017,622,223),(2020,622,224),(2023,622,225),(2026,622,226),(2029,622,227),(2032,622,228),(2035,622,229),(2038,622,230),(1842,624,218),(1930,624,235),(1941,624,237),(1951,624,238),(1845,625,218),(1933,625,235),(1944,625,237),(1954,625,238),(1851,627,41),(1862,627,234),(1852,628,41),(1863,628,234),(1853,629,41),(1864,629,234),(1854,630,41),(1855,631,41),(1865,631,234),(1856,633,41),(1866,633,234),(1857,634,41),(1867,634,234),(1858,635,41),(1868,635,234),(1859,636,41),(1869,636,234),(1860,638,41),(1870,638,234),(1861,641,41),(1871,641,234),(1844,643,218),(1932,643,235),(1943,643,237),(1953,643,238),(1848,644,218),(1936,644,235),(1947,644,237),(1957,644,238),(1850,646,218),(1940,646,235),(1961,646,238),(1846,647,218),(1934,647,235),(1945,647,237),(1955,647,238),(1843,648,218),(1931,648,235),(1942,648,237),(1952,648,238),(1847,649,218),(1935,649,235),(1946,649,237),(1956,649,238),(1849,652,218),(1937,652,235),(1948,652,237),(1958,652,238),(1872,653,236),(1873,654,236),(1875,655,236),(1874,656,236),(1877,659,236),(2012,661,216),(2015,661,222),(2018,661,223),(2021,661,224),(2024,661,225),(2027,661,226),(2030,661,227),(2033,661,228),(2036,661,229),(2039,661,230),(1876,662,236),(1938,663,235),(1949,663,237),(1959,663,238),(2165,664,257),(1879,665,236),(1878,666,236),(1939,668,235),(1950,668,237),(1960,668,238),(1882,669,236),(1880,670,236),(1881,671,236),(2166,672,257),(1884,673,236),(1883,674,236),(1886,676,236),(1885,677,236),(1888,678,211),(1895,678,212),(1901,678,214),(1894,679,211),(1907,679,214),(2167,680,257),(2168,683,257),(1965,685,209),(1971,685,210),(1977,685,242),(1983,685,243),(1989,685,244),(1995,685,245),(2001,685,246),(2007,685,247),(1966,686,209),(1972,686,210),(1978,686,242),(1984,686,243),(1990,686,244),(1996,686,245),(2002,686,246),(2008,686,247),(2101,687,239),(2095,689,239),(2104,690,239),(2096,691,239),(2102,692,239),(2107,693,239),(2097,694,239),(2092,695,239),(2098,696,239),(2093,697,239),(2099,698,239),(2100,699,239),(2108,700,239),(2105,701,239),(2106,702,239),(2094,703,239),(2103,704,239),(2184,705,240),(2202,705,241),(2175,706,240),(2193,706,241),(2176,707,240),(2194,707,241),(2177,708,240),(2195,708,241),(2186,709,240),(2204,709,241),(2187,710,240),(2205,710,241),(2172,711,240),(2189,711,241),(2178,713,240),(2196,713,241),(2174,714,240),(2192,714,241),(2179,715,240),(2197,715,241),(2190,716,241),(2182,717,240),(2200,717,241),(2183,718,240),(2201,718,241),(2180,719,240),(2198,719,241),(2185,720,240),(2203,720,241),(2188,721,240),(2206,721,241),(2173,722,240),(2191,722,241),(2181,723,240),(2199,723,241),(2211,724,258),(2212,725,258),(2213,726,260),(2214,727,260),(2215,728,260),(2216,729,260),(2217,730,260),(2218,731,260),(2219,732,260),(2220,733,260),(2221,734,260),(2222,735,260),(2223,736,260),(2224,737,260),(2225,738,260),(2226,739,260),(2227,740,260),(2228,741,260),(2229,742,260),(2230,743,260),(2231,744,260),(2232,745,260),(2233,746,260),(2234,747,260),(2235,748,260),(2236,749,260),(2237,750,260);
/*!40000 ALTER TABLE `per_participants_training_session` ENABLE KEYS */;
UNLOCK TABLES;

--
-- Table structure for table `per_people_type`
--

DROP TABLE IF EXISTS `per_people_type`;
/*!40101 SET @saved_cs_client     = @@character_set_client */;
/*!40101 SET character_set_client = utf8 */;
CREATE TABLE `per_people_type` (
  `id` int(11) NOT NULL AUTO_INCREMENT,
  `person_id` bigint(15) NOT NULL,
  `per_type_id` int(11) NOT NULL,
  `creation_date` datetime NOT NULL,
  `modification_date` timestamp NOT NULL DEFAULT CURRENT_TIMESTAMP ON UPDATE CURRENT_TIMESTAMP,
  `user_id` int(11) NOT NULL,
  PRIMARY KEY (`id`),
  UNIQUE KEY `person_id_2` (`person_id`,`per_type_id`),
  KEY `person_id` (`person_id`),
  KEY `per_type_id` (`per_type_id`),
  KEY `user_id` (`user_id`),
  CONSTRAINT `per_people_type_ibfk_3` FOREIGN KEY (`person_id`) REFERENCES `people` (`id_person`) ON UPDATE CASCADE,
  CONSTRAINT `per_people_type_ibfk_4` FOREIGN KEY (`per_type_id`) REFERENCES `per_types` (`id`) ON UPDATE CASCADE,
  CONSTRAINT `per_people_type_ibfk_5` FOREIGN KEY (`user_id`) REFERENCES `users` (`id_user`) ON UPDATE CASCADE
) ENGINE=InnoDB AUTO_INCREMENT=902 DEFAULT CHARSET=latin1;
/*!40101 SET character_set_client = @saved_cs_client */;

--
-- Dumping data for table `per_people_type`
--

LOCK TABLES `per_people_type` WRITE;
/*!40000 ALTER TABLE `per_people_type` DISABLE KEYS */;
INSERT INTO `per_people_type` VALUES (1,532,1,'2015-05-22 16:27:19','0000-00-00 00:00:00',13),(2,566,1,'2015-05-22 16:52:23','0000-00-00 00:00:00',13),(3,524,2,'2015-05-22 17:16:52','0000-00-00 00:00:00',13),(4,571,1,'2015-05-22 17:26:48','0000-00-00 00:00:00',13),(5,525,1,'2015-05-22 17:32:58','0000-00-00 00:00:00',13),(6,567,1,'2015-05-22 17:35:13','0000-00-00 00:00:00',13),(7,531,1,'2015-05-22 17:37:35','0000-00-00 00:00:00',13),(8,517,1,'2015-05-25 16:28:56','0000-00-00 00:00:00',35),(9,518,1,'2015-05-25 16:29:38','0000-00-00 00:00:00',35),(10,750,2,'2015-05-28 10:16:39','0000-00-00 00:00:00',43),(11,751,2,'2015-05-28 10:19:37','0000-00-00 00:00:00',43),(12,752,2,'2015-05-28 10:21:36','0000-00-00 00:00:00',43),(13,753,2,'2015-05-28 10:25:06','0000-00-00 00:00:00',43),(14,754,2,'2015-05-28 10:28:57','0000-00-00 00:00:00',43),(15,755,2,'2015-05-28 10:41:38','0000-00-00 00:00:00',43),(16,515,1,'2015-06-02 10:19:16','0000-00-00 00:00:00',35),(17,780,2,'2015-06-02 10:27:00','0000-00-00 00:00:00',24),(18,781,2,'2015-06-02 10:56:15','0000-00-00 00:00:00',24),(19,782,2,'2015-06-02 10:58:16','0000-00-00 00:00:00',24),(20,783,2,'2015-06-02 11:01:25','0000-00-00 00:00:00',24),(21,784,2,'2015-06-02 11:04:03','0000-00-00 00:00:00',24),(22,785,2,'2015-06-02 11:08:00','0000-00-00 00:00:00',24),(23,786,2,'2015-06-02 11:09:47','0000-00-00 00:00:00',24),(24,787,2,'2015-06-02 11:11:33','0000-00-00 00:00:00',24),(25,788,2,'2015-06-02 11:13:58','0000-00-00 00:00:00',24),(26,789,2,'2015-06-02 11:15:31','0000-00-00 00:00:00',24),(27,790,2,'2015-06-02 11:17:12','0000-00-00 00:00:00',24),(28,791,2,'2015-06-02 11:23:27','0000-00-00 00:00:00',24),(29,792,2,'2015-06-02 11:25:43','0000-00-00 00:00:00',24),(30,793,2,'2015-06-02 11:27:07','0000-00-00 00:00:00',24),(31,794,2,'2015-06-02 11:34:06','0000-00-00 00:00:00',24),(32,795,2,'2015-06-02 11:35:31','0000-00-00 00:00:00',24),(33,796,2,'2015-06-02 11:37:01','0000-00-00 00:00:00',24),(34,797,2,'2015-06-02 11:45:20','0000-00-00 00:00:00',24),(35,798,2,'2015-06-02 11:49:57','0000-00-00 00:00:00',24),(36,799,2,'2015-06-02 11:51:50','0000-00-00 00:00:00',24),(37,800,2,'2015-06-02 11:55:07','0000-00-00 00:00:00',24),(38,801,2,'2015-06-02 11:56:46','0000-00-00 00:00:00',24),(39,513,1,'2015-06-02 16:46:36','0000-00-00 00:00:00',35),(40,802,2,'2015-06-03 12:10:10','0000-00-00 00:00:00',38),(41,803,2,'2015-06-03 12:13:43','0000-00-00 00:00:00',38),(42,804,2,'2015-06-03 12:23:58','0000-00-00 00:00:00',38),(43,805,2,'2015-06-03 12:26:15','0000-00-00 00:00:00',38),(44,806,2,'2015-06-03 12:31:50','0000-00-00 00:00:00',38),(45,807,2,'2015-06-03 12:35:43','0000-00-00 00:00:00',38),(46,808,2,'2015-06-03 12:38:42','0000-00-00 00:00:00',38),(47,809,2,'2015-06-03 12:41:28','0000-00-00 00:00:00',38),(48,810,2,'2015-06-03 12:51:47','0000-00-00 00:00:00',38),(49,811,2,'2015-06-03 12:54:13','0000-00-00 00:00:00',38),(50,812,1,'2015-06-03 14:09:31','0000-00-00 00:00:00',38),(51,813,2,'2015-06-03 14:55:40','0000-00-00 00:00:00',38),(52,814,2,'2015-06-03 15:22:40','0000-00-00 00:00:00',38),(53,815,2,'2015-06-03 15:26:42','0000-00-00 00:00:00',38),(54,816,2,'2015-06-03 15:28:48','0000-00-00 00:00:00',38),(55,817,2,'2015-06-03 15:33:04','0000-00-00 00:00:00',38),(56,818,2,'2015-06-03 15:37:26','0000-00-00 00:00:00',38),(57,820,2,'2015-06-04 14:22:38','0000-00-00 00:00:00',42),(58,821,2,'2015-06-04 14:24:37','0000-00-00 00:00:00',42),(59,822,1,'2015-06-04 14:34:39','0000-00-00 00:00:00',35),(60,823,2,'2015-06-04 14:56:46','0000-00-00 00:00:00',42),(61,824,2,'2015-06-04 14:58:37','0000-00-00 00:00:00',42),(62,825,2,'2015-06-04 15:00:34','0000-00-00 00:00:00',42),(63,826,2,'2015-06-04 15:02:30','0000-00-00 00:00:00',42),(64,827,2,'2015-06-04 15:05:12','0000-00-00 00:00:00',42),(65,828,2,'2015-06-04 15:07:25','0000-00-00 00:00:00',42),(66,829,2,'2015-06-04 15:09:46','0000-00-00 00:00:00',42),(67,830,2,'2015-06-04 15:12:18','0000-00-00 00:00:00',42),(68,831,2,'2015-06-04 15:13:41','0000-00-00 00:00:00',42),(69,832,1,'2015-06-05 10:20:47','0000-00-00 00:00:00',35),(70,833,1,'2015-06-05 10:23:26','0000-00-00 00:00:00',35),(71,834,2,'2015-06-05 10:26:56','0000-00-00 00:00:00',15),(72,835,2,'2015-06-05 15:30:23','0000-00-00 00:00:00',24),(73,836,2,'2015-06-05 15:32:27','0000-00-00 00:00:00',24),(74,837,2,'2015-06-05 15:34:09','0000-00-00 00:00:00',24),(75,838,2,'2015-06-05 15:36:57','0000-00-00 00:00:00',24),(76,839,2,'2015-06-05 15:38:17','0000-00-00 00:00:00',24),(77,840,2,'2015-06-05 15:39:41','0000-00-00 00:00:00',24),(78,841,2,'2015-06-05 15:41:21','0000-00-00 00:00:00',24),(79,842,2,'2015-06-05 15:43:59','0000-00-00 00:00:00',24),(80,844,2,'2015-06-05 16:31:57','0000-00-00 00:00:00',24),(81,853,2,'2015-06-05 17:00:07','0000-00-00 00:00:00',24),(82,854,2,'2015-06-05 17:01:26','0000-00-00 00:00:00',24),(83,855,2,'2015-06-05 17:02:59','0000-00-00 00:00:00',24),(84,856,2,'2015-06-05 17:04:19','0000-00-00 00:00:00',24),(85,857,2,'2015-06-05 17:06:40','0000-00-00 00:00:00',24),(86,858,2,'2015-06-05 17:07:52','0000-00-00 00:00:00',24),(87,859,2,'2015-06-05 17:09:41','0000-00-00 00:00:00',24),(88,860,2,'2015-06-05 17:10:49','0000-00-00 00:00:00',24),(89,861,2,'2015-06-05 17:12:06','0000-00-00 00:00:00',24),(90,862,2,'2015-06-05 17:13:10','0000-00-00 00:00:00',24),(91,863,2,'2015-06-05 17:18:59','0000-00-00 00:00:00',24),(92,864,2,'2015-06-05 17:20:24','0000-00-00 00:00:00',24),(93,865,2,'2015-06-05 17:22:06','0000-00-00 00:00:00',24),(94,866,2,'2015-06-05 17:27:16','0000-00-00 00:00:00',24),(95,867,2,'2015-06-05 17:29:12','0000-00-00 00:00:00',24),(96,868,2,'2015-06-09 12:01:06','0000-00-00 00:00:00',15),(97,869,2,'2015-06-09 13:27:44','0000-00-00 00:00:00',15),(98,870,2,'2015-06-09 13:32:39','0000-00-00 00:00:00',15),(99,871,2,'2015-06-09 14:06:35','0000-00-00 00:00:00',15),(100,872,2,'2015-06-09 14:30:54','0000-00-00 00:00:00',15),(101,246,1,'2015-06-09 14:36:39','0000-00-00 00:00:00',23),(102,873,2,'2015-06-09 14:37:15','0000-00-00 00:00:00',15),(103,874,2,'2015-06-09 14:40:08','0000-00-00 00:00:00',15),(104,875,2,'2015-06-09 14:42:29','0000-00-00 00:00:00',15),(105,876,2,'2015-06-09 14:44:15','0000-00-00 00:00:00',15),(106,877,2,'2015-06-09 14:46:08','0000-00-00 00:00:00',15),(107,878,2,'2015-06-09 14:48:58','0000-00-00 00:00:00',15),(108,879,2,'2015-06-09 14:51:22','0000-00-00 00:00:00',15),(109,880,2,'2015-06-09 16:02:26','0000-00-00 00:00:00',15),(110,882,2,'2015-06-10 11:23:46','0000-00-00 00:00:00',38),(111,883,2,'2015-06-10 11:29:16','0000-00-00 00:00:00',38),(112,884,2,'2015-06-10 11:33:56','0000-00-00 00:00:00',17),(113,885,2,'2015-06-10 11:34:41','0000-00-00 00:00:00',38),(114,886,2,'2015-06-10 11:38:41','0000-00-00 00:00:00',38),(115,887,2,'2015-06-10 11:47:00','0000-00-00 00:00:00',38),(116,888,2,'2015-06-10 11:51:57','0000-00-00 00:00:00',38),(117,889,2,'2015-06-10 12:02:08','0000-00-00 00:00:00',38),(118,890,2,'2015-06-10 12:13:19','0000-00-00 00:00:00',38),(119,894,2,'2015-06-10 13:31:25','0000-00-00 00:00:00',12),(120,895,2,'2015-06-10 13:43:11','0000-00-00 00:00:00',38),(121,896,2,'2015-06-10 14:10:42','0000-00-00 00:00:00',17),(122,897,2,'2015-06-10 14:15:30','0000-00-00 00:00:00',17),(123,898,2,'2015-06-10 14:19:41','0000-00-00 00:00:00',17),(124,899,2,'2015-06-10 14:33:22','0000-00-00 00:00:00',17),(125,901,2,'2015-06-10 14:57:05','0000-00-00 00:00:00',17),(126,903,2,'2015-06-11 09:44:07','0000-00-00 00:00:00',17),(127,904,2,'2015-06-11 09:46:29','0000-00-00 00:00:00',17),(128,905,2,'2015-06-11 09:48:47','0000-00-00 00:00:00',17),(129,906,2,'2015-06-11 10:05:59','0000-00-00 00:00:00',17),(130,907,2,'2015-06-11 10:08:38','0000-00-00 00:00:00',17),(131,908,2,'2015-06-11 10:12:47','0000-00-00 00:00:00',17),(132,909,2,'2015-06-11 10:17:45','0000-00-00 00:00:00',17),(133,910,2,'2015-06-11 10:20:55','0000-00-00 00:00:00',17),(134,911,2,'2015-06-11 10:23:23','0000-00-00 00:00:00',17),(135,912,2,'2015-06-11 10:51:06','0000-00-00 00:00:00',17),(136,913,2,'2015-06-11 11:08:15','0000-00-00 00:00:00',17),(137,914,2,'2015-06-11 11:17:33','0000-00-00 00:00:00',17),(138,915,2,'2015-06-11 11:19:24','0000-00-00 00:00:00',17),(139,924,2,'2015-06-11 12:01:08','0000-00-00 00:00:00',38),(140,925,2,'2015-06-11 12:06:19','0000-00-00 00:00:00',38),(141,931,2,'2015-06-11 13:44:32','0000-00-00 00:00:00',38),(142,933,2,'2015-06-11 13:47:29','0000-00-00 00:00:00',38),(143,936,2,'2015-06-12 15:12:02','0000-00-00 00:00:00',47),(144,937,2,'2015-06-12 15:31:15','0000-00-00 00:00:00',47),(145,938,2,'2015-06-12 15:38:28','0000-00-00 00:00:00',47),(146,939,2,'2015-06-12 15:44:38','0000-00-00 00:00:00',47),(147,940,2,'2015-06-12 15:49:03','0000-00-00 00:00:00',40),(148,932,2,'2015-06-12 15:51:29','0000-00-00 00:00:00',40),(149,941,2,'2015-06-12 15:55:52','0000-00-00 00:00:00',47),(150,942,2,'2015-06-12 15:56:58','0000-00-00 00:00:00',40),(151,943,2,'2015-06-12 16:00:11','0000-00-00 00:00:00',40),(152,944,2,'2015-06-12 16:04:02','0000-00-00 00:00:00',47),(153,945,2,'2015-06-12 16:10:16','0000-00-00 00:00:00',47),(154,946,2,'2015-06-12 16:14:01','0000-00-00 00:00:00',40),(155,948,2,'2015-06-12 16:18:26','0000-00-00 00:00:00',40),(156,949,2,'2015-06-12 16:26:04','0000-00-00 00:00:00',20),(157,947,2,'2015-06-12 16:33:44','0000-00-00 00:00:00',47),(158,952,2,'2015-06-12 16:45:57','0000-00-00 00:00:00',20),(159,951,2,'2015-06-12 16:49:18','0000-00-00 00:00:00',47),(160,950,2,'2015-06-12 16:59:49','0000-00-00 00:00:00',47),(161,953,2,'2015-06-12 17:01:49','0000-00-00 00:00:00',47),(162,954,2,'2015-06-12 17:05:42','0000-00-00 00:00:00',47),(163,955,2,'2015-06-12 17:13:56','0000-00-00 00:00:00',47),(164,956,2,'2015-06-12 17:17:26','0000-00-00 00:00:00',47),(165,957,2,'2015-06-12 17:20:37','0000-00-00 00:00:00',47),(166,958,2,'2015-06-12 17:26:20','0000-00-00 00:00:00',47),(167,959,2,'2015-06-12 17:30:32','0000-00-00 00:00:00',47),(168,960,2,'2015-06-16 08:50:59','0000-00-00 00:00:00',47),(169,961,2,'2015-06-16 08:56:07','0000-00-00 00:00:00',47),(170,962,2,'2015-06-16 09:01:30','0000-00-00 00:00:00',47),(171,963,2,'2015-06-16 09:04:54','0000-00-00 00:00:00',47),(172,964,2,'2015-06-16 09:10:24','0000-00-00 00:00:00',47),(173,965,2,'2015-06-16 09:14:05','0000-00-00 00:00:00',47),(174,966,2,'2015-06-16 09:17:04','0000-00-00 00:00:00',47),(175,967,2,'2015-06-16 09:20:34','0000-00-00 00:00:00',47),(176,968,2,'2015-06-16 09:22:26','0000-00-00 00:00:00',47),(177,969,2,'2015-06-16 09:25:19','0000-00-00 00:00:00',47),(178,970,2,'2015-06-16 09:42:51','0000-00-00 00:00:00',47),(179,971,2,'2015-06-16 09:47:55','0000-00-00 00:00:00',47),(180,972,2,'2015-06-16 09:50:59','0000-00-00 00:00:00',47),(181,973,2,'2015-06-16 09:55:16','0000-00-00 00:00:00',47),(182,974,2,'2015-06-16 09:58:49','0000-00-00 00:00:00',47),(183,975,2,'2015-06-16 10:02:15','0000-00-00 00:00:00',47),(184,976,2,'2015-06-16 10:05:04','0000-00-00 00:00:00',47),(185,977,2,'2015-06-16 10:10:55','0000-00-00 00:00:00',47),(186,978,2,'2015-06-16 10:15:31','0000-00-00 00:00:00',47),(187,979,2,'2015-06-16 10:18:30','0000-00-00 00:00:00',47),(188,980,2,'2015-06-16 10:21:28','0000-00-00 00:00:00',47),(189,981,2,'2015-06-16 10:26:14','0000-00-00 00:00:00',47),(190,982,2,'2015-06-16 10:30:46','0000-00-00 00:00:00',47),(191,983,2,'2015-06-16 10:34:26','0000-00-00 00:00:00',47),(192,984,2,'2015-06-16 10:40:42','0000-00-00 00:00:00',47),(193,985,2,'2015-06-16 10:46:08','0000-00-00 00:00:00',47),(194,986,2,'2015-06-16 11:18:43','0000-00-00 00:00:00',47),(195,987,2,'2015-06-16 11:21:12','0000-00-00 00:00:00',47),(196,988,2,'2015-06-16 11:23:44','0000-00-00 00:00:00',47),(197,989,2,'2015-06-16 11:26:02','0000-00-00 00:00:00',47),(198,990,2,'2015-06-16 11:28:09','0000-00-00 00:00:00',47),(199,991,2,'2015-06-16 11:30:28','0000-00-00 00:00:00',47),(200,992,2,'2015-06-16 11:35:13','0000-00-00 00:00:00',47),(201,993,2,'2015-06-16 11:38:17','0000-00-00 00:00:00',47),(202,994,2,'2015-06-16 11:41:47','0000-00-00 00:00:00',47),(203,995,2,'2015-06-16 11:47:16','0000-00-00 00:00:00',47),(204,996,2,'2015-06-16 11:55:37','0000-00-00 00:00:00',47),(205,997,2,'2015-06-16 11:57:48','0000-00-00 00:00:00',47),(206,998,1,'2015-06-16 13:16:22','0000-00-00 00:00:00',38),(207,999,2,'2015-06-16 16:08:24','0000-00-00 00:00:00',43),(208,1000,2,'2015-06-16 16:14:47','0000-00-00 00:00:00',43),(209,1001,2,'2015-06-16 16:19:36','0000-00-00 00:00:00',43),(210,1002,2,'2015-06-16 16:22:51','0000-00-00 00:00:00',43),(211,1003,2,'2015-06-16 16:25:56','0000-00-00 00:00:00',43),(212,1004,2,'2015-06-16 16:29:20','0000-00-00 00:00:00',43),(213,1005,2,'2015-06-16 16:32:57','0000-00-00 00:00:00',43),(214,1006,2,'2015-06-16 16:36:27','0000-00-00 00:00:00',43),(215,1007,2,'2015-06-16 16:38:45','0000-00-00 00:00:00',43),(216,1008,2,'2015-06-16 16:41:56','0000-00-00 00:00:00',43),(217,1009,2,'2015-06-16 16:44:42','0000-00-00 00:00:00',43),(218,1010,2,'2015-06-16 16:47:44','0000-00-00 00:00:00',43),(219,1011,2,'2015-06-16 16:50:00','0000-00-00 00:00:00',43),(220,1012,2,'2015-06-16 16:52:32','0000-00-00 00:00:00',43),(221,1013,2,'2015-06-16 16:55:22','0000-00-00 00:00:00',43),(222,1014,2,'2015-06-16 16:59:54','0000-00-00 00:00:00',43),(223,1015,2,'2015-06-16 17:02:11','0000-00-00 00:00:00',43),(225,1023,2,'2015-06-17 08:41:54','0000-00-00 00:00:00',38),(226,1024,2,'2015-06-17 08:50:09','0000-00-00 00:00:00',38),(227,1025,2,'2015-06-17 09:00:24','0000-00-00 00:00:00',38),(228,1026,2,'2015-06-17 09:04:19','0000-00-00 00:00:00',38),(229,1027,2,'2015-06-17 09:19:18','0000-00-00 00:00:00',38),(230,1028,2,'2015-06-17 09:21:54','0000-00-00 00:00:00',38),(231,1029,2,'2015-06-17 09:33:24','0000-00-00 00:00:00',38),(232,1030,2,'2015-06-17 10:31:43','0000-00-00 00:00:00',47),(233,1032,2,'2015-06-17 10:40:55','0000-00-00 00:00:00',38),(234,1031,2,'2015-06-17 10:42:08','0000-00-00 00:00:00',47),(235,1033,2,'2015-06-17 10:43:18','0000-00-00 00:00:00',47),(236,1034,2,'2015-06-17 10:46:40','0000-00-00 00:00:00',47),(237,1035,2,'2015-06-17 10:47:07','0000-00-00 00:00:00',38),(238,1037,2,'2015-06-17 10:49:56','0000-00-00 00:00:00',38),(239,1036,2,'2015-06-17 10:50:27','0000-00-00 00:00:00',47),(240,1038,2,'2015-06-17 10:55:13','0000-00-00 00:00:00',47),(241,1039,2,'2015-06-17 10:56:56','0000-00-00 00:00:00',38),(242,1040,2,'2015-06-17 10:59:47','0000-00-00 00:00:00',47),(243,1044,2,'2015-06-17 11:10:34','0000-00-00 00:00:00',38),(244,1045,2,'2015-06-17 11:10:50','0000-00-00 00:00:00',17),(245,1047,2,'2015-06-17 11:12:25','0000-00-00 00:00:00',17),(246,1042,2,'2015-06-17 11:13:22','0000-00-00 00:00:00',47),(247,1048,2,'2015-06-17 11:14:15','0000-00-00 00:00:00',38),(248,1043,2,'2015-06-17 11:14:53','0000-00-00 00:00:00',47),(249,1049,2,'2015-06-17 11:14:54','0000-00-00 00:00:00',17),(250,1046,2,'2015-06-17 11:16:14','0000-00-00 00:00:00',47),(251,1050,2,'2015-06-17 11:16:57','0000-00-00 00:00:00',17),(252,1051,2,'2015-06-17 11:18:53','0000-00-00 00:00:00',38),(253,1052,2,'2015-06-17 11:19:26','0000-00-00 00:00:00',17),(254,1054,2,'2015-06-17 11:21:44','0000-00-00 00:00:00',17),(255,1055,2,'2015-06-17 11:21:48','0000-00-00 00:00:00',38),(256,1053,2,'2015-06-17 11:22:50','0000-00-00 00:00:00',47),(257,1056,2,'2015-06-17 11:23:39','0000-00-00 00:00:00',17),(258,1057,2,'2015-06-17 11:25:11','0000-00-00 00:00:00',38),(259,1059,2,'2015-06-17 11:26:25','0000-00-00 00:00:00',17),(260,1060,2,'2015-06-17 11:28:04','0000-00-00 00:00:00',17),(261,1062,2,'2015-06-17 11:29:54','0000-00-00 00:00:00',17),(262,1063,2,'2015-06-17 11:31:00','0000-00-00 00:00:00',38),(263,1058,2,'2015-06-17 11:31:28','0000-00-00 00:00:00',47),(264,1064,2,'2015-06-17 11:32:24','0000-00-00 00:00:00',17),(265,1065,2,'2015-06-17 11:33:17','0000-00-00 00:00:00',38),(266,1061,2,'2015-06-17 11:33:43','0000-00-00 00:00:00',47),(267,1066,2,'2015-06-17 11:35:33','0000-00-00 00:00:00',38),(268,1068,2,'2015-06-17 11:36:02','0000-00-00 00:00:00',17),(269,1067,2,'2015-06-17 11:36:52','0000-00-00 00:00:00',47),(270,1069,2,'2015-06-17 11:37:52','0000-00-00 00:00:00',17),(271,1070,2,'2015-06-17 11:38:01','0000-00-00 00:00:00',38),(272,1071,2,'2015-06-17 11:39:52','0000-00-00 00:00:00',38),(273,1072,2,'2015-06-17 11:43:27','0000-00-00 00:00:00',47),(274,1073,2,'2015-06-17 11:44:31','0000-00-00 00:00:00',38),(275,1074,2,'2015-06-17 11:46:50','0000-00-00 00:00:00',47),(276,1075,2,'2015-06-17 11:54:53','0000-00-00 00:00:00',47),(277,1077,2,'2015-06-17 11:57:07','0000-00-00 00:00:00',38),(278,1076,2,'2015-06-17 11:57:22','0000-00-00 00:00:00',47),(279,1078,2,'2015-06-17 11:59:48','0000-00-00 00:00:00',47),(280,1079,2,'2015-06-17 12:00:15','0000-00-00 00:00:00',38),(281,1080,2,'2015-06-17 12:02:12','0000-00-00 00:00:00',47),(282,1081,2,'2015-06-17 12:03:43','0000-00-00 00:00:00',38),(283,1082,2,'2015-06-17 12:04:28','0000-00-00 00:00:00',47),(284,1083,2,'2015-06-17 12:06:19','0000-00-00 00:00:00',38),(285,1084,2,'2015-06-17 12:08:19','0000-00-00 00:00:00',38),(286,1087,2,'2015-06-17 16:24:53','0000-00-00 00:00:00',38),(287,1088,2,'2015-06-17 16:31:56','0000-00-00 00:00:00',38),(288,1089,2,'2015-06-17 16:35:15','0000-00-00 00:00:00',38),(289,1090,2,'2015-06-17 16:50:47','0000-00-00 00:00:00',38),(290,1091,2,'2015-06-17 16:53:31','0000-00-00 00:00:00',38),(291,1092,2,'2015-06-18 09:06:31','0000-00-00 00:00:00',38),(292,1093,2,'2015-06-18 09:10:00','0000-00-00 00:00:00',38),(293,1094,2,'2015-06-18 09:11:53','0000-00-00 00:00:00',17),(294,1095,2,'2015-06-18 09:15:27','0000-00-00 00:00:00',38),(295,1096,2,'2015-06-18 09:18:53','0000-00-00 00:00:00',38),(296,1097,2,'2015-06-18 09:21:55','0000-00-00 00:00:00',38),(297,1099,2,'2015-06-18 09:28:21','0000-00-00 00:00:00',38),(298,1100,2,'2015-06-18 09:32:09','0000-00-00 00:00:00',38),(299,1101,2,'2015-06-18 09:46:03','0000-00-00 00:00:00',38),(300,1102,2,'2015-06-18 09:50:54','0000-00-00 00:00:00',38),(301,1103,2,'2015-06-18 09:51:40','0000-00-00 00:00:00',17),(302,1105,2,'2015-06-18 10:05:34','0000-00-00 00:00:00',38),(303,1104,2,'2015-06-18 10:06:50','0000-00-00 00:00:00',48),(304,1106,2,'2015-06-18 10:07:36','0000-00-00 00:00:00',38),(305,1107,2,'2015-06-18 10:09:12','0000-00-00 00:00:00',47),(306,1109,2,'2015-06-18 10:10:52','0000-00-00 00:00:00',38),(307,1108,2,'2015-06-18 10:11:25','0000-00-00 00:00:00',48),(308,1110,2,'2015-06-18 10:11:40','0000-00-00 00:00:00',47),(309,1111,2,'2015-06-18 10:14:07','0000-00-00 00:00:00',47),(310,1112,2,'2015-06-18 10:15:28','0000-00-00 00:00:00',48),(311,1113,2,'2015-06-18 10:15:39','0000-00-00 00:00:00',17),(312,1114,2,'2015-06-18 10:15:50','0000-00-00 00:00:00',38),(313,1116,2,'2015-06-18 10:17:23','0000-00-00 00:00:00',17),(314,1115,2,'2015-06-18 10:18:10','0000-00-00 00:00:00',48),(315,1117,2,'2015-06-18 10:18:51','0000-00-00 00:00:00',17),(316,1120,2,'2015-06-18 10:20:59','0000-00-00 00:00:00',17),(317,1118,2,'2015-06-18 10:21:06','0000-00-00 00:00:00',48),(318,1119,2,'2015-06-18 10:21:09','0000-00-00 00:00:00',47),(319,1121,2,'2015-06-18 10:22:09','0000-00-00 00:00:00',17),(320,1122,2,'2015-06-18 10:23:05','0000-00-00 00:00:00',38),(321,1126,2,'2015-06-18 10:23:42','0000-00-00 00:00:00',17),(322,1124,2,'2015-06-18 10:24:00','0000-00-00 00:00:00',47),(323,1123,2,'2015-06-18 10:24:03','0000-00-00 00:00:00',48),(324,1127,2,'2015-06-18 10:26:48','0000-00-00 00:00:00',38),(325,1128,2,'2015-06-18 10:27:59','0000-00-00 00:00:00',48),(326,1129,2,'2015-06-18 10:29:06','0000-00-00 00:00:00',47),(327,1130,2,'2015-06-18 10:31:36','0000-00-00 00:00:00',48),(328,1131,2,'2015-06-18 10:31:55','0000-00-00 00:00:00',47),(329,1132,2,'2015-06-18 10:33:57','0000-00-00 00:00:00',47),(330,1133,2,'2015-06-18 10:34:35','0000-00-00 00:00:00',48),(331,1134,2,'2015-06-18 10:36:08','0000-00-00 00:00:00',47),(332,1135,2,'2015-06-18 10:37:22','0000-00-00 00:00:00',48),(333,1136,2,'2015-06-18 10:39:29','0000-00-00 00:00:00',48),(334,1137,2,'2015-06-18 10:41:40','0000-00-00 00:00:00',47),(335,1138,2,'2015-06-18 10:44:40','0000-00-00 00:00:00',47),(336,1139,2,'2015-06-18 10:52:29','0000-00-00 00:00:00',47),(337,1140,2,'2015-06-18 11:21:05','0000-00-00 00:00:00',47),(338,1141,2,'2015-06-18 11:23:25','0000-00-00 00:00:00',47),(339,1142,2,'2015-06-18 11:25:54','0000-00-00 00:00:00',47),(340,1143,2,'2015-06-18 11:27:52','0000-00-00 00:00:00',47),(341,1144,2,'2015-06-18 11:29:43','0000-00-00 00:00:00',47),(342,1145,2,'2015-06-18 11:32:41','0000-00-00 00:00:00',47),(343,1146,2,'2015-06-18 11:35:03','0000-00-00 00:00:00',48),(344,1147,2,'2015-06-18 11:35:05','0000-00-00 00:00:00',47),(345,1148,2,'2015-06-18 11:37:28','0000-00-00 00:00:00',47),(346,1149,2,'2015-06-18 11:39:44','0000-00-00 00:00:00',48),(347,1150,2,'2015-06-18 11:43:02','0000-00-00 00:00:00',47),(348,1151,2,'2015-06-18 11:43:09','0000-00-00 00:00:00',48),(349,1152,2,'2015-06-18 11:48:44','0000-00-00 00:00:00',48),(350,1153,2,'2015-06-18 11:51:21','0000-00-00 00:00:00',47),(351,1154,2,'2015-06-18 11:52:43','0000-00-00 00:00:00',48),(352,1155,2,'2015-06-18 11:58:16','0000-00-00 00:00:00',48),(353,1156,2,'2015-06-18 12:00:55','0000-00-00 00:00:00',48),(354,1157,2,'2015-06-19 09:49:38','0000-00-00 00:00:00',47),(355,1160,2,'2015-06-19 10:02:47','0000-00-00 00:00:00',47),(356,1158,2,'2015-06-19 10:08:56','0000-00-00 00:00:00',47),(357,1159,2,'2015-06-19 10:10:17','0000-00-00 00:00:00',47),(358,1161,2,'2015-06-19 10:17:26','0000-00-00 00:00:00',47),(359,1162,2,'2015-06-19 10:25:19','0000-00-00 00:00:00',47),(360,1163,2,'2015-06-19 10:29:04','0000-00-00 00:00:00',47),(361,1164,2,'2015-06-19 10:33:45','0000-00-00 00:00:00',47),(362,629,2,'2015-06-19 10:41:47','0000-00-00 00:00:00',47),(363,1165,2,'2015-06-19 11:04:52','0000-00-00 00:00:00',47),(364,1166,2,'2015-06-19 11:08:57','0000-00-00 00:00:00',47),(365,1167,2,'2015-06-19 11:13:32','0000-00-00 00:00:00',47),(366,1168,2,'2015-06-19 11:17:36','0000-00-00 00:00:00',15),(367,1169,2,'2015-06-19 11:23:21','0000-00-00 00:00:00',15),(368,1170,2,'2015-06-19 11:27:42','0000-00-00 00:00:00',15),(369,1171,2,'2015-06-19 11:38:27','0000-00-00 00:00:00',47),(370,1172,2,'2015-06-19 11:41:03','0000-00-00 00:00:00',47),(371,1173,2,'2015-06-19 11:43:48','0000-00-00 00:00:00',47),(372,1174,2,'2015-06-19 11:46:29','0000-00-00 00:00:00',47),(373,1175,2,'2015-06-19 11:48:21','0000-00-00 00:00:00',47),(374,1176,2,'2015-06-19 11:51:51','0000-00-00 00:00:00',47),(375,1177,2,'2015-06-19 11:54:14','0000-00-00 00:00:00',47),(376,1178,2,'2015-06-19 11:56:20','0000-00-00 00:00:00',47),(377,1180,2,'2015-06-19 15:53:20','0000-00-00 00:00:00',15),(378,1181,2,'2015-06-19 16:03:12','0000-00-00 00:00:00',15),(379,1182,2,'2015-06-19 16:07:36','0000-00-00 00:00:00',15),(380,1183,2,'2015-06-19 16:14:48','0000-00-00 00:00:00',15),(381,1184,2,'2015-06-19 16:17:12','0000-00-00 00:00:00',15),(382,1185,2,'2015-06-19 16:19:12','0000-00-00 00:00:00',15),(383,1186,2,'2015-06-19 16:21:42','0000-00-00 00:00:00',15),(384,1187,2,'2015-06-19 16:29:06','0000-00-00 00:00:00',15),(385,1188,2,'2015-06-19 16:34:06','0000-00-00 00:00:00',15),(386,1189,2,'2015-06-19 16:38:03','0000-00-00 00:00:00',15),(387,1190,2,'2015-06-19 16:41:40','0000-00-00 00:00:00',15),(388,547,1,'2015-06-19 20:18:35','0000-00-00 00:00:00',15),(390,1191,1,'2015-06-19 20:21:41','0000-00-00 00:00:00',15),(391,1192,2,'2015-06-22 08:10:56','0000-00-00 00:00:00',47),(392,1193,2,'2015-06-22 08:14:29','0000-00-00 00:00:00',47),(393,1194,2,'2015-06-22 08:18:09','0000-00-00 00:00:00',47),(394,1195,2,'2015-06-22 08:21:27','0000-00-00 00:00:00',47),(395,1196,2,'2015-06-22 08:24:41','0000-00-00 00:00:00',47),(396,1197,2,'2015-06-22 08:27:06','0000-00-00 00:00:00',47),(397,1198,2,'2015-06-22 08:29:39','0000-00-00 00:00:00',47),(398,1199,2,'2015-06-22 08:32:03','0000-00-00 00:00:00',47),(399,1200,2,'2015-06-22 08:34:43','0000-00-00 00:00:00',47),(400,1201,2,'2015-06-22 08:37:20','0000-00-00 00:00:00',47),(401,1202,2,'2015-06-22 08:39:42','0000-00-00 00:00:00',47),(402,1203,2,'2015-06-22 08:52:24','0000-00-00 00:00:00',47),(403,1204,2,'2015-06-22 08:58:55','0000-00-00 00:00:00',47),(404,1205,2,'2015-06-22 09:08:54','0000-00-00 00:00:00',47),(405,1206,2,'2015-06-22 09:15:12','0000-00-00 00:00:00',47),(406,1207,2,'2015-06-22 09:38:34','0000-00-00 00:00:00',47),(407,1208,2,'2015-06-22 09:47:13','0000-00-00 00:00:00',47),(408,1209,2,'2015-06-22 09:49:38','0000-00-00 00:00:00',47),(409,1210,2,'2015-06-22 09:55:33','0000-00-00 00:00:00',47),(410,1211,2,'2015-06-22 10:02:16','0000-00-00 00:00:00',47),(411,1212,2,'2015-06-22 10:04:38','0000-00-00 00:00:00',47),(412,1213,2,'2015-06-22 10:23:18','0000-00-00 00:00:00',47),(413,1214,2,'2015-06-22 10:39:17','0000-00-00 00:00:00',47),(414,1215,2,'2015-06-22 10:53:38','0000-00-00 00:00:00',47),(415,1216,2,'2015-06-22 10:57:10','0000-00-00 00:00:00',47),(416,1217,2,'2015-06-22 10:59:25','0000-00-00 00:00:00',47),(417,1218,2,'2015-06-22 13:20:23','0000-00-00 00:00:00',15),(418,1219,2,'2015-06-22 13:22:43','0000-00-00 00:00:00',15),(419,1220,2,'2015-06-22 13:24:52','0000-00-00 00:00:00',15),(420,1221,2,'2015-06-22 14:00:33','0000-00-00 00:00:00',40),(421,1222,2,'2015-06-22 14:04:48','0000-00-00 00:00:00',40),(422,1224,2,'2015-06-22 14:24:15','0000-00-00 00:00:00',23),(423,1223,1,'2015-06-22 14:25:49','0000-00-00 00:00:00',15),(424,1225,2,'2015-06-22 14:37:15','0000-00-00 00:00:00',23),(425,1226,2,'2015-06-22 14:39:17','0000-00-00 00:00:00',23),(426,1227,2,'2015-06-22 14:42:21','0000-00-00 00:00:00',23),(427,1228,2,'2015-06-22 14:45:12','0000-00-00 00:00:00',23),(428,1229,2,'2015-06-22 14:49:02','0000-00-00 00:00:00',23),(429,1230,2,'2015-06-22 14:55:41','0000-00-00 00:00:00',23),(430,1231,2,'2015-06-22 15:01:53','0000-00-00 00:00:00',23),(431,1232,2,'2015-06-22 15:04:00','0000-00-00 00:00:00',23),(432,1233,2,'2015-06-22 15:10:13','0000-00-00 00:00:00',23),(433,1234,2,'2015-06-22 15:12:33','0000-00-00 00:00:00',23),(434,1235,2,'2015-06-22 15:16:59','0000-00-00 00:00:00',23),(435,1236,2,'2015-06-22 15:19:33','0000-00-00 00:00:00',23),(436,1237,2,'2015-06-22 15:22:03','0000-00-00 00:00:00',23),(437,1238,2,'2015-06-22 15:24:22','0000-00-00 00:00:00',23),(438,1239,2,'2015-06-22 15:27:20','0000-00-00 00:00:00',23),(439,1240,2,'2015-06-22 15:33:34','0000-00-00 00:00:00',15),(440,881,1,'2015-06-22 15:40:40','0000-00-00 00:00:00',35),(441,1242,2,'2015-06-22 16:27:05','0000-00-00 00:00:00',40),(442,1243,2,'2015-06-22 16:32:55','0000-00-00 00:00:00',40),(443,1244,2,'2015-06-22 16:39:25','0000-00-00 00:00:00',40),(444,1245,2,'2015-06-22 16:42:30','0000-00-00 00:00:00',40),(445,1246,2,'2015-06-22 16:46:06','0000-00-00 00:00:00',40),(446,685,2,'2015-06-22 16:47:45','0000-00-00 00:00:00',40),(447,1247,2,'2015-06-23 07:39:06','0000-00-00 00:00:00',43),(448,1248,2,'2015-06-23 08:10:06','0000-00-00 00:00:00',43),(449,1250,2,'2015-06-23 08:42:15','0000-00-00 00:00:00',43),(450,1249,2,'2015-06-23 08:42:38','0000-00-00 00:00:00',47),(451,1255,2,'2015-06-23 08:47:53','0000-00-00 00:00:00',47),(452,1262,2,'2015-06-23 08:52:45','0000-00-00 00:00:00',47),(453,1269,2,'2015-06-23 08:59:43','0000-00-00 00:00:00',47),(454,1271,2,'2015-06-23 09:01:47','0000-00-00 00:00:00',43),(455,1272,2,'2015-06-23 09:03:10','0000-00-00 00:00:00',47),(456,1273,2,'2015-06-23 09:06:21','0000-00-00 00:00:00',47),(457,1274,2,'2015-06-23 09:10:03','0000-00-00 00:00:00',47),(458,1277,2,'2015-06-23 09:12:08','0000-00-00 00:00:00',47),(459,1278,2,'2015-06-23 09:18:29','0000-00-00 00:00:00',47),(460,1279,2,'2015-06-23 09:25:04','0000-00-00 00:00:00',47),(461,1280,2,'2015-06-23 09:28:43','0000-00-00 00:00:00',47),(462,1281,2,'2015-06-23 09:39:48','0000-00-00 00:00:00',47),(463,1282,2,'2015-06-23 09:42:22','0000-00-00 00:00:00',47),(464,1283,2,'2015-06-23 09:44:58','0000-00-00 00:00:00',47),(465,1284,2,'2015-06-23 09:47:22','0000-00-00 00:00:00',47),(466,1285,2,'2015-06-23 09:47:50','0000-00-00 00:00:00',43),(467,1286,2,'2015-06-23 09:49:43','0000-00-00 00:00:00',47),(470,1287,2,'2015-06-23 09:53:37','0000-00-00 00:00:00',47),(471,1290,2,'2015-06-23 09:56:46','0000-00-00 00:00:00',47),(472,1291,2,'2015-06-23 09:58:57','0000-00-00 00:00:00',47),(473,1292,2,'2015-06-23 10:07:25','0000-00-00 00:00:00',43),(474,1293,2,'2015-06-23 10:12:46','0000-00-00 00:00:00',43),(475,1294,2,'2015-06-23 10:19:17','0000-00-00 00:00:00',43),(476,1295,2,'2015-06-23 10:23:55','0000-00-00 00:00:00',47),(477,1296,2,'2015-06-23 10:26:46','0000-00-00 00:00:00',43),(478,1297,2,'2015-06-23 10:29:56','0000-00-00 00:00:00',47),(479,1298,2,'2015-06-23 10:33:02','0000-00-00 00:00:00',47),(480,1299,2,'2015-06-23 10:33:23','0000-00-00 00:00:00',43),(481,1300,2,'2015-06-23 10:37:13','0000-00-00 00:00:00',47),(482,1301,2,'2015-06-23 10:42:28','0000-00-00 00:00:00',47),(483,1302,2,'2015-06-23 10:47:52','0000-00-00 00:00:00',43),(484,1303,2,'2015-06-23 10:51:15','0000-00-00 00:00:00',47),(485,1304,2,'2015-06-23 10:53:30','0000-00-00 00:00:00',43),(486,1305,2,'2015-06-23 11:20:16','0000-00-00 00:00:00',47),(487,1306,2,'2015-06-23 11:24:29','0000-00-00 00:00:00',47),(488,1307,2,'2015-06-23 11:26:54','0000-00-00 00:00:00',47),(489,1308,2,'2015-06-23 11:41:29','0000-00-00 00:00:00',47),(490,1309,2,'2015-06-23 11:45:57','0000-00-00 00:00:00',47),(491,1310,2,'2015-06-23 11:50:08','0000-00-00 00:00:00',47),(492,1311,2,'2015-06-23 11:53:56','0000-00-00 00:00:00',47),(493,1313,2,'2015-06-23 11:56:48','0000-00-00 00:00:00',47),(494,1314,2,'2015-06-23 11:59:06','0000-00-00 00:00:00',47),(495,1315,2,'2015-06-23 12:02:27','0000-00-00 00:00:00',47),(496,1316,2,'2015-06-23 12:05:57','0000-00-00 00:00:00',47),(497,1317,2,'2015-06-23 12:08:36','0000-00-00 00:00:00',47),(498,1318,2,'2015-06-23 12:11:07','0000-00-00 00:00:00',47),(499,1319,2,'2015-06-23 12:15:06','0000-00-00 00:00:00',47),(500,1320,2,'2015-06-23 12:20:49','0000-00-00 00:00:00',47),(501,1321,2,'2015-06-23 12:39:12','0000-00-00 00:00:00',40),(502,1322,2,'2015-06-23 12:43:51','0000-00-00 00:00:00',40),(503,1323,2,'2015-06-23 12:50:00','0000-00-00 00:00:00',40),(504,1324,2,'2015-06-23 12:52:37','0000-00-00 00:00:00',40),(505,1325,2,'2015-06-23 12:55:34','0000-00-00 00:00:00',40),(506,1326,2,'2015-06-23 12:58:36','0000-00-00 00:00:00',40),(507,1328,2,'2015-06-23 14:14:00','0000-00-00 00:00:00',40),(508,1329,2,'2015-06-23 14:19:33','0000-00-00 00:00:00',40),(509,1330,2,'2015-06-23 14:21:31','0000-00-00 00:00:00',40),(510,1331,2,'2015-06-23 14:23:07','0000-00-00 00:00:00',40),(511,1332,2,'2015-06-23 14:34:24','0000-00-00 00:00:00',23),(512,1333,2,'2015-06-23 14:36:39','0000-00-00 00:00:00',23),(513,1334,2,'2015-06-23 14:38:48','0000-00-00 00:00:00',23),(514,1335,2,'2015-06-23 14:41:04','0000-00-00 00:00:00',17),(515,1336,2,'2015-06-23 14:45:04','0000-00-00 00:00:00',23),(516,1337,2,'2015-06-23 14:45:55','0000-00-00 00:00:00',17),(517,1338,2,'2015-06-23 14:47:12','0000-00-00 00:00:00',23),(518,1339,2,'2015-06-23 14:50:44','0000-00-00 00:00:00',23),(519,1340,2,'2015-06-23 14:53:34','0000-00-00 00:00:00',23),(520,1341,2,'2015-06-23 14:54:10','0000-00-00 00:00:00',17),(521,1342,2,'2015-06-23 14:56:14','0000-00-00 00:00:00',23),(522,1343,2,'2015-06-23 14:57:39','0000-00-00 00:00:00',17),(523,1344,2,'2015-06-23 15:00:07','0000-00-00 00:00:00',23),(524,1345,2,'2015-06-23 15:01:52','0000-00-00 00:00:00',23),(525,1346,2,'2015-06-23 15:02:05','0000-00-00 00:00:00',40),(526,1347,2,'2015-06-23 15:07:09','0000-00-00 00:00:00',23),(527,1348,2,'2015-06-23 15:18:12','0000-00-00 00:00:00',23),(528,1349,2,'2015-06-23 15:20:10','0000-00-00 00:00:00',23),(529,1350,2,'2015-06-23 15:22:28','0000-00-00 00:00:00',23),(530,1351,2,'2015-06-23 15:26:12','0000-00-00 00:00:00',23),(531,1353,2,'2015-06-23 15:43:32','0000-00-00 00:00:00',17),(532,1354,2,'2015-06-23 15:45:22','0000-00-00 00:00:00',17),(533,1355,2,'2015-06-23 15:47:12','0000-00-00 00:00:00',17),(534,1356,2,'2015-06-23 15:54:45','0000-00-00 00:00:00',17),(535,1357,2,'2015-06-23 16:17:56','0000-00-00 00:00:00',17),(536,1358,2,'2015-06-23 16:20:23','0000-00-00 00:00:00',17),(537,1359,2,'2015-06-23 16:21:43','0000-00-00 00:00:00',17),(538,1360,2,'2015-06-23 16:23:13','0000-00-00 00:00:00',17),(539,1361,2,'2015-06-23 16:23:37','0000-00-00 00:00:00',23),(540,1362,2,'2015-06-23 16:25:09','0000-00-00 00:00:00',17),(541,1363,2,'2015-06-23 16:26:46','0000-00-00 00:00:00',23),(542,1364,2,'2015-06-23 16:27:37','0000-00-00 00:00:00',17),(543,1365,2,'2015-06-23 16:29:58','0000-00-00 00:00:00',23),(544,1366,2,'2015-06-23 16:30:29','0000-00-00 00:00:00',17),(545,1367,2,'2015-06-23 16:35:08','0000-00-00 00:00:00',17),(546,1368,2,'2015-06-23 16:36:28','0000-00-00 00:00:00',17),(547,1369,2,'2015-06-23 16:37:16','0000-00-00 00:00:00',23),(548,1370,2,'2015-06-23 16:40:36','0000-00-00 00:00:00',23),(549,1371,2,'2015-06-23 16:42:55','0000-00-00 00:00:00',23),(550,1372,2,'2015-06-23 16:45:39','0000-00-00 00:00:00',23),(551,1373,2,'2015-06-23 16:49:21','0000-00-00 00:00:00',23),(552,1375,2,'2015-06-24 08:24:05','0000-00-00 00:00:00',17),(553,1376,2,'2015-06-24 08:38:41','0000-00-00 00:00:00',17),(554,1377,2,'2015-06-24 08:40:33','0000-00-00 00:00:00',17),(555,1379,2,'2015-06-24 08:44:02','0000-00-00 00:00:00',17),(556,1388,2,'2015-06-24 09:12:53','0000-00-00 00:00:00',17),(557,1378,2,'2015-06-24 09:13:28','0000-00-00 00:00:00',47),(558,1380,2,'2015-06-24 09:15:06','0000-00-00 00:00:00',47),(559,1381,2,'2015-06-24 09:16:40','0000-00-00 00:00:00',47),(560,1382,2,'2015-06-24 09:18:07','0000-00-00 00:00:00',47),(561,1383,2,'2015-06-24 09:19:08','0000-00-00 00:00:00',47),(562,1384,2,'2015-06-24 09:22:50','0000-00-00 00:00:00',47),(563,1386,2,'2015-06-24 09:23:47','0000-00-00 00:00:00',47),(564,620,2,'2015-06-24 09:24:30','0000-00-00 00:00:00',47),(565,1387,2,'2015-06-24 09:25:21','0000-00-00 00:00:00',47),(566,1389,2,'2015-06-24 09:30:36','0000-00-00 00:00:00',47),(567,1390,2,'2015-06-24 09:38:13','0000-00-00 00:00:00',47),(568,1391,2,'2015-06-24 10:57:26','0000-00-00 00:00:00',47),(569,1392,2,'2015-06-24 11:01:38','0000-00-00 00:00:00',47),(570,1393,2,'2015-06-24 11:04:00','0000-00-00 00:00:00',47),(571,1394,2,'2015-06-24 11:06:47','0000-00-00 00:00:00',47),(572,1395,2,'2015-06-24 11:10:13','0000-00-00 00:00:00',47),(573,1396,2,'2015-06-24 11:13:01','0000-00-00 00:00:00',47),(574,1397,2,'2015-06-24 11:16:17','0000-00-00 00:00:00',47),(575,1398,2,'2015-06-24 11:19:16','0000-00-00 00:00:00',47),(576,1399,2,'2015-06-24 11:23:41','0000-00-00 00:00:00',47),(577,1401,2,'2015-06-24 11:26:17','0000-00-00 00:00:00',42),(578,1400,2,'2015-06-24 11:26:51','0000-00-00 00:00:00',47),(579,1402,2,'2015-06-24 11:27:51','0000-00-00 00:00:00',42),(580,1404,2,'2015-06-24 11:29:29','0000-00-00 00:00:00',42),(581,1403,2,'2015-06-24 11:30:18','0000-00-00 00:00:00',47),(582,1405,2,'2015-06-24 11:32:13','0000-00-00 00:00:00',42),(583,1406,2,'2015-06-24 11:33:07','0000-00-00 00:00:00',47),(584,1407,2,'2015-06-24 11:33:30','0000-00-00 00:00:00',42),(585,1408,2,'2015-06-24 11:35:46','0000-00-00 00:00:00',42),(586,1409,2,'2015-06-24 11:36:56','0000-00-00 00:00:00',42),(587,1410,2,'2015-06-24 11:37:39','0000-00-00 00:00:00',15),(588,1411,2,'2015-06-24 11:38:31','0000-00-00 00:00:00',42),(589,1412,2,'2015-06-24 11:38:34','0000-00-00 00:00:00',20),(590,1413,2,'2015-06-24 11:39:51','0000-00-00 00:00:00',15),(591,1414,2,'2015-06-24 11:40:54','0000-00-00 00:00:00',42),(593,1415,2,'2015-06-24 11:46:51','0000-00-00 00:00:00',47),(594,1416,2,'2015-06-24 11:47:40','0000-00-00 00:00:00',20),(595,1417,2,'2015-06-24 11:49:07','0000-00-00 00:00:00',47),(596,1418,2,'2015-06-24 11:52:04','0000-00-00 00:00:00',47),(597,1420,2,'2015-06-24 11:54:22','0000-00-00 00:00:00',20),(598,1419,2,'2015-06-24 11:54:24','0000-00-00 00:00:00',47),(599,1421,2,'2015-06-24 11:56:09','0000-00-00 00:00:00',47),(600,1423,2,'2015-06-24 11:58:47','0000-00-00 00:00:00',20),(601,1422,2,'2015-06-24 11:59:13','0000-00-00 00:00:00',47),(602,1424,2,'2015-06-24 12:01:49','0000-00-00 00:00:00',47),(603,1425,2,'2015-06-24 12:03:43','0000-00-00 00:00:00',47),(604,1426,2,'2015-06-24 12:05:42','0000-00-00 00:00:00',47),(605,1427,2,'2015-06-24 13:33:01','0000-00-00 00:00:00',20),(606,1428,2,'2015-06-24 13:37:33','0000-00-00 00:00:00',20),(607,1429,2,'2015-06-24 13:42:19','0000-00-00 00:00:00',20),(608,1430,2,'2015-06-24 13:48:22','0000-00-00 00:00:00',20),(609,568,1,'2015-06-24 15:41:27','0000-00-00 00:00:00',35),(610,1432,2,'2015-06-24 15:48:14','0000-00-00 00:00:00',41),(611,1433,2,'2015-06-24 15:52:21','0000-00-00 00:00:00',41),(612,1434,2,'2015-06-24 16:10:29','0000-00-00 00:00:00',41),(613,1435,2,'2015-06-24 16:13:48','0000-00-00 00:00:00',41),(614,1436,2,'2015-06-24 16:17:35','0000-00-00 00:00:00',41),(615,1437,2,'2015-06-24 16:44:53','0000-00-00 00:00:00',41),(616,1438,2,'2015-06-25 08:46:51','0000-00-00 00:00:00',40),(617,1439,2,'2015-06-25 08:49:12','0000-00-00 00:00:00',40),(618,1441,2,'2015-06-25 10:47:12','0000-00-00 00:00:00',47),(619,1442,2,'2015-06-25 10:51:17','0000-00-00 00:00:00',47),(620,1443,2,'2015-06-25 10:53:59','0000-00-00 00:00:00',47),(621,1444,2,'2015-06-25 10:56:31','0000-00-00 00:00:00',47),(622,1446,2,'2015-06-25 10:58:55','0000-00-00 00:00:00',17),(623,1445,2,'2015-06-25 10:59:36','0000-00-00 00:00:00',47),(624,1447,2,'2015-06-25 11:00:40','0000-00-00 00:00:00',17),(625,1448,2,'2015-06-25 11:01:57','0000-00-00 00:00:00',47),(626,1449,2,'2015-06-25 11:02:05','0000-00-00 00:00:00',17),(627,1450,2,'2015-06-25 11:04:10','0000-00-00 00:00:00',47),(628,1451,2,'2015-06-25 11:08:08','0000-00-00 00:00:00',47),(629,1452,2,'2015-06-25 11:12:59','0000-00-00 00:00:00',47),(630,1453,2,'2015-06-25 11:15:18','0000-00-00 00:00:00',47),(631,1454,2,'2015-06-25 11:15:32','0000-00-00 00:00:00',17),(632,1455,2,'2015-06-25 11:19:03','0000-00-00 00:00:00',17),(633,1456,2,'2015-06-25 11:20:59','0000-00-00 00:00:00',17),(634,1457,2,'2015-06-25 11:22:51','0000-00-00 00:00:00',17),(635,1458,2,'2015-06-25 11:24:19','0000-00-00 00:00:00',17),(636,1459,2,'2015-06-25 11:26:05','0000-00-00 00:00:00',17),(637,1460,2,'2015-06-25 11:27:17','0000-00-00 00:00:00',17),(638,1461,2,'2015-06-25 11:28:55','0000-00-00 00:00:00',17),(639,1462,2,'2015-06-25 11:30:39','0000-00-00 00:00:00',17),(640,1463,2,'2015-06-25 11:32:34','0000-00-00 00:00:00',17),(641,1464,2,'2015-06-25 11:34:25','0000-00-00 00:00:00',17),(642,1465,2,'2015-06-25 11:37:23','0000-00-00 00:00:00',17),(643,1466,2,'2015-06-25 11:39:35','0000-00-00 00:00:00',17),(644,1467,2,'2015-06-25 11:55:49','0000-00-00 00:00:00',41),(645,1468,2,'2015-06-25 12:02:17','0000-00-00 00:00:00',41),(646,1470,2,'2015-06-25 12:08:02','0000-00-00 00:00:00',41),(647,1471,2,'2015-06-25 13:44:14','0000-00-00 00:00:00',41),(648,1472,2,'2015-06-25 13:47:27','0000-00-00 00:00:00',17),(649,1473,2,'2015-06-25 13:48:58','0000-00-00 00:00:00',17),(650,1474,2,'2015-06-25 13:50:08','0000-00-00 00:00:00',17),(651,1475,2,'2015-06-25 13:50:26','0000-00-00 00:00:00',41),(652,1476,2,'2015-06-25 13:51:25','0000-00-00 00:00:00',17),(653,1477,2,'2015-06-25 13:53:02','0000-00-00 00:00:00',17),(654,1478,2,'2015-06-25 13:59:56','0000-00-00 00:00:00',17),(655,1479,2,'2015-06-25 14:01:21','0000-00-00 00:00:00',17),(656,1480,2,'2015-06-25 14:03:01','0000-00-00 00:00:00',17),(657,1481,2,'2015-06-25 14:03:48','0000-00-00 00:00:00',17),(658,1482,2,'2015-06-25 14:04:39','0000-00-00 00:00:00',17),(659,1483,1,'2015-06-25 16:10:52','0000-00-00 00:00:00',41),(660,1484,2,'2015-06-25 16:24:58','0000-00-00 00:00:00',41),(661,1485,2,'2015-06-25 16:29:37','0000-00-00 00:00:00',41),(662,1486,2,'2015-06-25 16:57:26','0000-00-00 00:00:00',41),(663,1489,2,'2015-06-25 17:21:33','0000-00-00 00:00:00',41),(664,1490,2,'2015-06-25 17:27:38','0000-00-00 00:00:00',41),(665,1491,2,'2015-06-25 17:33:35','0000-00-00 00:00:00',41),(666,1492,2,'2015-06-25 17:36:51','0000-00-00 00:00:00',41),(667,1493,2,'2015-06-25 17:38:53','0000-00-00 00:00:00',41),(668,1494,2,'2015-06-25 17:42:28','0000-00-00 00:00:00',41),(669,1495,2,'2015-06-25 17:44:46','0000-00-00 00:00:00',41),(670,1496,2,'2015-06-26 08:18:45','0000-00-00 00:00:00',23),(671,1497,2,'2015-06-26 08:21:59','0000-00-00 00:00:00',23),(672,1498,2,'2015-06-26 08:28:35','0000-00-00 00:00:00',23),(673,1499,2,'2015-06-26 08:34:05','0000-00-00 00:00:00',23),(674,1500,2,'2015-06-26 08:37:16','0000-00-00 00:00:00',23),(675,1501,2,'2015-06-26 08:39:38','0000-00-00 00:00:00',23),(676,1502,1,'2015-06-26 08:49:47','0000-00-00 00:00:00',24),(677,1503,2,'2015-06-26 09:00:49','0000-00-00 00:00:00',23),(678,1504,2,'2015-06-26 09:05:36','0000-00-00 00:00:00',23),(679,1505,2,'2015-06-26 09:08:37','0000-00-00 00:00:00',47),(680,1507,2,'2015-06-26 09:10:08','0000-00-00 00:00:00',23),(681,1509,2,'2015-06-26 09:12:42','0000-00-00 00:00:00',23),(682,1508,2,'2015-06-26 09:13:41','0000-00-00 00:00:00',47),(683,1511,2,'2015-06-26 09:17:13','0000-00-00 00:00:00',47),(684,1513,2,'2015-06-26 09:19:43','0000-00-00 00:00:00',23),(685,1512,2,'2015-06-26 09:20:30','0000-00-00 00:00:00',47),(686,1514,2,'2015-06-26 09:22:21','0000-00-00 00:00:00',23),(687,1516,2,'2015-06-26 09:24:57','0000-00-00 00:00:00',23),(688,1515,2,'2015-06-26 09:25:11','0000-00-00 00:00:00',47),(689,1518,1,'2015-06-26 09:26:08','0000-00-00 00:00:00',42),(690,1519,2,'2015-06-26 09:27:12','0000-00-00 00:00:00',23),(691,1520,2,'2015-06-26 09:30:42','0000-00-00 00:00:00',23),(692,1521,2,'2015-06-26 09:33:06','0000-00-00 00:00:00',23),(693,1517,1,'2015-06-26 09:35:14','0000-00-00 00:00:00',24),(694,1522,2,'2015-06-26 09:43:22','0000-00-00 00:00:00',24),(695,1523,2,'2015-06-26 09:47:05','0000-00-00 00:00:00',24),(696,1524,2,'2015-06-26 10:06:24','0000-00-00 00:00:00',24),(697,1525,2,'2015-06-26 10:14:46','0000-00-00 00:00:00',24),(698,1526,2,'2015-06-26 10:16:09','0000-00-00 00:00:00',24),(699,1528,1,'2015-06-26 11:06:10','0000-00-00 00:00:00',24),(700,1529,1,'2015-06-26 11:11:27','0000-00-00 00:00:00',23),(701,1530,2,'2015-06-26 11:31:03','0000-00-00 00:00:00',47),(702,1531,2,'2015-06-26 11:33:49','0000-00-00 00:00:00',47),(703,708,1,'2015-06-26 11:34:45','0000-00-00 00:00:00',24),(704,1532,2,'2015-06-26 11:36:50','0000-00-00 00:00:00',47),(705,729,1,'2015-06-26 11:39:09','0000-00-00 00:00:00',20),(706,1533,2,'2015-06-26 11:39:22','0000-00-00 00:00:00',47),(707,1534,2,'2015-06-26 11:41:15','0000-00-00 00:00:00',47),(708,730,1,'2015-06-26 11:41:43','0000-00-00 00:00:00',20),(709,1535,2,'2015-06-26 11:43:57','0000-00-00 00:00:00',47),(710,1536,2,'2015-06-26 11:47:15','0000-00-00 00:00:00',47),(711,1537,2,'2015-06-26 11:49:49','0000-00-00 00:00:00',47),(712,1538,2,'2015-06-26 11:51:57','0000-00-00 00:00:00',47),(713,1539,2,'2015-06-26 11:54:22','0000-00-00 00:00:00',47),(714,1540,2,'2015-06-26 11:56:15','0000-00-00 00:00:00',47),(715,1541,2,'2015-06-26 12:05:13','0000-00-00 00:00:00',47),(716,1542,2,'2015-06-26 12:07:52','0000-00-00 00:00:00',47),(717,1543,2,'2015-06-26 12:10:05','0000-00-00 00:00:00',47),(718,1544,2,'2015-06-26 12:12:52','0000-00-00 00:00:00',47),(719,1545,2,'2015-06-26 12:14:13','0000-00-00 00:00:00',40),(722,1546,2,'2015-06-26 12:16:23','0000-00-00 00:00:00',40),(723,1547,2,'2015-06-26 12:18:07','0000-00-00 00:00:00',47),(724,1548,2,'2015-06-26 12:20:18','0000-00-00 00:00:00',47),(725,1549,2,'2015-06-26 12:22:02','0000-00-00 00:00:00',47),(726,1550,2,'2015-06-26 12:24:18','0000-00-00 00:00:00',47),(727,1551,2,'2015-06-26 12:26:04','0000-00-00 00:00:00',47),(728,1552,2,'2015-06-26 12:27:54','0000-00-00 00:00:00',47),(729,1553,1,'2015-06-26 13:22:13','0000-00-00 00:00:00',24),(730,1554,2,'2015-06-26 15:05:29','0000-00-00 00:00:00',42),(731,1555,2,'2015-06-26 15:09:37','0000-00-00 00:00:00',42),(732,1556,2,'2015-06-26 15:11:49','0000-00-00 00:00:00',42),(733,1557,2,'2015-06-26 15:14:17','0000-00-00 00:00:00',42),(734,1558,2,'2015-06-26 15:17:25','0000-00-00 00:00:00',42),(735,1560,2,'2015-06-28 21:56:55','0000-00-00 00:00:00',20),(736,1561,2,'2015-06-28 22:00:03','0000-00-00 00:00:00',20),(737,1562,2,'2015-06-28 22:03:48','0000-00-00 00:00:00',20),(738,1563,2,'2015-06-28 22:08:38','0000-00-00 00:00:00',20),(739,1564,2,'2015-06-28 22:13:58','0000-00-00 00:00:00',20),(740,1565,2,'2015-06-28 22:16:28','0000-00-00 00:00:00',20),(741,1566,2,'2015-06-29 21:40:42','0000-00-00 00:00:00',20),(742,1567,2,'2015-06-29 21:46:29','0000-00-00 00:00:00',20),(743,1568,2,'2015-06-29 21:55:18','0000-00-00 00:00:00',20),(744,1569,2,'2015-06-30 09:16:18','0000-00-00 00:00:00',47),(745,1570,2,'2015-06-30 09:22:23','0000-00-00 00:00:00',47),(746,1571,2,'2015-06-30 09:50:18','0000-00-00 00:00:00',47),(747,1572,2,'2015-06-30 09:55:23','0000-00-00 00:00:00',47),(748,1573,2,'2015-06-30 09:57:27','0000-00-00 00:00:00',47),(749,1574,2,'2015-06-30 10:01:18','0000-00-00 00:00:00',47),(750,1575,2,'2015-06-30 10:05:49','0000-00-00 00:00:00',47),(751,1576,2,'2015-06-30 10:09:57','0000-00-00 00:00:00',47),(752,1577,2,'2015-06-30 10:18:04','0000-00-00 00:00:00',47),(753,1578,2,'2015-06-30 10:19:52','0000-00-00 00:00:00',47),(754,1579,2,'2015-06-30 10:23:40','0000-00-00 00:00:00',47),(755,1580,2,'2015-06-30 10:27:31','0000-00-00 00:00:00',47),(756,1581,2,'2015-06-30 10:44:27','0000-00-00 00:00:00',47),(757,1582,2,'2015-06-30 10:53:15','0000-00-00 00:00:00',47),(758,1583,2,'2015-06-30 11:06:01','0000-00-00 00:00:00',47),(759,1584,2,'2015-06-30 11:08:12','0000-00-00 00:00:00',47),(760,1585,2,'2015-06-30 11:35:04','0000-00-00 00:00:00',47),(761,1586,2,'2015-06-30 11:37:23','0000-00-00 00:00:00',47),(762,1587,2,'2015-06-30 11:42:20','0000-00-00 00:00:00',47),(763,1588,2,'2015-06-30 11:45:08','0000-00-00 00:00:00',47),(764,1589,2,'2015-06-30 11:47:35','0000-00-00 00:00:00',47),(765,1590,2,'2015-06-30 11:50:48','0000-00-00 00:00:00',47),(766,1591,2,'2015-06-30 12:03:18','0000-00-00 00:00:00',47),(767,1592,2,'2015-06-30 12:06:35','0000-00-00 00:00:00',47),(768,1593,2,'2015-06-30 12:09:44','0000-00-00 00:00:00',47),(769,1594,2,'2015-06-30 12:12:55','0000-00-00 00:00:00',47),(770,1595,1,'2015-06-30 16:06:04','0000-00-00 00:00:00',15),(771,1597,1,'2015-06-30 16:45:45','0000-00-00 00:00:00',43),(772,1599,2,'2015-06-30 16:53:54','0000-00-00 00:00:00',23),(773,1600,2,'2015-06-30 16:55:17','0000-00-00 00:00:00',23),(774,1598,2,'2015-06-30 16:56:32','0000-00-00 00:00:00',23),(775,1601,2,'2015-06-30 17:15:33','0000-00-00 00:00:00',24),(776,1602,2,'2015-06-30 17:16:03','0000-00-00 00:00:00',24),(777,1603,2,'2015-06-30 17:16:40','0000-00-00 00:00:00',24),(778,1604,2,'2015-06-30 17:17:07','0000-00-00 00:00:00',24),(779,1605,2,'2015-06-30 17:17:38','0000-00-00 00:00:00',24),(780,1606,2,'2015-06-30 17:35:32','0000-00-00 00:00:00',24),(781,1607,2,'2015-06-30 17:37:10','0000-00-00 00:00:00',24),(782,1608,2,'2015-06-30 20:34:45','0000-00-00 00:00:00',24),(783,1609,2,'2015-06-30 20:36:17','0000-00-00 00:00:00',24),(784,1610,2,'2015-06-30 20:39:32','0000-00-00 00:00:00',24),(785,1611,2,'2015-06-30 20:40:44','0000-00-00 00:00:00',24),(786,1612,2,'2015-06-30 21:01:08','0000-00-00 00:00:00',24),(787,1613,2,'2015-06-30 21:02:32','0000-00-00 00:00:00',24),(788,1614,2,'2015-06-30 21:03:42','0000-00-00 00:00:00',24),(789,1615,2,'2015-06-30 21:05:09','0000-00-00 00:00:00',24),(790,1616,2,'2015-06-30 21:31:54','0000-00-00 00:00:00',24),(791,1617,2,'2015-06-30 21:38:52','0000-00-00 00:00:00',24),(792,1618,2,'2015-06-30 21:40:42','0000-00-00 00:00:00',24),(793,1623,2,'2015-06-30 22:54:30','0000-00-00 00:00:00',20),(794,1624,2,'2015-06-30 22:58:30','0000-00-00 00:00:00',20),(795,1625,2,'2015-06-30 23:02:38','0000-00-00 00:00:00',20),(796,1626,2,'2015-06-30 23:07:31','0000-00-00 00:00:00',20),(797,1627,2,'2015-06-30 23:09:58','0000-00-00 00:00:00',20),(798,1628,2,'2015-06-30 23:16:16','0000-00-00 00:00:00',20),(799,1629,1,'2015-07-01 07:54:33','0000-00-00 00:00:00',43),(800,1630,1,'2015-07-01 08:18:23','0000-00-00 00:00:00',46),(801,1632,1,'2015-07-01 08:28:20','0000-00-00 00:00:00',41),(802,1633,2,'2015-07-01 08:29:23','0000-00-00 00:00:00',46),(803,1639,2,'2015-07-01 08:34:25','0000-00-00 00:00:00',43),(804,1640,2,'2015-07-01 08:37:03','0000-00-00 00:00:00',46),(805,1641,2,'2015-07-01 08:37:48','0000-00-00 00:00:00',43),(806,1631,1,'2015-07-01 08:39:28','0000-00-00 00:00:00',10),(808,1651,2,'2015-07-01 08:43:43','0000-00-00 00:00:00',47),(809,1655,2,'2015-07-01 08:44:38','0000-00-00 00:00:00',10),(810,1659,2,'2015-07-01 08:48:04','0000-00-00 00:00:00',46),(811,1660,2,'2015-07-01 08:48:37','0000-00-00 00:00:00',10),(812,1661,2,'2015-07-01 08:51:33','0000-00-00 00:00:00',47),(813,1664,2,'2015-07-01 08:54:32','0000-00-00 00:00:00',47),(814,1665,2,'2015-07-01 08:54:39','0000-00-00 00:00:00',15),(816,1667,2,'2015-07-01 08:57:25','0000-00-00 00:00:00',47),(817,1668,2,'2015-07-01 08:58:11','0000-00-00 00:00:00',15),(818,1670,2,'2015-07-01 08:59:03','0000-00-00 00:00:00',10),(819,1669,2,'2015-07-01 08:59:15','0000-00-00 00:00:00',47),(820,1671,2,'2015-07-01 09:00:31','0000-00-00 00:00:00',17),(821,1672,2,'2015-07-01 09:00:54','0000-00-00 00:00:00',15),(822,1673,2,'2015-07-01 09:01:47','0000-00-00 00:00:00',47),(823,1674,2,'2015-07-01 09:02:13','0000-00-00 00:00:00',10),(824,1675,2,'2015-07-01 09:04:26','0000-00-00 00:00:00',47),(825,1676,2,'2015-07-01 09:04:28','0000-00-00 00:00:00',15),(826,1677,2,'2015-07-01 09:05:55','0000-00-00 00:00:00',17),(827,1678,2,'2015-07-01 09:07:18','0000-00-00 00:00:00',47),(828,1679,2,'2015-07-01 09:08:04','0000-00-00 00:00:00',15),(829,1680,2,'2015-07-01 09:09:55','0000-00-00 00:00:00',47),(830,1681,2,'2015-07-01 09:10:16','0000-00-00 00:00:00',15),(831,1682,2,'2015-07-01 09:14:28','0000-00-00 00:00:00',17),(832,1683,2,'2015-07-01 09:16:31','0000-00-00 00:00:00',46),(833,1684,2,'2015-07-01 09:22:16','0000-00-00 00:00:00',17),(834,1685,2,'2015-07-01 09:24:42','0000-00-00 00:00:00',17),(835,1686,2,'2015-07-01 09:33:58','0000-00-00 00:00:00',24),(836,1622,1,'2015-07-01 09:34:18','0000-00-00 00:00:00',42),(837,1621,1,'2015-07-01 09:35:13','0000-00-00 00:00:00',42),(838,1687,2,'2015-07-01 09:36:09','0000-00-00 00:00:00',24),(839,1688,2,'2015-07-01 09:42:03','0000-00-00 00:00:00',17),(840,1620,1,'2015-07-01 09:42:33','0000-00-00 00:00:00',42),(841,1689,2,'2015-07-01 09:42:39','0000-00-00 00:00:00',10),(842,1619,1,'2015-07-01 09:43:50','0000-00-00 00:00:00',42),(843,1690,2,'2015-07-01 09:46:06','0000-00-00 00:00:00',10),(844,1692,2,'2015-07-01 09:49:56','0000-00-00 00:00:00',10),(845,1693,2,'2015-07-01 09:52:25','0000-00-00 00:00:00',10),(846,1694,2,'2015-07-01 09:54:07','0000-00-00 00:00:00',10),(847,1695,2,'2015-07-01 09:55:37','0000-00-00 00:00:00',10),(848,1696,2,'2015-07-01 10:01:08','0000-00-00 00:00:00',10),(849,1697,2,'2015-07-01 10:03:42','0000-00-00 00:00:00',10),(850,1698,2,'2015-07-01 10:05:01','0000-00-00 00:00:00',10),(851,1699,2,'2015-07-01 10:06:03','0000-00-00 00:00:00',17),(852,1700,2,'2015-07-01 10:07:23','0000-00-00 00:00:00',10),(853,1701,2,'2015-07-01 10:08:57','0000-00-00 00:00:00',10),(854,1702,2,'2015-07-01 10:20:43','0000-00-00 00:00:00',38),(855,1703,2,'2015-07-01 10:26:21','0000-00-00 00:00:00',38),(856,1707,2,'2015-07-06 14:32:06','0000-00-00 00:00:00',24),(857,1708,2,'2015-07-06 14:34:55','0000-00-00 00:00:00',24),(858,1709,2,'2015-07-06 14:36:45','0000-00-00 00:00:00',24),(859,1710,2,'2015-07-06 14:40:55','0000-00-00 00:00:00',24),(860,1711,2,'2015-07-06 14:42:40','0000-00-00 00:00:00',24),(861,1712,2,'2015-07-06 14:48:38','0000-00-00 00:00:00',24),(862,1713,2,'2015-07-06 14:51:12','0000-00-00 00:00:00',24),(863,1714,2,'2015-07-06 14:53:01','0000-00-00 00:00:00',24),(864,1715,2,'2015-07-06 14:54:38','0000-00-00 00:00:00',24),(865,1716,2,'2015-07-06 15:01:59','0000-00-00 00:00:00',24),(866,1717,2,'2015-07-06 15:28:31','0000-00-00 00:00:00',24),(867,1718,2,'2015-07-06 15:38:28','0000-00-00 00:00:00',24),(868,1719,2,'2015-07-06 15:40:03','0000-00-00 00:00:00',24),(869,1720,2,'2015-07-06 15:42:32','0000-00-00 00:00:00',24),(870,1721,2,'2015-07-06 15:43:58','0000-00-00 00:00:00',24),(871,1722,2,'2015-07-06 15:47:15','0000-00-00 00:00:00',24),(872,1723,2,'2015-07-06 15:48:40','0000-00-00 00:00:00',24),(873,1724,2,'2015-07-06 15:50:53','0000-00-00 00:00:00',24),(874,1725,2,'2015-07-06 15:52:30','0000-00-00 00:00:00',24),(875,1726,2,'2015-07-06 15:54:36','0000-00-00 00:00:00',24),(876,1727,2,'2015-07-06 15:56:49','0000-00-00 00:00:00',24),(877,1728,2,'2015-07-06 15:58:19','0000-00-00 00:00:00',24),(878,1729,2,'2015-07-06 15:59:58','0000-00-00 00:00:00',24),(879,1730,2,'2015-07-06 16:01:37','0000-00-00 00:00:00',24),(880,1731,2,'2015-07-06 16:03:24','0000-00-00 00:00:00',24),(881,1732,2,'2015-07-08 15:09:24','0000-00-00 00:00:00',38),(882,1733,2,'2015-07-08 15:15:13','0000-00-00 00:00:00',38),(883,1734,2,'2015-07-08 15:17:56','0000-00-00 00:00:00',38),(884,1735,2,'2015-07-08 15:23:32','0000-00-00 00:00:00',38),(885,1736,2,'2015-07-08 15:27:10','0000-00-00 00:00:00',38),(886,1737,2,'2015-07-08 15:33:16','0000-00-00 00:00:00',38),(887,1739,1,'2015-07-08 16:46:50','0000-00-00 00:00:00',35),(888,1740,2,'2015-07-08 16:57:31','0000-00-00 00:00:00',15),(889,1741,2,'2015-07-08 17:00:13','0000-00-00 00:00:00',15),(890,1742,2,'2015-07-08 17:13:04','0000-00-00 00:00:00',15),(891,1743,2,'2015-07-09 08:33:42','0000-00-00 00:00:00',15),(892,1744,2,'2015-07-09 08:51:22','0000-00-00 00:00:00',15),(893,1745,2,'2015-07-11 10:35:32','0000-00-00 00:00:00',38),(894,1746,2,'2015-07-11 10:40:23','0000-00-00 00:00:00',38),(895,1747,2,'2015-07-11 10:43:38','0000-00-00 00:00:00',38),(896,1748,2,'2015-07-11 10:46:37','0000-00-00 00:00:00',38),(897,1749,2,'2015-07-11 10:55:19','0000-00-00 00:00:00',38),(898,1750,2,'2015-07-11 11:00:04','0000-00-00 00:00:00',38),(899,1751,2,'2015-07-11 11:44:12','0000-00-00 00:00:00',38),(900,1753,2,'2015-07-11 12:17:20','0000-00-00 00:00:00',38),(901,1754,2,'2015-07-11 12:20:27','0000-00-00 00:00:00',38);
/*!40000 ALTER TABLE `per_people_type` ENABLE KEYS */;
UNLOCK TABLES;

--
-- Table structure for table `per_professions`
--

DROP TABLE IF EXISTS `per_professions`;
/*!40101 SET @saved_cs_client     = @@character_set_client */;
/*!40101 SET character_set_client = utf8 */;
CREATE TABLE `per_professions` (
  `id` int(11) NOT NULL AUTO_INCREMENT,
  `name` varchar(90) NOT NULL,
  `state` int(11) NOT NULL,
  `user_id` int(11) NOT NULL,
  `creation_date` datetime NOT NULL,
  `modification_date` timestamp NOT NULL DEFAULT CURRENT_TIMESTAMP ON UPDATE CURRENT_TIMESTAMP,
  PRIMARY KEY (`id`),
  UNIQUE KEY `name` (`name`),
  KEY `user_id` (`user_id`),
  CONSTRAINT `per_professions_ibfk_2` FOREIGN KEY (`user_id`) REFERENCES `users` (`id_user`) ON UPDATE CASCADE
) ENGINE=InnoDB AUTO_INCREMENT=29 DEFAULT CHARSET=latin1;
/*!40101 SET character_set_client = @saved_cs_client */;

--
-- Dumping data for table `per_professions`
--

LOCK TABLES `per_professions` WRITE;
/*!40000 ALTER TABLE `per_professions` DISABLE KEYS */;
INSERT INTO `per_professions` VALUES (1,'Ingeniería Industrial',1,13,'2015-05-22 15:57:15','0000-00-00 00:00:00'),(2,'Piscología',1,13,'2015-05-22 15:57:36','2015-05-25 21:30:07'),(3,'Antropología',1,13,'2015-05-22 15:58:01','0000-00-00 00:00:00'),(4,'Comunicación Audiovisual',1,13,'2015-05-22 15:58:23','0000-00-00 00:00:00'),(5,'Ciencias Políticas',1,13,'2015-05-22 15:58:59','0000-00-00 00:00:00'),(6,'Comunicación Social',1,13,'2015-05-22 15:59:22','0000-00-00 00:00:00'),(7,'Licenciatura En Pedagogía Infantil',1,13,'2015-05-22 16:00:02','0000-00-00 00:00:00'),(8,'Ingeniería Electromecánica',1,35,'2015-06-04 14:29:37','0000-00-00 00:00:00'),(9,'Ingeniería Eléctrica ',1,35,'2015-06-04 14:30:10','0000-00-00 00:00:00'),(10,'Contaduría Pública',1,35,'2015-06-05 10:19:47','0000-00-00 00:00:00'),(11,'Tec. Diseño Y Gestión De La Imagen',1,35,'2015-06-05 10:22:47','0000-00-00 00:00:00'),(12,'Licenciada En Educación',1,35,'2015-06-09 14:26:51','0000-00-00 00:00:00'),(13,'Licenciado (a) En Educación Infantil ',1,35,'2015-06-09 14:32:02','0000-00-00 00:00:00'),(14,'Químico (a)',1,35,'2015-06-16 13:13:22','0000-00-00 00:00:00'),(15,'Trabajo Social',1,35,'2015-06-22 13:36:38','0000-00-00 00:00:00'),(16,'Arquitectura',1,13,'2015-06-22 14:21:49','0000-00-00 00:00:00'),(17,'Tec. Gestión Administrativa',1,35,'2015-06-26 08:36:29','0000-00-00 00:00:00'),(18,'Planeación Y Desarrollo Social',1,35,'2015-06-26 11:19:32','0000-00-00 00:00:00'),(19,'Bibliotecología',1,35,'2015-06-26 11:19:56','0000-00-00 00:00:00'),(20,'Derecho',1,35,'2015-06-26 11:20:43','0000-00-00 00:00:00'),(21,'Tecnología Eléctrica ',1,35,'2015-06-26 13:36:16','0000-00-00 00:00:00'),(22,'Economista',1,35,'2015-06-30 16:23:03','0000-00-00 00:00:00'),(23,'Ingeniería Electrónica',1,35,'2015-06-30 16:43:36','0000-00-00 00:00:00'),(24,'Comunicación Gráfica Y Publicitaria',1,13,'2015-07-01 08:09:55','0000-00-00 00:00:00'),(25,'Administración De Empresas Turísticas',1,13,'2015-07-01 08:10:25','0000-00-00 00:00:00'),(26,'Diseño De Modas',1,13,'2015-07-01 08:25:40','0000-00-00 00:00:00'),(27,'Estudiante Institución Educativa',1,13,'2015-07-01 08:47:52','0000-00-00 00:00:00'),(28,'Medicina',1,35,'2015-07-08 16:31:51','0000-00-00 00:00:00');
/*!40000 ALTER TABLE `per_professions` ENABLE KEYS */;
UNLOCK TABLES;

--
-- Table structure for table `per_school_level`
--

DROP TABLE IF EXISTS `per_school_level`;
/*!40101 SET @saved_cs_client     = @@character_set_client */;
/*!40101 SET character_set_client = utf8 */;
CREATE TABLE `per_school_level` (
  `id` int(11) NOT NULL AUTO_INCREMENT,
  `name` varchar(80) NOT NULL,
  `creation_date` datetime DEFAULT NULL,
  `modification_date` timestamp NOT NULL DEFAULT CURRENT_TIMESTAMP ON UPDATE CURRENT_TIMESTAMP,
  `user_id` int(11) NOT NULL,
  PRIMARY KEY (`id`),
  UNIQUE KEY `name` (`name`),
  KEY `user_id` (`user_id`),
  CONSTRAINT `per_school_level_ibfk_1` FOREIGN KEY (`user_id`) REFERENCES `users` (`id_user`) ON UPDATE CASCADE
) ENGINE=InnoDB AUTO_INCREMENT=9 DEFAULT CHARSET=latin1;
/*!40101 SET character_set_client = @saved_cs_client */;

--
-- Dumping data for table `per_school_level`
--

LOCK TABLES `per_school_level` WRITE;
/*!40000 ALTER TABLE `per_school_level` DISABLE KEYS */;
INSERT INTO `per_school_level` VALUES (1,'Primaria',NULL,'0000-00-00 00:00:00',0),(2,'Básica secundaria',NULL,'2015-06-16 15:09:48',0),(3,'Universitario',NULL,'0000-00-00 00:00:00',0),(4,'Postgrado',NULL,'0000-00-00 00:00:00',0),(5,'Tecnólogo ',NULL,'0000-00-00 00:00:00',0),(6,'Técnico',NULL,'0000-00-00 00:00:00',0),(7,'Básica media',NULL,'0000-00-00 00:00:00',0),(8,'Ninguno',NULL,'0000-00-00 00:00:00',0);
/*!40000 ALTER TABLE `per_school_level` ENABLE KEYS */;
UNLOCK TABLES;

--
-- Table structure for table `per_trainer_funds`
--

DROP TABLE IF EXISTS `per_trainer_funds`;
/*!40101 SET @saved_cs_client     = @@character_set_client */;
/*!40101 SET character_set_client = utf8 */;
CREATE TABLE `per_trainer_funds` (
  `id` int(11) NOT NULL AUTO_INCREMENT,
  `name` varchar(200) NOT NULL,
  `user_id` int(11) NOT NULL,
  `creation_date` datetime DEFAULT NULL,
  `modification_date` timestamp NULL DEFAULT CURRENT_TIMESTAMP,
  PRIMARY KEY (`id`),
  UNIQUE KEY `name` (`name`),
  KEY `user_id` (`user_id`),
  CONSTRAINT `per_trainer_funds_ibfk_2` FOREIGN KEY (`user_id`) REFERENCES `users` (`id_user`) ON UPDATE CASCADE
) ENGINE=InnoDB AUTO_INCREMENT=5 DEFAULT CHARSET=latin1;
/*!40101 SET character_set_client = @saved_cs_client */;

--
-- Dumping data for table `per_trainer_funds`
--

LOCK TABLES `per_trainer_funds` WRITE;
/*!40000 ALTER TABLE `per_trainer_funds` DISABLE KEYS */;
INSERT INTO `per_trainer_funds` VALUES (1,'Ninguno',13,'2015-05-22 16:20:02','0000-00-00 00:00:00'),(2,'Fondo EPM',13,'2015-05-22 16:21:04','0000-00-00 00:00:00'),(3,'Presupuesto Participativo',13,'2015-05-22 16:21:18','0000-00-00 00:00:00'),(4,'Jóvenes Por La Vida',13,'2015-05-22 16:23:30','0000-00-00 00:00:00');
/*!40000 ALTER TABLE `per_trainer_funds` ENABLE KEYS */;
UNLOCK TABLES;

--
-- Table structure for table `per_trainer_schedules`
--

DROP TABLE IF EXISTS `per_trainer_schedules`;
/*!40101 SET @saved_cs_client     = @@character_set_client */;
/*!40101 SET character_set_client = utf8 */;
CREATE TABLE `per_trainer_schedules` (
  `id` int(11) NOT NULL AUTO_INCREMENT,
  `day` varchar(90) NOT NULL,
  `start_time` time NOT NULL,
  `end_time` time NOT NULL,
  `per_trainer_id` int(11) NOT NULL,
  `user_id` int(11) NOT NULL,
  `creation_date` datetime NOT NULL,
  `modification_date` timestamp NOT NULL DEFAULT CURRENT_TIMESTAMP ON UPDATE CURRENT_TIMESTAMP,
  PRIMARY KEY (`id`),
  UNIQUE KEY `validation_schedule` (`day`,`start_time`,`per_trainer_id`),
  KEY `user_id` (`user_id`),
  KEY `per_trainer_id` (`per_trainer_id`),
  CONSTRAINT `per_trainer_schedules_ibfk_1` FOREIGN KEY (`per_trainer_id`) REFERENCES `per_trainers` (`id`) ON UPDATE CASCADE,
  CONSTRAINT `per_trainer_schedules_ibfk_2` FOREIGN KEY (`user_id`) REFERENCES `users` (`id_user`) ON UPDATE CASCADE
) ENGINE=InnoDB DEFAULT CHARSET=latin1;
/*!40101 SET character_set_client = @saved_cs_client */;

--
-- Dumping data for table `per_trainer_schedules`
--

LOCK TABLES `per_trainer_schedules` WRITE;
/*!40000 ALTER TABLE `per_trainer_schedules` DISABLE KEYS */;
/*!40000 ALTER TABLE `per_trainer_schedules` ENABLE KEYS */;
UNLOCK TABLES;

--
-- Table structure for table `per_trainer_types`
--

DROP TABLE IF EXISTS `per_trainer_types`;
/*!40101 SET @saved_cs_client     = @@character_set_client */;
/*!40101 SET character_set_client = utf8 */;
CREATE TABLE `per_trainer_types` (
  `id` int(11) NOT NULL AUTO_INCREMENT,
  `name` varchar(45) NOT NULL,
  `state` int(11) NOT NULL,
  `user_id` int(11) NOT NULL,
  `creation_date` datetime NOT NULL,
  `modification_date` timestamp NOT NULL DEFAULT CURRENT_TIMESTAMP ON UPDATE CURRENT_TIMESTAMP,
  PRIMARY KEY (`id`),
  UNIQUE KEY `name` (`name`),
  KEY `user_id` (`user_id`),
  CONSTRAINT `per_trainer_types_ibfk_1` FOREIGN KEY (`user_id`) REFERENCES `users` (`id_user`) ON UPDATE CASCADE
) ENGINE=InnoDB AUTO_INCREMENT=10 DEFAULT CHARSET=latin1;
/*!40101 SET character_set_client = @saved_cs_client */;

--
-- Dumping data for table `per_trainer_types`
--

LOCK TABLES `per_trainer_types` WRITE;
/*!40000 ALTER TABLE `per_trainer_types` DISABLE KEYS */;
INSERT INTO `per_trainer_types` VALUES (1,'Gestor(a) Cultura Digital MCI',1,13,'2015-05-22 15:46:21','2015-05-22 20:55:53'),(2,'Gestor(a) TIC',1,13,'2015-05-22 15:48:05','2015-05-22 20:56:01'),(3,'Alfabetizador(a) Institución Educativa',1,13,'2015-05-22 15:49:11','2015-05-22 20:55:42'),(4,'Docente Institución Educativa',1,13,'2015-05-22 15:49:33','0000-00-00 00:00:00'),(5,'Dinamizador(a) Telecentro',1,13,'2015-05-22 15:50:43','2015-05-22 20:56:11'),(6,'Voluntario(a)',1,13,'2015-05-22 15:50:58','2015-05-22 20:55:34'),(7,'Técnicos De Cultura Digital Bibliotecas',1,13,'2015-05-22 17:31:50','0000-00-00 00:00:00'),(8,'Entidad Aliada',1,13,'2015-06-30 16:02:13','0000-00-00 00:00:00'),(9,'Practicante',1,35,'2015-06-30 16:42:27','0000-00-00 00:00:00');
/*!40000 ALTER TABLE `per_trainer_types` ENABLE KEYS */;
UNLOCK TABLES;

--
-- Table structure for table `per_trainers`
--

DROP TABLE IF EXISTS `per_trainers`;
/*!40101 SET @saved_cs_client     = @@character_set_client */;
/*!40101 SET character_set_client = utf8 */;
CREATE TABLE `per_trainers` (
  `id` int(11) NOT NULL AUTO_INCREMENT,
  `per_trainer_type_id` int(11) NOT NULL,
  `per_profession_id` int(11) NOT NULL,
  `per_people_type_id` int(11) NOT NULL,
  `per_trainer_fund_id` int(11) DEFAULT NULL,
  `observations` text NOT NULL,
  `state` int(11) DEFAULT NULL,
  `creation_date` datetime NOT NULL,
  `modification_date` timestamp NOT NULL DEFAULT CURRENT_TIMESTAMP ON UPDATE CURRENT_TIMESTAMP,
  `user_id` int(11) NOT NULL,
  `star_date` date NOT NULL,
  `end_date` date DEFAULT NULL,
  PRIMARY KEY (`id`),
  KEY `per_profession_id` (`per_profession_id`),
  KEY `per_trainer_type_id` (`per_trainer_type_id`),
  KEY `per_trainer_fund_id` (`per_trainer_fund_id`),
  KEY `per_people_type_id` (`per_people_type_id`),
  KEY `user_id` (`user_id`),
  CONSTRAINT `per_trainers_ibfk_10` FOREIGN KEY (`per_trainer_fund_id`) REFERENCES `per_trainer_funds` (`id`) ON UPDATE CASCADE,
  CONSTRAINT `per_trainers_ibfk_12` FOREIGN KEY (`user_id`) REFERENCES `users` (`id_user`) ON UPDATE CASCADE,
  CONSTRAINT `per_trainers_ibfk_7` FOREIGN KEY (`per_trainer_type_id`) REFERENCES `per_trainer_types` (`id`) ON UPDATE CASCADE,
  CONSTRAINT `per_trainers_ibfk_8` FOREIGN KEY (`per_profession_id`) REFERENCES `per_professions` (`id`) ON UPDATE CASCADE,
  CONSTRAINT `per_trainers_ibfk_9` FOREIGN KEY (`per_people_type_id`) REFERENCES `per_people_type` (`id`) ON UPDATE CASCADE
) ENGINE=InnoDB AUTO_INCREMENT=43 DEFAULT CHARSET=latin1;
/*!40101 SET character_set_client = @saved_cs_client */;

--
-- Dumping data for table `per_trainers`
--

LOCK TABLES `per_trainers` WRITE;
/*!40000 ALTER TABLE `per_trainers` DISABLE KEYS */;
INSERT INTO `per_trainers` VALUES (1,1,1,1,1,'Cindy acompaña muchas cosas.',1,'2015-05-22 16:27:19','0000-00-00 00:00:00',13,'2015-05-22',NULL),(2,1,4,2,1,'',1,'2015-05-22 16:52:23','2015-06-09 21:07:25',13,'2015-05-22',NULL),(3,1,2,4,1,'',1,'2015-05-22 17:26:48','0000-00-00 00:00:00',13,'2015-03-23',NULL),(4,1,7,5,NULL,'',1,'2015-05-22 17:32:58','0000-00-00 00:00:00',13,'2014-03-03',NULL),(5,1,4,6,1,'',1,'2015-05-22 17:35:13','0000-00-00 00:00:00',13,'2015-02-17',NULL),(6,1,3,7,1,'',1,'2015-05-22 17:37:35','0000-00-00 00:00:00',13,'2013-05-06',NULL),(7,1,4,8,1,'',1,'2015-05-25 16:28:56','0000-00-00 00:00:00',35,'2015-02-01',NULL),(8,1,2,9,1,'',1,'2015-05-25 16:29:38','0000-00-00 00:00:00',35,'2015-03-01',NULL),(9,1,5,16,1,'',1,'2015-06-02 10:19:16','0000-00-00 00:00:00',35,'2014-04-01',NULL),(10,1,2,39,1,'',1,'2015-06-02 16:46:36','0000-00-00 00:00:00',35,'2015-06-02',NULL),(11,2,1,50,3,'Estudiante de Mecánica Automotríz de la Comuna 13',1,'2015-06-03 14:09:31','0000-00-00 00:00:00',38,'2015-05-16',NULL),(12,2,9,59,3,'',1,'2015-06-04 14:34:39','0000-00-00 00:00:00',35,'2015-04-01',NULL),(13,2,10,69,2,'Convenio con Secretaría de Gobierno',1,'2015-06-05 10:20:47','0000-00-00 00:00:00',35,'2015-05-01',NULL),(14,2,11,70,3,'',1,'2015-06-05 10:23:26','0000-00-00 00:00:00',35,'2015-05-01',NULL),(15,2,7,101,1,'La docente Beatriz Atehortúa es una gestora Tic que se encarga de dinamizar procesos de inclusión Digital en la biblioteca Fernando Gómez Martínez con grupos de discapacidad en donde vincula las herramientas del kit de manera constante',1,'2015-06-09 14:36:39','0000-00-00 00:00:00',23,'2015-02-23',NULL),(16,6,1,206,1,'',1,'2015-06-16 13:16:22','0000-00-00 00:00:00',38,'2015-05-05',NULL),(17,2,10,388,3,'',1,'2015-06-19 20:18:35','0000-00-00 00:00:00',15,'2015-04-01',NULL),(18,2,5,390,3,'',0,'2015-06-19 20:21:41','0000-00-00 00:00:00',15,'2015-03-18','2015-06-03'),(19,2,16,423,3,'',1,'2015-06-22 14:25:49','0000-00-00 00:00:00',15,'2015-04-14',NULL),(20,1,3,440,1,'',1,'2015-06-22 15:40:40','0000-00-00 00:00:00',35,'2015-06-01',NULL),(21,1,6,609,1,'',1,'2015-06-24 15:41:27','0000-00-00 00:00:00',35,'2015-04-01',NULL),(22,2,11,659,3,'',1,'2015-06-25 16:10:52','0000-00-00 00:00:00',41,'2015-06-01',NULL),(23,2,17,676,3,'',1,'2015-06-26 08:49:48','0000-00-00 00:00:00',24,'2015-02-25',NULL),(24,2,5,689,3,'',1,'2015-06-26 09:26:08','0000-00-00 00:00:00',42,'2015-02-17',NULL),(25,2,1,693,3,'',1,'2015-06-26 09:35:14','0000-00-00 00:00:00',24,'2015-02-18',NULL),(26,2,16,699,3,'',1,'2015-06-26 11:06:10','0000-00-00 00:00:00',24,'2015-02-24',NULL),(27,2,17,700,3,'Ninguna',1,'2015-06-26 11:11:27','0000-00-00 00:00:00',23,'2015-05-20',NULL),(28,2,1,703,3,'',1,'2015-06-26 11:34:45','0000-00-00 00:00:00',24,'2015-02-25',NULL),(29,7,19,705,1,'Convenio entre MCI y PB León de Greiff para el curso de alfabetización digital para personas en situación de discapacidad',1,'2015-06-26 11:39:09','0000-00-00 00:00:00',20,'2015-06-11',NULL),(30,7,18,708,1,'Convenio entre MCI y PB León de Greiff para el curso de alfabetización digital para personas en situación de discapacidad',1,'2015-06-26 11:41:43','0000-00-00 00:00:00',20,'2015-06-11',NULL),(31,2,9,729,3,'',1,'2015-06-26 13:22:13','0000-00-00 00:00:00',24,'2015-04-11',NULL),(32,8,22,770,1,'',0,'2015-06-30 16:06:04','2015-06-30 21:27:25',15,'2015-06-20','2015-06-20'),(33,9,23,771,1,'',1,'2015-06-30 16:45:45','0000-00-00 00:00:00',43,'2015-04-13',NULL),(34,2,25,799,3,'',1,'2015-07-01 07:54:33','2015-07-01 13:21:45',43,'2015-05-09',NULL),(35,6,24,800,1,'',1,'2015-07-01 08:18:23','0000-00-00 00:00:00',46,'2015-05-01','2015-06-19'),(36,2,9,801,3,'',1,'2015-07-01 08:28:20','0000-00-00 00:00:00',41,'2015-07-01',NULL),(37,2,26,806,3,'',1,'2015-07-01 08:39:28','0000-00-00 00:00:00',10,'2015-03-19',NULL),(38,3,27,836,1,'',1,'2015-07-01 09:34:18','0000-00-00 00:00:00',42,'2015-05-27',NULL),(39,3,27,837,1,'',1,'2015-07-01 09:35:13','0000-00-00 00:00:00',42,'2015-06-05',NULL),(40,3,27,840,1,'',1,'2015-07-01 09:42:33','0000-00-00 00:00:00',42,'2015-05-05',NULL),(41,3,27,842,NULL,'',1,'2015-07-01 09:43:50','0000-00-00 00:00:00',42,'2015-05-05',NULL),(42,2,28,887,3,'',1,'2015-07-08 16:46:50','0000-00-00 00:00:00',35,'2015-05-16','2015-07-04');
/*!40000 ALTER TABLE `per_trainers` ENABLE KEYS */;
UNLOCK TABLES;

--
-- Table structure for table `per_types`
--

DROP TABLE IF EXISTS `per_types`;
/*!40101 SET @saved_cs_client     = @@character_set_client */;
/*!40101 SET character_set_client = utf8 */;
CREATE TABLE `per_types` (
  `id` int(11) NOT NULL AUTO_INCREMENT,
  `name` varchar(45) DEFAULT NULL,
  `user_id` int(11) DEFAULT NULL,
  `creation_date` datetime DEFAULT NULL,
  `modification_date` timestamp NULL DEFAULT CURRENT_TIMESTAMP,
  PRIMARY KEY (`id`),
  UNIQUE KEY `name` (`name`),
  KEY `user_id` (`user_id`),
  CONSTRAINT `per_types_ibfk_2` FOREIGN KEY (`user_id`) REFERENCES `users` (`id_user`) ON UPDATE CASCADE
) ENGINE=InnoDB AUTO_INCREMENT=3 DEFAULT CHARSET=latin1;
/*!40101 SET character_set_client = @saved_cs_client */;

--
-- Dumping data for table `per_types`
--

LOCK TABLES `per_types` WRITE;
/*!40000 ALTER TABLE `per_types` DISABLE KEYS */;
INSERT INTO `per_types` VALUES (1,'Formador',12,'2015-04-16 15:26:25','0000-00-00 00:00:00'),(2,'Participante',12,'2015-05-13 00:00:00','2015-05-22 15:28:26');
/*!40000 ALTER TABLE `per_types` ENABLE KEYS */;
UNLOCK TABLES;

--
-- Table structure for table `population_types`
--

DROP TABLE IF EXISTS `population_types`;
/*!40101 SET @saved_cs_client     = @@character_set_client */;
/*!40101 SET character_set_client = utf8 */;
CREATE TABLE `population_types` (
  `id_population_type` int(11) NOT NULL AUTO_INCREMENT,
  `name` varchar(256) NOT NULL,
  `creation_date` datetime NOT NULL,
  `modification_date` timestamp NOT NULL DEFAULT CURRENT_TIMESTAMP ON UPDATE CURRENT_TIMESTAMP,
  `user_id` int(11) NOT NULL,
  PRIMARY KEY (`id_population_type`),
  UNIQUE KEY `name` (`name`),
  KEY `user_id` (`user_id`),
  KEY `user_id_2` (`user_id`),
  KEY `user_id_3` (`user_id`),
  KEY `user_id_4` (`user_id`),
  KEY `user_id_5` (`user_id`),
  KEY `user_id_6` (`user_id`),
  KEY `user_id_7` (`user_id`),
  CONSTRAINT `population_types_ibfk_1` FOREIGN KEY (`user_id`) REFERENCES `users` (`id_user`) ON DELETE NO ACTION ON UPDATE CASCADE,
  CONSTRAINT `population_types_ibfk_2` FOREIGN KEY (`user_id`) REFERENCES `users` (`id_user`) ON UPDATE CASCADE
) ENGINE=InnoDB AUTO_INCREMENT=15 DEFAULT CHARSET=latin1;
/*!40101 SET character_set_client = @saved_cs_client */;

--
-- Dumping data for table `population_types`
--

LOCK TABLES `population_types` WRITE;
/*!40000 ALTER TABLE `population_types` DISABLE KEYS */;
INSERT INTO `population_types` VALUES (0,'No asignado','2015-03-19 09:32:13','2015-03-19 14:32:22',12),(1,'Niños y niñas','2015-03-31 11:45:12','2015-05-25 15:39:54',35),(2,'Adultos','2015-03-31 11:45:23','0000-00-00 00:00:00',35),(3,'Adultos Mayores De 50 Años','2015-03-31 11:45:32','0000-00-00 00:00:00',35),(4,'Jóvenes (14- 28 Años)','2015-03-31 11:45:43','0000-00-00 00:00:00',35),(5,'Emprendedores y empresarios','2015-03-31 11:45:53','2015-05-25 15:40:10',35),(6,'Docentes','2015-03-31 11:46:14','0000-00-00 00:00:00',35),(7,'Personas En Situación De Discapacidad','2015-03-31 11:46:28','0000-00-00 00:00:00',35),(8,'Mujeres','2015-03-31 11:46:36','0000-00-00 00:00:00',35),(9,'Víctimas Del Conflicto','2015-03-31 11:46:45','0000-00-00 00:00:00',35),(10,'Funcionarios - Servidores Públicos','2015-05-25 10:40:34','2015-05-25 15:42:00',13),(11,'Líderes Comunitarios','2015-05-25 10:40:54','0000-00-00 00:00:00',13),(12,'Afrodecendientes','2015-05-25 14:16:10','0000-00-00 00:00:00',13),(13,'Indigenas','2015-05-25 14:33:14','0000-00-00 00:00:00',13),(14,'Personas En Situación Vulnerable','2015-06-26 11:38:12','0000-00-00 00:00:00',35);
/*!40000 ALTER TABLE `population_types` ENABLE KEYS */;
UNLOCK TABLES;

--
-- Table structure for table `population_types_training`
--

DROP TABLE IF EXISTS `population_types_training`;
/*!40101 SET @saved_cs_client     = @@character_set_client */;
/*!40101 SET character_set_client = utf8 */;
CREATE TABLE `population_types_training` (
  `population_type_id` int(11) NOT NULL,
  `training_id` int(11) NOT NULL,
  KEY `population_type_id` (`population_type_id`),
  KEY `training_id` (`training_id`),
  CONSTRAINT `population_types_training_ibfk_1` FOREIGN KEY (`population_type_id`) REFERENCES `population_types` (`id_population_type`) ON UPDATE CASCADE,
  CONSTRAINT `population_types_training_ibfk_2` FOREIGN KEY (`training_id`) REFERENCES `training` (`id`) ON UPDATE CASCADE
) ENGINE=InnoDB DEFAULT CHARSET=latin1;
/*!40101 SET character_set_client = @saved_cs_client */;

--
-- Dumping data for table `population_types_training`
--

LOCK TABLES `population_types_training` WRITE;
/*!40000 ALTER TABLE `population_types_training` DISABLE KEYS */;
INSERT INTO `population_types_training` VALUES (9,5),(5,6),(2,7),(2,8),(3,9),(2,10),(2,11),(2,12),(3,12),(7,13),(9,14),(11,15),(1,16),(3,28),(3,29),(2,30),(3,31),(3,32),(7,33),(2,34),(11,35),(4,36),(4,37),(4,38),(1,39),(2,40),(8,40),(1,41),(4,41),(1,42),(4,43),(2,44),(3,44),(5,45),(5,46),(2,47),(2,48),(1,49),(1,50),(4,51),(7,52),(4,53),(2,54),(1,55),(3,56),(7,57),(2,58),(1,59),(2,60),(1,61),(2,62),(2,63),(2,64),(1,65),(1,66),(1,67),(4,68),(1,69),(4,70),(4,71),(4,72),(3,73),(7,73),(2,74),(2,75),(2,76),(2,77),(1,78),(5,79),(9,80),(3,81),(1,82);
/*!40000 ALTER TABLE `population_types_training` ENABLE KEYS */;
UNLOCK TABLES;

--
-- Table structure for table `site_types`
--

DROP TABLE IF EXISTS `site_types`;
/*!40101 SET @saved_cs_client     = @@character_set_client */;
/*!40101 SET character_set_client = utf8 */;
CREATE TABLE `site_types` (
  `id_site_type` int(11) NOT NULL AUTO_INCREMENT,
  `site_type` varchar(45) NOT NULL,
  `site_estado` int(11) NOT NULL DEFAULT '1',
  `creation_date` datetime NOT NULL,
  `modification_date` timestamp NOT NULL DEFAULT '0000-00-00 00:00:00' ON UPDATE CURRENT_TIMESTAMP,
  `user_id` int(11) NOT NULL,
  PRIMARY KEY (`id_site_type`),
  UNIQUE KEY `site_type` (`site_type`),
  KEY `user_id` (`user_id`),
  CONSTRAINT `site_types_ibfk_2` FOREIGN KEY (`user_id`) REFERENCES `users` (`id_user`) ON UPDATE CASCADE
) ENGINE=InnoDB AUTO_INCREMENT=17 DEFAULT CHARSET=latin1;
/*!40101 SET character_set_client = @saved_cs_client */;

--
-- Dumping data for table `site_types`
--

LOCK TABLES `site_types` WRITE;
/*!40000 ALTER TABLE `site_types` DISABLE KEYS */;
INSERT INTO `site_types` VALUES (4,'Institución Educativa',1,'0000-00-00 00:00:00','2015-03-19 14:38:25',0),(5,'Telecentro',1,'0000-00-00 00:00:00','2015-03-19 14:38:25',0),(6,'Institución Educación Superior',1,'0000-00-00 00:00:00','2015-03-19 14:38:25',0),(7,'Fundación',1,'0000-00-00 00:00:00','2015-03-19 14:38:25',0),(8,'Cedezo',1,'0000-00-00 00:00:00','2015-03-19 14:38:25',0),(9,'Jardín Infantil',1,'0000-00-00 00:00:00','2015-03-19 14:38:25',0),(10,'Biblioteca',1,'0000-00-00 00:00:00','2015-03-19 14:38:25',0),(13,'Sitio de gobierno',1,'0000-00-00 00:00:00','2015-03-19 14:38:25',0),(14,'Sitios Públicos',1,'0000-00-00 00:00:00','2015-03-19 14:38:25',0),(15,'Aliado',1,'0000-00-00 00:00:00','2015-03-19 14:38:25',0),(16,'Otro',1,'0000-00-00 00:00:00','2015-03-19 14:38:25',0);
/*!40000 ALTER TABLE `site_types` ENABLE KEYS */;
UNLOCK TABLES;

--
-- Table structure for table `sites`
--

DROP TABLE IF EXISTS `sites`;
/*!40101 SET @saved_cs_client     = @@character_set_client */;
/*!40101 SET character_set_client = utf8 */;
CREATE TABLE `sites` (
  `id_site` int(11) NOT NULL AUTO_INCREMENT,
  `site_name` varchar(200) CHARACTER SET latin1 NOT NULL,
  `site_phone` varchar(45) CHARACTER SET latin1 NOT NULL,
  `site_address` varchar(200) CHARACTER SET latin1 NOT NULL,
  `site_mail` varchar(45) CHARACTER SET latin1 NOT NULL,
  `neighborhood_id` int(11) NOT NULL,
  `site_type_id` int(11) NOT NULL,
  `syte_estado` varchar(45) COLLATE utf8_spanish_ci NOT NULL,
  `creation_date` datetime NOT NULL,
  `modification_date` timestamp NOT NULL DEFAULT '0000-00-00 00:00:00' ON UPDATE CURRENT_TIMESTAMP,
  `user_id` int(11) NOT NULL,
  PRIMARY KEY (`id_site`),
  KEY `neighborhood_id` (`neighborhood_id`,`site_type_id`),
  KEY `site_type_id` (`site_type_id`),
  KEY `user_id` (`user_id`),
  CONSTRAINT `sites_ibfk_1` FOREIGN KEY (`neighborhood_id`) REFERENCES `neighborhoods` (`id_neighborhood`) ON DELETE NO ACTION ON UPDATE NO ACTION,
  CONSTRAINT `sites_ibfk_4` FOREIGN KEY (`site_type_id`) REFERENCES `site_types` (`id_site_type`) ON UPDATE CASCADE,
  CONSTRAINT `sites_ibfk_5` FOREIGN KEY (`user_id`) REFERENCES `users` (`id_user`) ON UPDATE CASCADE
) ENGINE=InnoDB AUTO_INCREMENT=574 DEFAULT CHARSET=utf8 COLLATE=utf8_spanish_ci;
/*!40101 SET character_set_client = @saved_cs_client */;

--
-- Dumping data for table `sites`
--

LOCK TABLES `sites` WRITE;
/*!40000 ALTER TABLE `sites` DISABLE KEYS */;
INSERT INTO `sites` VALUES (121,'Juan María Céspedes','238 6703','Calle 17 N° 73 - 37 ','',85,4,'Activo','0000-00-00 00:00:00','0000-00-00 00:00:00',0),(122,'Rosaléa Suárez -Sección Primaria','238 7380','Calle 32B N° 76A- 48 ','',44,4,'Activo','0000-00-00 00:00:00','0000-00-00 00:00:00',0),(123,'Pedro Olarte - Sección Primaria','2655463','Carrera 77 N° 30A-53 ','',11,4,'Activo','0000-00-00 00:00:00','0000-00-00 00:00:00',0),(124,'Jose Maria Bernal','3432086 - 3454793','Carrera 70A N° 13A-19 ','',84,4,'1','0000-00-00 00:00:00','2015-07-09 20:18:23',0),(125,'República De Venezuela','238 8255','Carrera 76 N°18A- 19','',87,4,'Activo','0000-00-00 00:00:00','0000-00-00 00:00:00',0),(126,'Pedro Octavio Amado','238 5168','Calle 31C N° 89C-62','',88,4,'Activo','0000-00-00 00:00:00','0000-00-00 00:00:00',0),(127,'Centro Educativo El Manzanillo','3410940','Carrera 77 N° 30A-53 ','',89,4,'Activo','0000-00-00 00:00:00','0000-00-00 00:00:00',0),(128,'Débora Arango','341 1386','Vereda el Manzanillo','',45,4,'Activo','0000-00-00 00:00:00','0000-00-00 00:00:00',0),(130,'San Antonio De Prado','286 4285','Calle 4A ESTE 155 ','',46,4,'Activo','0000-00-00 00:00:00','0000-00-00 00:00:00',0),(131,'El Limonar','2862293','Calle 3 N° 2A Este 11','',46,4,'Activo','0000-00-00 00:00:00','0000-00-00 00:00:00',0),(132,'Monseñor Victor Wiedemann','286 0010','Calle 10C N° 6B ESTE 32','',91,4,'Activo','0000-00-00 00:00:00','0000-00-00 00:00:00',0),(133,'Centro Educativo Potrerito','2863725','Vereda Potrerito ','',46,4,'Activo','0000-00-00 00:00:00','0000-00-00 00:00:00',0),(134,'San José Obrero','3763331-286 5858','Carrera 14A N° 5 - 99 ','',92,4,'Activo','0000-00-00 00:00:00','0000-00-00 00:00:00',0),(135,'Centro Educativo Quebrada Larga','302 8518','Vereda Yarumalito','',46,4,'Activo','0000-00-00 00:00:00','0000-00-00 00:00:00',0),(136,'Centro Educativo Yarumalito','3373048','Vereda Yarumalito','',46,4,'Activo','0000-00-00 00:00:00','0000-00-00 00:00:00',0),(137,'Centro Educativo El Salado','337 3048','Vereda El Salado','',46,4,'Activo','0000-00-00 00:00:00','0000-00-00 00:00:00',0),(138,'Centro Educativo El Astillero','337 3048 ','Vereda El Astillero','',46,4,'Activo','0000-00-00 00:00:00','0000-00-00 00:00:00',0),(139,'Centro Educativo Montañita','286 0168','Vereda Montañita','',46,4,'Activo','0000-00-00 00:00:00','0000-00-00 00:00:00',0),(140,'Sede Carlos Betancur','2860139','Carrera 77 N° 41 sur -02','',46,4,'Activo','0000-00-00 00:00:00','0000-00-00 00:00:00',0),(141,'Ángela Restrepo Moreno','3740170','Carrera 12 N° ESTE 5A- 34 ','',46,4,'Activo','0000-00-00 00:00:00','0000-00-00 00:00:00',0),(142,'Gustavo Rodas','2862342','Calle 5D N° 122 - el Vergel','',46,4,'Activo','0000-00-00 00:00:00','0000-00-00 00:00:00',0),(143,'Manuel J Betancur no esta','2861722','Carrera 11 N° 840','',46,4,'Activo','0000-00-00 00:00:00','0000-00-00 00:00:00',0),(144,'Sección Escuela Niño Jesus De Praga','2842912','Calle 59 N° 36-30','',93,4,'1','0000-00-00 00:00:00','2015-04-22 22:00:45',0),(145,'Sección Escuela La Asunción','5217466','Calle 97A N° 50AA -50','',54,4,'Activo','0000-00-00 00:00:00','0000-00-00 00:00:00',0),(146,'Gabriel Restrepo Moreno','263 1645','Carrera 43  N° 66E - 41','',94,4,'Activo','0000-00-00 00:00:00','0000-00-00 00:00:00',0),(147,'Fe Y Alegría La Cima','263 1727','Carrera 39A N°85-59','',95,4,'Activo','0000-00-00 00:00:00','0000-00-00 00:00:00',0),(148,'San Pablo','521 3099','Carrera 36C N° 86BB-15','',13,4,'Activo','0000-00-00 00:00:00','0000-00-00 00:00:00',0),(149,'Pedro Luis Villa','211 6350','Calle 98B N° 38-37','',96,4,'Activo','0000-00-00 00:00:00','0000-00-00 00:00:00',0),(150,'Rodrigo Lara Bonilla','000','Carrera 43 N° 66C - 40','',97,4,'Activo','0000-00-00 00:00:00','0000-00-00 00:00:00',0),(151,'República De Barbados','263 9104','Carrera 25 N° 69D- 35','',98,4,'Activo','0000-00-00 00:00:00','0000-00-00 00:00:00',0),(152,'José Roberto Vásquez','233 1414','Carrera 36 N° 85B-140','',99,4,'Activo','0000-00-00 00:00:00','0000-00-00 00:00:00',0),(153,'San Juan Bautista De La Salle','236 5964 -522 5237','Calle 76 N° 39 - 160','',100,4,'Activo','0000-00-00 00:00:00','0000-00-00 00:00:00',0),(154,'Enrique Olaya Herrera','291 1707','Calle 93 N°40-42','',101,4,'Activo','0000-00-00 00:00:00','0000-00-00 00:00:00',0),(155,'Hernán Toro Agudelo','2136830','Calle 71A #32 -18','',13,4,'Activo','0000-00-00 00:00:00','0000-00-00 00:00:00',0),(156,'Monseñor  Francisco Cristóbal Toro','236 5286 - 524 0239','Carrera 50D N° 90-49','',102,4,'Activo','0000-00-00 00:00:00','0000-00-00 00:00:00',0),(157,'Guillermo Vélez Vélez','263 6068 -2632687','Calle 90 N° 51B-25','',102,4,'Activo','0000-00-00 00:00:00','0000-00-00 00:00:00',0),(158,'Alfonso Mora Naranjo','2118237-2110412','Carrera 48A N° 77-68','',14,4,'Activo','0000-00-00 00:00:00','0000-00-00 00:00:00',0),(159,'José María Bravo Márquez','233 2167 - 263 5951','Calle 70 N° 47A-4','',103,4,'Activo','0000-00-00 00:00:00','0000-00-00 00:00:00',0),(160,'Francisco Luis Hernández','2368970 -4448971','Calle 87 N° 50AA - 21','',14,4,'Activo','0000-00-00 00:00:00','0000-00-00 00:00:00',0),(161,'Mater Dei','436 1257','Carrera 68 N°42-71','',104,4,'Activo','0000-00-00 00:00:00','0000-00-00 00:00:00',0),(162,'Lucrecio Jaramillo Vélez','412 3351 - 412 2939','Carrera 68 N°42-71','',105,4,'Activo','0000-00-00 00:00:00','0000-00-00 00:00:00',0),(163,'Biblioteca EPM','380 7529','Carrera 54 N° 44-48','',36,10,'Activo','0000-00-00 00:00:00','0000-00-00 00:00:00',0),(164,'CEDEZO Santo Domingo','5280559','Calle 106 N°32-33','',11,8,'Activo','0000-00-00 00:00:00','0000-00-00 00:00:00',0),(165,'CEDEZO Manrique','2136050','Calle 122 N° 51B-30','',13,8,'Activo','0000-00-00 00:00:00','0000-00-00 00:00:00',0),(166,'CEDEZO Moravia','3857330 - 3858026','Calle 90 N° 51B-25','',106,8,'Activo','0000-00-00 00:00:00','0000-00-00 00:00:00',0),(167,'CEDEZO La Tinaja','4778685 - 4778138','Carrera 64C N° 72 - 58','',18,8,'Activo','0000-00-00 00:00:00','0000-00-00 00:00:00',0),(168,'CEDEZO La Quintana','3857341','Carrera 92 N° 80C -71','',11,8,'Activo','0000-00-00 00:00:00','0000-00-00 00:00:00',0),(169,'CEDEZO San Cristóbal','4277366','Carrera 131 N° 62 -15','',25,8,'Activo','0000-00-00 00:00:00','0000-00-00 00:00:00',0),(170,'CEDEZO La Ladera','385 7316 - 385 7329','Calle 65AA N° 36-39','',108,8,'Activo','0000-00-00 00:00:00','0000-00-00 00:00:00',0),(171,'CEDEZO Pasaje La Bastilla','2935304','Parque la Bastilla','',36,8,'Activo','0000-00-00 00:00:00','0000-00-00 00:00:00',0),(172,'Punto De Atención CEDEZO Buenos Aires','385 2944','Calle 57 N° 45-129','',67,8,'Activo','0000-00-00 00:00:00','0000-00-00 00:00:00',0),(173,'CEDEZO Santa Elena','3857503','Carrera 45 N° 61-62','',37,8,'Activo','0000-00-00 00:00:00','0000-00-00 00:00:00',0),(174,'CEDEZO San Javier','3857533','Carrera 92 N°34D- 93','',74,8,'Activo','0000-00-00 00:00:00','0000-00-00 00:00:00',0),(175,'Punto De Atención CEDEZO Guayabal','3834031','Carrera 12 con la 65','',42,8,'Activo','0000-00-00 00:00:00','0000-00-00 00:00:00',0),(176,'CEDEZO Belén','3858024','Carrera 76 N° 18A -19 ','',43,8,'Activo','0000-00-00 00:00:00','0000-00-00 00:00:00',0),(177,'Punto De Atención CEDEZO Altavista','3856731','Calle 18 N° 105-69 ','',45,8,'Activo','0000-00-00 00:00:00','0000-00-00 00:00:00',0),(178,'CEDEZO San Antonio De Prado','385 7540- 385 9400','Calle 50E Sur N° 75A -20','',46,8,'Activo','0000-00-00 00:00:00','0000-00-00 00:00:00',0),(179,'BPP - Sede Campo Valdés','2118232','Carrera 55 N°94 - 97','',103,10,'Activo','0000-00-00 00:00:00','0000-00-00 00:00:00',0),(180,'Biblioteca la Floresta','3857592','Carrera 45 N° 79 a - 100','',110,10,'Activo','0000-00-00 00:00:00','0000-00-00 00:00:00',0),(181,'Biblioteca Comfenalco Castilla','267 6061','Carrera 63C #110 - 09','',18,10,'Activo','0000-00-00 00:00:00','0000-00-00 00:00:00',0),(182,'Biblioteca Tren De Papel','4644422','Carrera 65 N° 95 - 57','',111,10,'Activo','0000-00-00 00:00:00','0000-00-00 00:00:00',0),(183,'Biblioteca Doce De Octubre','477 62 84','Calle 104C N°80-03','',21,10,'Activo','0000-00-00 00:00:00','0000-00-00 00:00:00',0),(184,'Biblioteca Tomás Carrasquilla - La Quintana','385 73 42','Carrera 71A N° 79-01','',113,10,'Activo','0000-00-00 00:00:00','0000-00-00 00:00:00',0),(185,'Biblioteca Pública San Sebastián De Palmita','3870612','San Sebastián De Palmitas','',23,10,'Activo','0000-00-00 00:00:00','0000-00-00 00:00:00',0),(186,'Parque Biblioteca Fernando Botero','4204351 - 4204367','Carrera 131 N° 60 – 59 ','',25,4,'Activo','0000-00-00 00:00:00','0000-00-00 00:00:00',0),(187,'BPP -Sede San Javier La Loma','4385761','Calle 62 N°129-9','',25,10,'Activo','0000-00-00 00:00:00','0000-00-00 00:00:00',0),(188,'Biblioteca La Ladera ','3857331','Carrera 54 N° 44-48','',108,10,'Activo','0000-00-00 00:00:00','0000-00-00 00:00:00',0),(189,'Biblioteca León De Greiff - La Ladera','385 73 31','Calle 59 N° 36-30','',108,10,'Activo','0000-00-00 00:00:00','0000-00-00 00:00:00',0),(190,'Biblioteca Santa Elena','5380222','Calle 59A N° 36-3','',37,10,'Activo','0000-00-00 00:00:00','0000-00-00 00:00:00',0),(191,'Parque Biblioteca San Javier','385 73 12','Calle 44 # 95-53','',74,10,'Activo','0000-00-00 00:00:00','0000-00-00 00:00:00',0),(192,'Parque Biblioteca Guayabal','3510495-3512966','Carrera 52 N° 9S - 42','',42,10,'Activo','0000-00-00 00:00:00','0000-00-00 00:00:00',0),(193,'Parque Biblioteca Belén','3856790 ','Carrera 76 N° 32 -74 ','',43,10,'Activo','0000-00-00 00:00:00','0000-00-00 00:00:00',0),(194,'Parque Biblioteca José Horacio Betancur','2862977-2865424','Carrera 4C N° 6 - 206','',46,10,'Activo','0000-00-00 00:00:00','0000-00-00 00:00:00',0),(195,'Filial Biblioteca San Antonio De Prado','379 44 40','Callee 9 N° 11-16','',46,10,'Activo','0000-00-00 00:00:00','0000-00-00 00:00:00',0),(196,'Biblioteca Pública  El Limonar','286 59 23','Calle 57 sur N° 61-02','',47,10,'Activo','0000-00-00 00:00:00','0000-00-00 00:00:00',0),(197,'Telecentro Santa Cecilia 1','5291142','Calle 101A N° 42B-25','',114,5,'Activo','0000-00-00 00:00:00','0000-00-00 00:00:00',0),(198,'Telecentro Villa Del Socorro','366 3210','Carrera 49A N° 107-65','',12,5,'Activo','0000-00-00 00:00:00','0000-00-00 00:00:00',0),(199,'Telecentro Manrique','2136050','Calle 104B N°48 - 60','',13,5,'Activo','0000-00-00 00:00:00','0000-00-00 00:00:00',0),(200,'Telecentro Plaza Colón','461 72 00','Calle 118 N° 70-42','',116,5,'Activo','0000-00-00 00:00:00','0000-00-00 00:00:00',0),(201,'Telecentro Pedregal','4777116','Calle 92 # 83-41','',117,5,'Activo','0000-00-00 00:00:00','0000-00-00 00:00:00',0),(202,'Telecentro Picacho','4764178','Calle 102B N° 74A- 00','',118,5,'Activo','0000-00-00 00:00:00','0000-00-00 00:00:00',0),(203,'Telecentro La Amistad Villa Sofía','4421935','Diagonal 85 N° 79- 173','',119,5,'Activo','0000-00-00 00:00:00','0000-00-00 00:00:00',0),(204,'Telecentro Los Mangos','2911904','Calle 43 N° 120C- 78','',66,5,'Activo','0000-00-00 00:00:00','0000-00-00 00:00:00',0),(205,'Telecentro San Miguel La Mansión','292 4764','Calle 56 N° 16-18','',120,5,'Activo','0000-00-00 00:00:00','0000-00-00 00:00:00',0),(206,'Telecentro Villa Laura','4929502','Calle 42C N° 95-50','',40,5,'Activo','0000-00-00 00:00:00','0000-00-00 00:00:00',0),(207,'Telecentro Fátima','3514953','Carrera 70A N° 13A-19','',86,5,'Activo','0000-00-00 00:00:00','0000-00-00 00:00:00',0),(208,'Telecentro Rosales','2658678 - 3859403','Carrera 66B N° 32-28','',121,5,'Activo','0000-00-00 00:00:00','0000-00-00 00:00:00',0),(209,'Telecentro Altavista','2562227','Calle 16 N° 99 - 117','',45,5,'Activo','0000-00-00 00:00:00','0000-00-00 00:00:00',0),(210,'Telecentro San Antonio De Prado','2866100','Carrera 79 N°40 sur 44','',46,5,'Activo','0000-00-00 00:00:00','0000-00-00 00:00:00',0),(211,'Telecentro Pradito','2864073','Calle 8 Este N° 10C-25','',91,5,'Activo','0000-00-00 00:00:00','0000-00-00 00:00:00',0),(212,'Casa Hogar Santa Laura','313 651 50 21','Carrera 50D N° 62 – 95','',67,7,'Activo','0000-00-00 00:00:00','0000-00-00 00:00:00',0),(213,'Corporación Hogar','2181827','Carrera 48 N° 57-21','',122,7,'Activo','0000-00-00 00:00:00','0000-00-00 00:00:00',0),(214,'Patronato Maria Auxiliadora','2313636','Carrera 48 N° 49-14','',36,7,'Activo','0000-00-00 00:00:00','0000-00-00 00:00:00',0),(215,'Fundación Integrar','2657517','Carrera 65A N° 32D-10','',86,7,'Activo','0000-00-00 00:00:00','0000-00-00 00:00:00',0),(216,'Parque Biblioteca España','3857598','Carrera 33B # 107A-100','',11,10,'Activo','0000-00-00 00:00:00','0000-00-00 00:00:00',0),(218,'Marco Fidel Suarez','2301435','Carrera 70 N° 49 - 70','',15,4,'Activo','0000-00-00 00:00:00','0000-00-00 00:00:00',0),(219,'Sección Escuela La Iguana','2606802','Carrera 70 N°. 53 - 02','',123,4,'Activo','0000-00-00 00:00:00','0000-00-00 00:00:00',0),(220,'Lola González','252 0097','Calle 47F N° 94 - 63','',110,4,'Activo','0000-00-00 00:00:00','0000-00-00 00:00:00',0),(221,'Rafael Uribe Uribe','250 8252/ 250 8253','Carrera 82 N° .42C 58','',29,4,'Activo','0000-00-00 00:00:00','0000-00-00 00:00:00',0),(222,'Cristobal Colón','252 0535 /253 6272','Calle 38 N°.92-93','',124,4,'Activo','0000-00-00 00:00:00','0000-00-00 00:00:00',0),(223,'Francisco Antonio Zea','4122361','Carrera 82 N°. 35-41','',124,4,'Activo','0000-00-00 00:00:00','0000-00-00 00:00:00',0),(224,'Jose Asuncion Silva','2739576','Calle 118 N° 64CC - 68','',125,4,'Activo','0000-00-00 00:00:00','0000-00-00 00:00:00',0),(225,'Diego Echavarria Misas','273 2700 - 452 1634','Calle 111 N°. 70 - 68','',111,4,'Activo','0000-00-00 00:00:00','0000-00-00 00:00:00',0),(226,'Sor Juana Ines De La Cruz','267 8688','Carrera 67 N° .103EE- 1','',126,4,'Activo','0000-00-00 00:00:00','0000-00-00 00:00:00',0),(227,'Jesús María El Rosal','3207380','Carrera 72 N°. 95-20','',18,4,'Activo','0000-00-00 00:00:00','0000-00-00 00:00:00',0),(228,'Tricentenario','471 3883','Carrera 63A N° .94A-630','',127,4,'Activo','0000-00-00 00:00:00','0000-00-00 00:00:00',0),(229,'Julio César García','2730139','Calle 111A N° .65-26','',125,4,'Activo','0000-00-00 00:00:00','0000-00-00 00:00:00',0),(230,'Samuel Barrientos','234 7999','Calle 44 N°. 94-119','',124,4,'Activo','0000-00-00 00:00:00','0000-00-00 00:00:00',0),(231,'La Piedad','2347999','Carrera 81 N°.54-71','',128,4,'Activo','0000-00-00 00:00:00','0000-00-00 00:00:00',0),(232,'Pedro Claver Aguirre','2372482','Carrera 67  N° .95 - 118','',18,4,'Activo','0000-00-00 00:00:00','0000-00-00 00:00:00',0),(236,'Aula Ambiental Plaza América','411 69 44-250 72 70','Carrera 45 Nró. 79 a - 100','',29,13,'Activo','0000-00-00 00:00:00','0000-00-00 00:00:00',0),(237,'Antonio Derka - Santo Domingo','529 5218 - 528 0021','Carrera 28 N° 107 - 473','',11,4,'Activo','0000-00-00 00:00:00','0000-00-00 00:00:00',0),(238,'Asia Ignaciana','461 0517','Calle 122N°51B-30','',58,4,'Activo','0000-00-00 00:00:00','0000-00-00 00:00:00',0),(239,'Barrio Santa Cruz','529 4058','Calle 103 N° 43A - 123','',56,4,'Activo','0000-00-00 00:00:00','0000-00-00 00:00:00',0),(240,'Bpp (Biblioteca Pública Piloto)','4600590 ext 227-214','Carrera 64N°5032','',17,13,'Activo','0000-00-00 00:00:00','0000-00-00 00:00:00',0),(241,'Buen Comienzo San Blaz','','','',13,9,'Activo','0000-00-00 00:00:00','0000-00-00 00:00:00',0),(242,'Casa De Justicia Villa Del Socorro','522 0303','Calle 104C N° 48 51','',12,13,'Activo','0000-00-00 00:00:00','0000-00-00 00:00:00',0),(243,'Casa De La Cultura Los Alcázares','264 23 36','Calle 48B N° 88-62','',49,13,'Activo','0000-00-00 00:00:00','0000-00-00 00:00:00',0),(244,'Casa De La Cultura Manrique','211 73 73','Carrera 45 N° 72-62','',13,13,'Activo','0000-00-00 00:00:00','0000-00-00 00:00:00',0),(245,'Casa De La Justicia Santo Domingo','3859434','Carrera 32 N°101 - 283','',11,13,'Activo','0000-00-00 00:00:00','0000-00-00 00:00:00',0),(246,'CAV América Unidad De Desplazamiento Forzado','3856893','Calle 44a 75-104','',29,13,'Activo','0000-00-00 00:00:00','0000-00-00 00:00:00',0),(247,'CAV Palermo Centro De Ayudas A Victimas','3834192','Carrera 55 # 95-97','',221,13,'1','0000-00-00 00:00:00','2015-07-01 15:50:30',0),(248,'Centro Cultural Los Colores','2641969-4216611','Carreraa 77b N°53-26','',16,13,'Activo','0000-00-00 00:00:00','0000-00-00 00:00:00',0),(249,'Centro De Servicios Del Estadio','3857161','Calle 48 N° 73-10','',15,13,'Activo','0000-00-00 00:00:00','0000-00-00 00:00:00',0),(250,'Ciro Mendía','236 4909','Calle 99 N° 48 - 55','',54,4,'Activo','0000-00-00 00:00:00','0000-00-00 00:00:00',0),(251,'CREM Granizal','528 7740','Calle 103 N° 33D - 75','',50,4,'Activo','0000-00-00 00:00:00','0000-00-00 00:00:00',0),(252,'Escuela Del Concejo Clodomiro','','','',110,4,'Activo','0000-00-00 00:00:00','0000-00-00 00:00:00',0),(253,'Fe Y Alegria Granizal','529 3562 -529 3562','Carrera  39A N°104-23','',50,4,'Activo','0000-00-00 00:00:00','0000-00-00 00:00:00',0),(254,'Federico Carrasquilla','5217789 - 2580194 - 2581227','Carrera 45 N° 108 - 110','',53,4,'Activo','0000-00-00 00:00:00','0000-00-00 00:00:00',0),(255,'Inspección Aranjuez','2857561','Callee 92 50 53','',14,13,'Activo','0000-00-00 00:00:00','0000-00-00 00:00:00',0),(256,'José Antonio Galán','236 3000 /214 3010','Carrera 44 N°94-119','',100,4,'Activo','0000-00-00 00:00:00','0000-00-00 00:00:00',0),(257,'José María Velaz','461 1223/464 4146','Calle 121 N°.48-67','',57,4,'Activo','0000-00-00 00:00:00','0000-00-00 00:00:00',0),(258,'La Avanzada','572 2332','Calle 94 N°24C-39','',51,4,'Activo','0000-00-00 00:00:00','0000-00-00 00:00:00',0),(259,'Manuel Uribe Angel','2581854','Carrera 49A N° 107-65','',54,4,'Activo','0000-00-00 00:00:00','0000-00-00 00:00:00',0),(260,'Mascerca Floresta','3857409','Carrera 89B N°48 A 27','',30,13,'Activo','0000-00-00 00:00:00','0000-00-00 00:00:00',0),(261,'Nuevo Horizonte','5284546 - 5284658-5722929-5285638','Carrera 37 N° 109 - 24','',53,4,'Activo','0000-00-00 00:00:00','0000-00-00 00:00:00',0),(262,'Pablo Neruda','236 7211/214 2284','Calle 97A 50AA 50','',55,4,'Activo','0000-00-00 00:00:00','0000-00-00 00:00:00',0),(263,'Parque Principal La Floresta','Sin datos','Calle 46 coN° Carrera 87','',110,9,'Activo','0000-00-00 00:00:00','0000-00-00 00:00:00',0),(264,'Pequeña María (Cobertura)','529 0103','Calle 97A N°24F 66','',52,4,'Activo','0000-00-00 00:00:00','0000-00-00 00:00:00',0),(265,'Santa Teresa','258 4245','Carrera 52 N° 109A - 18','',55,4,'Activo','0000-00-00 00:00:00','0000-00-00 00:00:00',0),(266,'Alfonso Upegui Orozco','426 0345','Calle 64B N°117-167','',25,4,'Activo','0000-00-00 00:00:00','0000-00-00 00:00:00',0),(267,'Alfredo Cock Arango','267 7552','Carrera 72 N° 99-56','',18,4,'Activo','0000-00-00 00:00:00','0000-00-00 00:00:00',0),(268,'Biblioteca Fernando Gómez Martínez','421 65 95','Carreraa 88 C N° 76DD-20','',112,10,'Activo','0000-00-00 00:00:00','0000-00-00 00:00:00',0),(269,'Casa De Gobierno San Cristobal','3857171- 3856840','Carrera 131 N° 60 - 59 Parque principal','',25,13,'Activo','0000-00-00 00:00:00','0000-00-00 00:00:00',0),(270,'Casa De Gobierno San Sebastián De Palmitas','3856832','Calle 20 N° 35 - 114 Parque principal','',23,13,'Activo','0000-00-00 00:00:00','0000-00-00 00:00:00',0),(271,'Casa De La Justicia De Robledo','4373587','Diagonal 85 N° 79- 173','',22,13,'Activo','0000-00-00 00:00:00','0000-00-00 00:00:00',0),(272,'Centro De Servicios Lusitania','3858449','Calle 63N° 108 BB-06','',24,13,'Activo','0000-00-00 00:00:00','0000-00-00 00:00:00',0),(273,'Centro De Servicios Robledo','385 74 53','Calle 64 A N° 85 - 19','',22,13,'Activo','0000-00-00 00:00:00','0000-00-00 00:00:00',0),(274,'Doce De Octubre','477 7998/267 6900','CarreraA 77B N°.103-05','',21,4,'Activo','0000-00-00 00:00:00','0000-00-00 00:00:00',0),(275,'El Pedregal','237 4710/267 3941','Calle 102 N°74A-47','',117,4,'Activo','0000-00-00 00:00:00','0000-00-00 00:00:00',0),(276,'Hector Rogelio Montoya','387 0058','San Sebastián De Palmitas','',23,4,'Activo','0000-00-00 00:00:00','0000-00-00 00:00:00',0),(277,'Inspección Doce De Octubre','4776011','Calle 103 N° 77 B- 56','',21,13,'Activo','0000-00-00 00:00:00','0000-00-00 00:00:00',0),(278,'Jorge Robledo','234 5223','Calle 65 N° 87-74','',22,4,'Activo','0000-00-00 00:00:00','0000-00-00 00:00:00',0),(279,'Maestro Fernando Botero','237 1235','Calle 104 N°72A-80','',117,4,'Activo','0000-00-00 00:00:00','0000-00-00 00:00:00',0),(280,'Maestro Pedro Nel Gómez','2730323','Calle 118 N° 70-42','',111,4,'Activo','0000-00-00 00:00:00','0000-00-00 00:00:00',0),(281,'Mariscal Robledo','234 0009/ 234 0501','Calle 65 N° 84 87','',22,4,'Activo','0000-00-00 00:00:00','0000-00-00 00:00:00',0),(282,'Mascerca Castilla','3857429','Carrera 65 N° 100 -109','',18,13,'Activo','0000-00-00 00:00:00','0000-00-00 00:00:00',0),(283,'Parque Principal De San Cristóbal','Sin datos','Sin datos','',25,9,'Activo','0000-00-00 00:00:00','0000-00-00 00:00:00',0),(284,'Santa Juana Del Lestonnac','471 1144','CarreraA 76A N° 103C-43','',117,4,'Activo','0000-00-00 00:00:00','0000-00-00 00:00:00',0),(285,'Santa Margarita','427 1046','Calle 63D N° 108 BB 160','',25,4,'Activo','0000-00-00 00:00:00','0000-00-00 00:00:00',0),(286,'Secretaría De Movilidad','445 78 74','Carrera 64 C N° 72 - 58','',19,13,'Activo','0000-00-00 00:00:00','0000-00-00 00:00:00',0),(287,'Unidad Deportiva Jose Rene Higuita','4718479','Carrera 69 N°.101-25','',18,9,'Activo','0000-00-00 00:00:00','0000-00-00 00:00:00',0),(288,'UPJ (Unidad Permanente De Justicia)','493 98 44','Carrera 52 N°71-84','',20,13,'Activo','0000-00-00 00:00:00','0000-00-00 00:00:00',0),(289,'Villa Flora','234 8424','Calle 76 AE N° . 83C - 46','',112,4,'Activo','0000-00-00 00:00:00','0000-00-00 00:00:00',0),(290,'Alfonso López Pumarejo','3200510 /105','Calle 58 N° 36 B 40','',34,4,'Activo','0000-00-00 00:00:00','0000-00-00 00:00:00',0),(291,'AMAUTA - Centro De Atención Al Adulto Mayor','3856935','Carrera 45 N°54-55','',32,13,'Activo','0000-00-00 00:00:00','0000-00-00 00:00:00',0),(292,'Archivo Histórico De Medellín','5126547 / 2317355','Calle 50 N° 43- 64','',32,13,'Activo','0000-00-00 00:00:00','0000-00-00 00:00:00',0),(293,'Asamblea Departamental','221 8962 /269 7703','Carrera 27 N° 47-46','',67,4,'Activo','0000-00-00 00:00:00','0000-00-00 00:00:00',0),(294,'Centro de información e Investigación Ambient','2639675','Carrera 62 N°65 - 01','',31,13,'1','0000-00-00 00:00:00','2015-04-22 22:03:26',0),(295,'Camino De Paz','2260014','Carrera 8 A N° 56-69','',60,4,'Activo','0000-00-00 00:00:00','0000-00-00 00:00:00',0),(296,'Casa De Gobierno Santa Elena','3856984 - 5380109','Parque Principal','',37,13,'Activo','0000-00-00 00:00:00','0000-00-00 00:00:00',0),(297,'Casa De Integración Afrocolombiana','N/A','Carrera 50 D N° 62 - 95','',36,13,'Activo','0000-00-00 00:00:00','0000-00-00 00:00:00',0),(298,'Cav Caunces - Centro De Atención A Victimas','2698028-2693532- 2698052','Kilómetro 1 Via Santa Elena','',26,13,'Activo','0000-00-00 00:00:00','0000-00-00 00:00:00',0),(299,'CEFA','2175337 / 2395403','Calle 50 N° 41-55','',36,4,'Activo','0000-00-00 00:00:00','0000-00-00 00:00:00',0),(300,'Centro De La Diversidad Sexual','5124019','Carrera 48 N° 57-21','',36,13,'Activo','0000-00-00 00:00:00','0000-00-00 00:00:00',0),(301,'El Salvador','218 0993','Carrera 38A N°34 208','',28,4,'Activo','0000-00-00 00:00:00','0000-00-00 00:00:00',0),(302,'Escuela Del Maestro','3857140','Calle 51 N°. 40 - 155 Avenida Playa','',34,13,'Activo','0000-00-00 00:00:00','0000-00-00 00:00:00',0),(303,'Federico Ozanam','2397252','Calle 47 N° 35 - 19','',67,4,'Activo','0000-00-00 00:00:00','0000-00-00 00:00:00',0),(304,'Gabriel Garcia Márquez','2260583','Carrera 8A N° 57A-94','',61,4,'Activo','0000-00-00 00:00:00','0000-00-00 00:00:00',0),(305,'Gonzalo Restrepo','2697940 ext 11 y 12','Carrera 26 N° 49- 70','',68,4,'1','0000-00-00 00:00:00','2015-07-01 15:51:11',0),(306,'Inspección 10 B','2911378 - 2544350','Calle 56 N°41-06','',34,13,'Activo','0000-00-00 00:00:00','0000-00-00 00:00:00',0),(307,'Inspección 9b Salvador','2161812','Carreraa 36 a N°39-26','',28,13,'Activo','0000-00-00 00:00:00','0000-00-00 00:00:00',0),(308,'ITM - Sede Fraternidad','4600727 Ext 5522','Calle 54A N° 1 - 30','',34,6,'Activo','0000-00-00 00:00:00','0000-00-00 00:00:00',0),(309,'Javiera Londoño','2393116','Calle 53 40-60','',32,4,'Activo','0000-00-00 00:00:00','0000-00-00 00:00:00',0),(310,'Juan De Dios Carvajal','2840808','Calle 65AA N° 36-39','',63,4,'Activo','0000-00-00 00:00:00','0000-00-00 00:00:00',0),(311,'La Libertad','221 5615','DG 17DD N°56B-49','',64,4,'Activo','0000-00-00 00:00:00','0000-00-00 00:00:00',0),(312,'La Milagrosa','221 5773','Cra 29 N° 41-14','',65,4,'1','0000-00-00 00:00:00','2015-03-30 20:47:22',0),(313,'Luis Carlos Galán Sarmiento - Sede Escuela N','2842912','Calle 57 C N° 23-200','',66,4,'Activo','0000-00-00 00:00:00','0000-00-00 00:00:00',0),(314,'Mascerca Buenos Aires','3857401  3017424054','Calle 49 N° 31-12','',67,13,'Activo','0000-00-00 00:00:00','0000-00-00 00:00:00',0),(315,'Merceditas Gómez Martínez','269 2880','Calle 45 N°.18-03','',67,4,'Activo','0000-00-00 00:00:00','0000-00-00 00:00:00',0),(316,'Miraflores','269 7583','Calle 48 N° 97-05','',68,4,'1','0000-00-00 00:00:00','2015-07-01 15:51:49',0),(317,'Parque Arví','4442979','Detrás de la IE Santa Elena','',37,9,'Activo','0000-00-00 00:00:00','0000-00-00 00:00:00',0),(318,'Parque De La Vida','2634476','Carrera 51d 62-42','',38,13,'Activo','0000-00-00 00:00:00','0000-00-00 00:00:00',0),(319,'Parque De Santa Elena','3856984 - 5380109','Parque De Santa Elena','',37,9,'Activo','0000-00-00 00:00:00','0000-00-00 00:00:00',0),(320,'Plazoleta Botero','2313636 ex 189','Bolivar','',36,9,'Activo','0000-00-00 00:00:00','0000-00-00 00:00:00',0),(321,'Por Mis Derechos, Equidad E Inclusión','2541552 - 2545470 - 3855527','Calle 57 N°45-129','',35,13,'Activo','0000-00-00 00:00:00','0000-00-00 00:00:00',0),(322,'Punto De Navegación Centros Comerciales (La ','2935304','Carrera 48 N° 49-14.','',32,13,'Activo','0000-00-00 00:00:00','0000-00-00 00:00:00',0),(323,'San Francisco De Asis','2690520','Calle 56 N° 16-18','',69,4,'Activo','0000-00-00 00:00:00','0000-00-00 00:00:00',0),(324,'Santa Laura','269 0627 /269 1918','Calle 45 N° 22A 82','',65,4,'Activo','0000-00-00 00:00:00','0000-00-00 00:00:00',0),(325,'Santo Tomas De Aquino','2163229','Carrera 33 N° 36A-28','',65,4,'Activo','0000-00-00 00:00:00','0000-00-00 00:00:00',0),(326,'Sol De Oriente','2914389/ 104 -107','Carrera 23 N° 56EH - 201','',70,4,'Activo','0000-00-00 00:00:00','0000-00-00 00:00:00',0),(327,'Villa Turbay','269 8211','Carrera 2 N°55F - 17','',71,4,'Activo','0000-00-00 00:00:00','0000-00-00 00:00:00',0),(328,'Antonio Ricaurte','238 4910','Calle 2 N° 80-29 Belén Rincón','',82,4,'Activo','0000-00-00 00:00:00','0000-00-00 00:00:00',0),(329,'Benedikta Zur Neiden','253 0077','Carrera 95 N° 42C - 02 San Javier','',74,4,'Activo','0000-00-00 00:00:00','0000-00-00 00:00:00',0),(330,'Benjamin Herrera','4480073','Calle 25 N°52-140 Trinidad','',79,4,'Activo','0000-00-00 00:00:00','0000-00-00 00:00:00',0),(331,'Carlos Vieco','2523038\n2532504','Calle 40 N° 105 - 36 San Javier','',74,4,'Activo','0000-00-00 00:00:00','0000-00-00 00:00:00',0),(332,'Casa De Gobierno Altavista','3856595 / 3857428','Calle 18 N° 105-69 ','',45,13,'Activo','0000-00-00 00:00:00','0000-00-00 00:00:00',0),(333,'Casa De Gobierno San Antonio De Prado','3856823','Carrera 9 N° 10 - 36 San Antonio de Prado','',46,13,'Activo','0000-00-00 00:00:00','0000-00-00 00:00:00',0),(334,'Casa De Justicia 20 De Julio','385 5459','Calle 39D N° 106-179','',76,4,'Activo','0000-00-00 00:00:00','0000-00-00 00:00:00',0),(335,'Cav belencito. Centro De Ayudas A Víctimas','4912828 / 3856876','Carrera 92 N°34 D 93 40','',40,13,'Activo','0000-00-00 00:00:00','0000-00-00 00:00:00',0),(336,'Corregiduría El Limonar','2863712','Calle 3 N°2C este 14 El Limonar','',47,13,'Activo','0000-00-00 00:00:00','0000-00-00 00:00:00',0),(337,'Eduardo Santos','4920920 ext 17','Calle 43 N° 120C 77 Eduardo Santos','',72,4,'Activo','0000-00-00 00:00:00','0000-00-00 00:00:00',0),(338,'El Corazón Sede Bachillerato','2528790','Calle 116 F N°34AA-131','',40,4,'Activo','0000-00-00 00:00:00','0000-00-00 00:00:00',0),(339,'El Corazón Sede Primaria','2535611','Calle 34B N° 116D -25','',40,4,'Activo','0000-00-00 00:00:00','0000-00-00 00:00:00',0),(340,'Fé Y Alegría El Limonar','2869498','Calle 4 A ESTE 155 - El Limonar','',46,4,'Activo','0000-00-00 00:00:00','0000-00-00 00:00:00',0),(342,'INEM Guillermo Echavarria','2663603','Carrera 43B # 9 - 61','',41,4,'Activo','0000-00-00 00:00:00','0000-00-00 00:00:00',0),(343,'INEM José Félix De Restrepo','2663603','Carrera 48 N° 1 125 Avenida Las Vegas','',41,4,'Activo','0000-00-00 00:00:00','0000-00-00 00:00:00',0),(344,'José Acevedo Y Gómez','255 2996','Calle 8SUR N° 52B - 72 San Rafael-Guayabal','',42,4,'Activo','0000-00-00 00:00:00','0000-00-00 00:00:00',0),(345,'José Acevedo Y Gómez. Sede República De Co','2852538','Carrera 52 N° 7S-23','',42,4,'Activo','0000-00-00 00:00:00','0000-00-00 00:00:00',0),(346,'La Independencia Sede Bachillerato','4929808 ext 14 - 4929390','Calle 39 D N° 112-81 interior 105','',77,4,'Activo','0000-00-00 00:00:00','0000-00-00 00:00:00',0),(347,'La Presentación','255 5481','Calle 7 N° 56-9 Campo Amor','',80,4,'Activo','0000-00-00 00:00:00','0000-00-00 00:00:00',0),(348,'Mascerca Guayabal','3857413','Carrera 52 N° 9S - 42','',42,13,'Activo','0000-00-00 00:00:00','0000-00-00 00:00:00',0),(349,'Mascerca Poblado','3857414','Carrera 43 D N° 11 - 02 Manila','',41,13,'Activo','0000-00-00 00:00:00','0000-00-00 00:00:00',0),(350,'Octavio Calderón Mejía','255 4257','Carrera 58 N° 7 - 157 Campo Amor','',79,4,'Activo','0000-00-00 00:00:00','0000-00-00 00:00:00',0),(351,'Octavio Harry','343 5934','Calle 17 N° 73 - 37 Belén Las Playas','',84,4,'Activo','0000-00-00 00:00:00','0000-00-00 00:00:00',0),(352,'Parque Belén','N/A','Carrera 77 N° 30A-53 Parque de Belén','',44,14,'Activo','0000-00-00 00:00:00','0000-00-00 00:00:00',0),(353,'Parque Principal de Altavista','N/A','Calle 16 N° 99 - 117 Altavista','',45,14,'Activo','0000-00-00 00:00:00','0000-00-00 00:00:00',0),(354,'Parque El Poblado','N/A','Carrera43 A N° 10-01','',41,9,'Activo','0000-00-00 00:00:00','0000-00-00 00:00:00',0),(355,'Perpetuo Socorro','253 9037','Carrera 92 N° 34 D-54 40','',40,4,'Activo','0000-00-00 00:00:00','0000-00-00 00:00:00',0),(356,'San Roberto Belarmino','2562097','Calle 32B N°83-39 BeléN° Las Mercedes','',83,4,'Activo','0000-00-00 00:00:00','0000-00-00 00:00:00',0),(357,'Santa Catalina de Sena','3541437','Calle 1 SUR N° 29-300 Los Balsos 1','',41,4,'Activo','0000-00-00 00:00:00','0000-00-00 00:00:00',0),(358,'Santo ángel','2853623','Calle 2 Sur N° 53-140. Guayabal','',42,4,'Activo','0000-00-00 00:00:00','0000-00-00 00:00:00',0),(359,'Sección Juan Pablo Ii - Ie Santos ángeles C','235 7397','Carrera 65 G N°. 16 A - 12 Santa Fé','',81,4,'Activo','0000-00-00 00:00:00','0000-00-00 00:00:00',0),(360,'Sección Primaria La Independencia','4929808','ppal Calle 39D N° 112-81 La Independencia','',73,4,'Activo','0000-00-00 00:00:00','0000-00-00 00:00:00',0),(361,'Sección Santísima Trinidad - IE Benjamín H','235 5236','Calle 26 N° 65C - 100 Trinidad','',79,4,'Activo','0000-00-00 00:00:00','0000-00-00 00:00:00',0),(362,'Unidad Integral 6','3859207','Carrera 77 N°25-01 Belén San Bernardo','',43,13,'Activo','0000-00-00 00:00:00','0000-00-00 00:00:00',0),(394,'Bello Horizonte','234 6584','Carrera 86 77B 53','',129,4,'Activo','0000-00-00 00:00:00','0000-00-00 00:00:00',0),(395,'Cent Educ Anexo La Frisola','4463248','Vda la Frisola','',130,4,'Activo','0000-00-00 00:00:00','0000-00-00 00:00:00',0),(396,'Cent Educ Anexo La Potrera','3871105','Vda La Potrera','',131,4,'Activo','0000-00-00 00:00:00','0000-00-00 00:00:00',0),(397,'Cent Educ Anexo Luis Mesa Villa','4461379','Vda Urquita','',132,4,'Activo','0000-00-00 00:00:00','0000-00-00 00:00:00',0),(398,'Cent Educ La Aldea','387 0129','Vda La Aldea','',133,4,'Activo','0000-00-00 00:00:00','0000-00-00 00:00:00',0),(399,'Cent Educ La Suiza','446 3712','Vda la Suiza','',134,4,'Activo','0000-00-00 00:00:00','0000-00-00 00:00:00',0),(400,'Cent Educ La Volcana','446 3286','Vda la Volcana','',135,4,'Activo','0000-00-00 00:00:00','0000-00-00 00:00:00',0),(401,'Cent Educ León Arango Paucar','387 0825','Vda la Sucia','',136,4,'Activo','0000-00-00 00:00:00','0000-00-00 00:00:00',0),(402,'Centro De Integración Comunitario Comunas 5 ','4780169','Carrera 73 N° 96 - 105','',137,15,'Activo','0000-00-00 00:00:00','0000-00-00 00:00:00',0),(403,'Centro Educativo Travesias El Morro','427 3766','Carrera 143 N° 68-20- INTERIOR 120','',138,4,'Activo','0000-00-00 00:00:00','0000-00-00 00:00:00',0),(404,'Ciudadela De Las Américas','273 0061','Calle 111 N° 79 - 77','',139,4,'Activo','0000-00-00 00:00:00','0000-00-00 00:00:00',0),(405,'Ciudadela Nuevo Occidente (Las Flores)','4278910 - 4277760','Barrio las Flores','',140,4,'Activo','0000-00-00 00:00:00','0000-00-00 00:00:00',0),(406,'Colegio Mayor De Antioquia','4 44 56 11','Carrera 78 N° 65 - 46','',143,6,'Activo','0000-00-00 00:00:00','0000-00-00 00:00:00',0),(407,'Fe y Alegría Aures','257 5489','Carrera 95 89-73','',141,4,'Activo','0000-00-00 00:00:00','0000-00-00 00:00:00',0),(408,'Fe y Alegría San Jose','441 4908','Calle 86 N° 92-61','',142,4,'Activo','0000-00-00 00:00:00','0000-00-00 00:00:00',0),(409,'Fe y Alegría Villa De La Candelaria','2642310','Calle 77A N° 90D - 35','',141,4,'Activo','0000-00-00 00:00:00','0000-00-00 00:00:00',0),(410,'Gerardo Valencia Cano','2300313','Calle 65 N° 74B-273','',143,4,'Activo','0000-00-00 00:00:00','0000-00-00 00:00:00',0),(411,'Institucion Universitaria Pascual Bravo','448 0520','Calle 73 N° 73A 226','',143,6,'Activo','0000-00-00 00:00:00','0000-00-00 00:00:00',0),(412,'Instituto Tecnologico Metropolitano','440 51 00','Calle 73 N° 76A - 354','',143,6,'Activo','0000-00-00 00:00:00','0000-00-00 00:00:00',0),(413,'Jardin Infantil Buen Comienzo La Huerta','4379646','Carrera 47 N° 69C - 50','',159,9,'Activo','0000-00-00 00:00:00','0000-00-00 00:00:00',0),(414,'Jesus Rey','421 8309/421 9748','CarreraA 88 N° 77A-11','',141,4,'Activo','0000-00-00 00:00:00','0000-00-00 00:00:00',0),(415,'Jorge Eliécer Gaitán','2578292','Calle 92 # 83-41','',158,4,'Activo','0000-00-00 00:00:00','0000-00-00 00:00:00',0),(416,'Juvenil Nuevo Futuro','267 3506','Calle 104C N°80-03','',139,4,'Activo','0000-00-00 00:00:00','0000-00-00 00:00:00',0),(417,'La Huerta','437 9554','CarreraA 97 N° 69C - 71','',159,4,'Activo','0000-00-00 00:00:00','0000-00-00 00:00:00',0),(418,'Luis López De Mesa','257 0925/441 7456','Calle 84 N° 74-60','',144,4,'Activo','0000-00-00 00:00:00','0000-00-00 00:00:00',0),(419,'Parque San Sebastián De Palmitas','Sin datos','Sin datos','',145,9,'Activo','0000-00-00 00:00:00','0000-00-00 00:00:00',0),(420,'Picachito','476 1277','Carrera 85 A N° 98B 17','',146,4,'Activo','0000-00-00 00:00:00','0000-00-00 00:00:00',0),(421,'San Vicente De Paúl','257 62 43 - 284 02 65','Carrera 71 A N° 79-01','',160,4,'Activo','0000-00-00 00:00:00','0000-00-00 00:00:00',0),(422,'Arzobispo Tulio Botero Salazar','221 2693/226 7300','Calle 49A N° 03A-006','',147,4,'Activo','0000-00-00 00:00:00','0000-00-00 00:00:00',0),(423,'El Cerro','538 1830','Santa Elena','',148,4,'Activo','0000-00-00 00:00:00','0000-00-00 00:00:00',0),(424,'El Pinal','222 3647','Calle 56 N° 25 A 40','',149,4,'Activo','0000-00-00 00:00:00','0000-00-00 00:00:00',0),(425,'El Placer','5380143','Santa Elena','',150,4,'Activo','0000-00-00 00:00:00','0000-00-00 00:00:00',0),(426,'El Plan','538 0236','Correg. Santa Elena','',37,4,'Activo','0000-00-00 00:00:00','0000-00-00 00:00:00',0),(427,'Espacio Público','2291300 / 2291304 Ext 202','Carrera 42 N° 47-15','',122,13,'Activo','0000-00-00 00:00:00','0000-00-00 00:00:00',0),(428,'Hector Abad Gómez - Sede Darío Londoño','216 1258/216 3805','CarreraA 44 N° 43-96','',154,4,'Activo','0000-00-00 00:00:00','0000-00-00 00:00:00',0),(429,'Inem Tulio Ospina','512 3594/ 512 1428','Calle 60 N° 51 48','',38,4,'Activo','0000-00-00 00:00:00','0000-00-00 00:00:00',0),(430,'Juan Andres Patiño','566 9138','Santa Elena','',152,4,'Activo','0000-00-00 00:00:00','0000-00-00 00:00:00',0),(431,'Mazo','5669390','Santa Elena','',153,4,'Activo','0000-00-00 00:00:00','0000-00-00 00:00:00',0),(432,'Media Luna','269 5500','Santa Elena','',37,4,'Activo','0000-00-00 00:00:00','0000-00-00 00:00:00',0),(433,'Piedra Gorda','5669186','Santa Elena','',155,4,'Activo','0000-00-00 00:00:00','0000-00-00 00:00:00',0),(434,'Piedras Blancas','551 3286','Santa Elena','',153,4,'Activo','0000-00-00 00:00:00','0000-00-00 00:00:00',0),(435,'Santa Elena -Sede Escuela','538 00 27','Santa Elena','',161,4,'Activo','0000-00-00 00:00:00','0000-00-00 00:00:00',0),(436,'Taquilla única - Centro De Atención A La Ci','3857162- 3857414 - 3857161','Calle 44 N° 52-165','',154,13,'Activo','0000-00-00 00:00:00','0000-00-00 00:00:00',0),(437,'Tesorería Municipal','3856561','Carrera 44 N° 52-165','',154,13,'Activo','0000-00-00 00:00:00','0000-00-00 00:00:00',0),(438,'Mascerca Belén','3856595 Andres / 3857428 lina','Carrera 76 N° 32 -74 Belén Parque','',157,13,'Activo','0000-00-00 00:00:00','0000-00-00 00:00:00',0),(439,'Permanencia 3','2385515 / 2389217','Calle 31 N° 75-22 Belén Parque','',157,13,'Activo','0000-00-00 00:00:00','0000-00-00 00:00:00',0),(440,'Centro De Desarrollo Cultural De Moravia','','','',106,16,'Activo','0000-00-00 00:00:00','0000-00-00 00:00:00',0),(441,'Enzona Comunicaciones','','','',13,16,'Activo','0000-00-00 00:00:00','0000-00-00 00:00:00',0),(442,'UVA De Moscú- Popular','','','',56,16,'Activo','0000-00-00 00:00:00','0000-00-00 00:00:00',0),(443,'UVA De Versalles- Manrique','','','',101,16,'Activo','0000-00-00 00:00:00','0000-00-00 00:00:00',0),(444,'Centro Integrado San Cristobal','4270542 - 4270023','Carreraa 128 N° 63-45, Km 7 vía al mar','',25,15,'Activo','0000-00-00 00:00:00','0000-00-00 00:00:00',0),(445,'Junta De Acción Comunal Castilla','4548264','Carrera 64 AA N° 113 A 04','',18,15,'Activo','0000-00-00 00:00:00','0000-00-00 00:00:00',0),(446,'Escuela Nacional Sindical','5133100','CALLE 51 # 55-78 Boyaca con Tenerife','',36,16,'Activo','0000-00-00 00:00:00','0000-00-00 00:00:00',0),(447,'Ludoteca La Ladera','3857331','Calle 59 N°  36-30','',108,16,'Activo','0000-00-00 00:00:00','0000-00-00 00:00:00',0),(448,'Manuel Jose Caicedo','2217929','Calle 50 N°  29 - 82','',156,4,'Activo','0000-00-00 00:00:00','0000-00-00 00:00:00',0),(449,'Santa Elena','538 1304','Santa Elena','',37,4,'Activo','0000-00-00 00:00:00','0000-00-00 00:00:00',0),(450,'Biblioteca Comfenalco El Salado','4928888','Calle 39D N° 112-81 IN°t 101','',77,16,'Activo','0000-00-00 00:00:00','2014-12-05 16:36:38',0),(451,'Vivero De Software, Alianza Futuro Digital','2666339','Calle 7 N°  48-111 Av Las Vegas entre INEM y','',41,15,'Activo','0000-00-00 00:00:00','0000-00-00 00:00:00',0),(452,'Parque San Antonio de Prado ','0000000','Calle 45 con Carrera 49','',46,14,'Activo','0000-00-00 00:00:00','2015-03-17 18:28:22',0),(453,'Parque Biblioteca Doce de Octubre','477 62 84','Carrera 80 N°104  - 10','',21,10,'Activo','0000-00-00 00:00:00','0000-00-00 00:00:00',0),(454,'Telecentro Zafra','3543668','calle 21 # 84B -02','tel.mizafra2012@gmail.com',162,5,'','0000-00-00 00:00:00','0000-00-00 00:00:00',0),(456,'Telecentro Monteverde','4964946','Calle 34A N°116-170','',45,5,'Activo','2014-12-03 13:59:18','0000-00-00 00:00:00',14),(457,'Telecentro los Tanques','4924295','Calle 34B N°130-148','telecentrolostanques@gmail.com',45,5,'Activo','2014-12-03 14:28:45','0000-00-00 00:00:00',12),(458,'Telecentro Blanquizal','4260502','Carrera 93A N° 58-19','',163,5,'Activo','2014-12-05 11:23:29','0000-00-00 00:00:00',14),(459,'Telecentro Trinidad','2355850','Carrera. 65D N° 24-14 int. 101','',79,5,'Activo','2014-12-05 11:26:03','0000-00-00 00:00:00',14),(460,'Centro Comercial Terminal del Sur ','3611588','Carrera 65 #8B-91','direccioncomercial@terminaldelsur.com',79,16,'Activo','2014-12-15 11:34:57','0000-00-00 00:00:00',14),(461,'Biblioteca Comunitaria el Manzanillo','2388988','Vereda el Manzanillo','',45,10,'Activo','2014-12-16 13:36:33','0000-00-00 00:00:00',14),(462,'Telecentro Nuevo Horizonte','5720297','Carrera 37 N° 108A -13','',165,5,'Activo','2014-12-17 11:38:47','0000-00-00 00:00:00',14),(463,'Centro de Lectura Villa Guadalupe','2140044- 5217000','Calle 95 N° 43A- 03','',164,10,'Activo','2014-12-17 11:39:48','0000-00-00 00:00:00',14),(464,'Telecentro Moscú','259 2467','Carrera 49 N° 99- 10','',56,5,'Activo','2014-12-17 11:44:07','0000-00-00 00:00:00',14),(465,'Fundación Casa Maren','4191273','Calle 82 N° 31B-  08','',13,7,'Activo','2014-12-17 11:45:22','0000-00-00 00:00:00',14),(466,'Biblioteca El Raizal','5732057','Calle 77 N° 31 - 40','',13,10,'Activo','2014-12-17 11:46:16','0000-00-00 00:00:00',14),(467,'Telecentro San Joaquin Bolivariana','4112044','Calle 42 N° 71-37','',104,5,'Activo','2014-12-17 11:48:30','0000-00-00 00:00:00',14),(468,'Telecentro Santa Mónica','2523247','Calle 38 N° 92 -55','',124,5,'Activo','2014-12-17 11:49:32','0000-00-00 00:00:00',14),(469,'Telecentro La soledad','2341876','Calle 53A N° 81B - 57','',29,5,'Activo','2014-12-17 11:50:36','0000-00-00 00:00:00',14),(470,'Telecentro La Sierra','2260635','Calle 54B  N° 5 Este -44','',60,5,'Activo','2014-12-17 11:56:30','0000-00-00 00:00:00',14),(471,'Biblioteca Popular Mario Gaviria Suarez ','2675051 - ext 16','Carrera 64 N° 96A-10 ','',127,10,'Activo','2014-12-17 12:01:35','0000-00-00 00:00:00',14),(472,'República de Uruguay  ','2574945','Calle 91 A # 70 A - 193','',166,4,'Activo','2015-03-16 13:32:32','0000-00-00 00:00:00',35),(473,'Parque Juanes de la Paz','4717518','Carrera 65 # 97-00','',18,14,'Activo','2015-03-16 13:35:08','0000-00-00 00:00:00',35),(474,'Centro de Salud Alfonso López','2573800 – 4416189','Carrera 70 #90-13','',166,13,'Activo','2015-03-16 13:36:30','0000-00-00 00:00:00',35),(475,'UPSS CASTILLA “Jaime Tobon Arbelaez”','4256440 y 4256441-42-43-44-45-46-47-48','Carrera 65 #98-115','',18,13,'Activo','2015-03-16 13:38:18','0000-00-00 00:00:00',35),(476,'Terminal del Norte','444 80 20 ext 116','Carrera 64C #78-580','',19,14,'Activo','2015-03-16 14:21:36','0000-00-00 00:00:00',35),(477,'Parque de Florencia','0','Calle 113 con Carrera 70','',111,14,'Activo','2015-03-16 14:35:46','0000-00-00 00:00:00',35),(478,'Pista de Patinaje Francisco Antonio Zea','0','Calle 91A con Carrera 67','',167,14,'Activo','2015-03-16 14:44:13','0000-00-00 00:00:00',35),(479,'Biblioteca Familia La Esperanza','366 69 10','Carrera 73 N°96 - 105','',137,10,'1','2015-03-16 14:45:09','2015-06-26 13:37:30',35),(480,'Telecentro Doce de Octubre','4723636-4744198','Cra 80 103A-240','',21,5,'Activo','2015-03-16 14:46:16','0000-00-00 00:00:00',35),(481,'El Triunfo Santa Teresa','4715017','Calle 104 D # 82 GG 20','',168,4,'Activo','2015-03-16 14:50:02','0000-00-00 00:00:00',35),(482,'Camilo Mora Carrasquilla','4384765','Calle 62 D N° 94B-74','',169,4,'Activo','2015-03-16 14:52:45','0000-00-00 00:00:00',35),(483,'La Carmelita','4381947','Carrera 84 E # 97-82','',118,5,'Activo','2015-03-16 14:54:26','0000-00-00 00:00:00',35),(484,'Unidad Deportiva 12 de Octubre','4744375','Calle 104b # 78b - 21','',21,14,'Activo','2015-03-16 15:36:54','0000-00-00 00:00:00',35),(485,'Centralidad deportiva el Progreso #2','0','Calle 106C con Carrera 82A','',170,14,'Activo','2015-03-16 15:42:48','0000-00-00 00:00:00',35),(486,'Teatro al aire libre y parque el Pedregal','4764379','Calle 105 #72A-25','',117,14,'Activo','2015-03-16 15:43:55','0000-00-00 00:00:00',35),(487,'Casa de la Cultura Pedregal','3855369','Calle 102B con Carrera 72','',117,16,'Activo','2015-03-16 15:46:10','0000-00-00 00:00:00',35),(488,'Jesús Amigo','2673204/4776196','calle 99D 82-07','',21,4,'Activo','2015-03-16 15:54:26','0000-00-00 00:00:00',35),(489,'UPSS Doce de Octubre  “Luis Carlos Galán Sarm','0','Calle 101BB #78-10','',21,13,'Activo','2015-03-16 16:15:19','0000-00-00 00:00:00',35),(490,'Telecentro Altamira','4226847','Diagonal 80 N°78B 240 Bl 77','',171,5,'Activo','2015-03-16 16:27:21','0000-00-00 00:00:00',35),(491,'Centro de Salud San Camilo','2341587 – 2340070 -4219358-4225273','Carrera 88 #80-150','',172,13,'Activo','2015-03-16 16:44:35','0000-00-00 00:00:00',35),(492,'Vereda Centralidad La Suiza','0','Vereda La Suiza','',134,14,'Activo','2015-03-16 16:49:15','0000-00-00 00:00:00',35),(493,'Loma Hermosa','4271116','CRA 123B N° 53B - 05','',25,4,'Activo','2015-03-16 16:50:55','0000-00-00 00:00:00',35),(494,'Ludoteca Casa San Martín','3856570','Calle 64B #106-60','',173,13,'Activo','2015-03-16 16:56:15','0000-00-00 00:00:00',35),(495,'UPSS San Cristóbal \"Leonardo Betancur','0','Calle 63 #130-44','',25,13,'Activo','2015-03-16 16:57:31','0000-00-00 00:00:00',35),(496,'UPSS Nuevo Occidente','0','Calle 63 No 108','',24,13,'Activo','2015-03-16 16:58:38','0000-00-00 00:00:00',35),(497,'Biblioteca pública escolar popular # 2','522-00-38','Carrera 43 # 118-26','',57,10,'Activo','2015-03-17 10:22:08','0000-00-00 00:00:00',35),(498,'Centro de salud Santo Domingo Savio','5292833 - 5293164 - 5290952','Carrera 33 # 107B –15','',11,13,'Activo','2015-03-17 10:28:57','0000-00-00 00:00:00',35),(499,'Centro de Salud Villa del Socorro','5226267','Clle 105 # 48-73','',12,13,'Activo','2015-03-17 10:30:27','0000-00-00 00:00:00',35),(500,'Coliseo de Combate','369 90 00','carrera 70 con calle 50','',15,14,'Activo','2015-03-17 10:33:19','0000-00-00 00:00:00',35),(501,'Coliseo de Gimnasia','369 90 00','carrera 70 con calle 50','',15,14,'Activo','2015-03-17 10:34:21','0000-00-00 00:00:00',35),(502,'Coliseo Ivan de Bedout','369 90 00','carrera 70 con calle 50','',15,14,'Activo','2015-03-17 10:35:12','0000-00-00 00:00:00',35),(503,'Coliseo de Voleibol Yesid Santos','369 90 00','carrera 70 con calle 50','',15,14,'Activo','2015-03-17 10:36:00','0000-00-00 00:00:00',35),(504,'Complejo Acuatico','369 90 00','carrera 70 con calle 50','',15,14,'Activo','2015-03-17 10:37:37','0000-00-00 00:00:00',35),(505,'Diamante de Beísbol','369 90 00','carrera 70 con calle 50','',15,14,'Activo','2015-03-17 10:38:12','0000-00-00 00:00:00',35),(506,'Fe y Alegria Luis Amigo','263 48 12','Carrera 58 # 84 - 40 ','',106,4,'Activo','2015-03-17 10:44:59','0000-00-00 00:00:00',35),(507,'La Asunción','521 74 66   ','Carrera 47 N99 - 77','',54,4,'Activo','2015-03-17 10:47:13','0000-00-00 00:00:00',35),(508,'Jardín Botánico – Orquideorama','4445500','Carrera 53 # 52','',175,14,'Activo','2015-03-17 10:50:42','0000-00-00 00:00:00',35),(509,'Parque Aranjuez','0000000','calle 93  carrera 49a','',14,14,'Activo','2015-03-17 10:51:46','0000-00-00 00:00:00',35),(510,'Parque Guadalupe','0000000','Calle 96 carrera 40','',164,14,'Activo','2015-03-17 10:57:10','0000-00-00 00:00:00',35),(511,'Parque de los Deseos','448 6960','Calle 71 # 52-30','',175,14,'Activo','2015-03-17 10:59:04','0000-00-00 00:00:00',35),(512,'Parque del Ajedrez ','0000000','Carrera 93 calle 35','',124,14,'Activo','2015-03-17 11:00:08','0000-00-00 00:00:00',35),(513,'Parque Explora','5168300','Carrera 53 # 52','',175,14,'Activo','2015-03-17 11:01:55','0000-00-00 00:00:00',35),(514,'Parque Norte','210 03 00','carrera 52 calle 77','',175,14,'Activo','2015-03-17 11:03:20','0000-00-00 00:00:00',35),(515,'Pista de Atletismo Alfonso Galvis','369 90 00','carrera 70 con calle 50','',15,14,'Activo','2015-03-17 11:04:32','0000-00-00 00:00:00',35),(516,'Plazoleta de Banderas','369 90 00','carrera 70 con calle 50','',15,14,'Activo','2015-03-17 11:05:17','0000-00-00 00:00:00',35),(517,'Plazoleta entre Antonio Derka y la I.E Santo ','0000000','Carrera 28 #107-205','',11,14,'Activo','2015-03-17 11:06:14','0000-00-00 00:00:00',35),(518,'Positivos por la vida','4223534','Carrera 81b # 49 - 88','',176,16,'Activo','2015-03-17 11:09:48','0000-00-00 00:00:00',35),(519,'Telecentro Santa Cecilia 2','5728133','Carrera 46 # 98-28','',114,5,'Activo','2015-03-17 11:11:00','0000-00-00 00:00:00',35),(520,'Telecentro Santa Lucia','4221607','Calle 47 B # 90 A 36','',30,5,'Activo','2015-03-17 11:12:36','0000-00-00 00:00:00',35),(521,'Unidad deportiva granizal','0000000','Calle 102 # 33d','',50,14,'Activo','2015-03-17 11:14:47','0000-00-00 00:00:00',35),(522,'UPSS Manrique Hermenegildo de Fex',' 5167260','CALLE 66 E # 42-51','',13,13,'Activo','2015-03-17 11:16:13','0000-00-00 00:00:00',35),(523,'UPSS Santa Cruz Víctor Cárdenas Jaramillo','5221109-514','Cra 51A # 100-80','',54,13,'Activo','2015-03-17 11:16:57','0000-00-00 00:00:00',35),(524,'Velódromo Martín Cochise Rodriguez','369 90 00','carrera 70 con calle 50','',15,14,'Activo','2015-03-17 11:17:56','0000-00-00 00:00:00',35),(525,'Biblioteca Villatina','2691021','Carrera 16 No. 56 – 44','',69,10,'Activo','2015-03-17 11:20:43','0000-00-00 00:00:00',35),(526,'Centro de Salud Villatina','2691461','Carrera 54 #17A-09','',69,13,'Activo','2015-03-17 11:21:39','0000-00-00 00:00:00',35),(527,'Desarrollo Integral Las Estancias','576 74 11','Calle 52A #10A-120','',177,14,'Activo','2015-03-17 11:24:12','0000-00-00 00:00:00',35),(528,'Eco parque Esfuerzos de Paz - Las Tinajas','000000','Cll 52A # 33','',178,14,'Activo','2015-03-17 11:28:02','0000-00-00 00:00:00',35),(529,'Parque Recreativo la Ladera','0000000','Carrera 36 #59A-80','',108,14,'Activo','2015-03-17 11:35:04','0000-00-00 00:00:00',35),(530,'Parque Santo','0000000','Calle 15A con Carrera 56D','',69,14,'Activo','2015-03-17 11:36:09','0000-00-00 00:00:00',35),(531,'Telecentro Trece de Noviembre','2915287','Cll 56HG 17A-112 Sede Comunal','',179,5,'Activo','2015-03-17 11:42:13','0000-00-00 00:00:00',35),(532,'Parque la Milagrosa','0000000','Carrera 29 con calle 41','',65,14,'1','2015-03-17 11:44:01','2015-03-30 20:48:21',35),(533,'Unidad deportiva Miraflores','0000000','Calle 51 con Carrera 26','',68,14,'Activo','2015-03-17 11:46:01','0000-00-00 00:00:00',35),(534,'Museo Casa de la Memoria','3834001','Calle 51 #36-66','',34,14,'Activo','2015-03-17 11:47:14','0000-00-00 00:00:00',35),(535,'Centro de servicios al Ciudadano-CAM','3857162- 3857414 - 3857161','Calle 44 N°. 52-165','',32,13,'Activo','2015-03-17 11:48:51','0000-00-00 00:00:00',35),(536,'Concejo de Medellin /recinto)','3846839','Carrera 53A # 42-2 a 42-100','',32,14,'Activo','2015-03-17 13:10:44','0000-00-00 00:00:00',35),(537,'Hospital General','384 7300','Carrera 48 #32-102','',180,13,'Activo','2015-03-17 13:16:31','0000-00-00 00:00:00',35),(538,'Parque Berrio','0000000','Calle 50 #51-65','',32,14,'Activo','2015-03-17 13:17:36','0000-00-00 00:00:00',35),(539,'Parque Bicentenario','0000000','Calle 51 con Carrera 38','',34,14,'Activo','2015-03-17 13:18:28','0000-00-00 00:00:00',35),(540,'Parque Bolivar','0000000','Carrera 49 con Calle 54','',32,14,'Activo','2015-03-17 13:21:19','0000-00-00 00:00:00',35),(541,'Parquede Boston','0000000','Carrera 39 con CAlle 55','',34,14,'Activo','2015-03-17 13:22:02','0000-00-00 00:00:00',35),(542,'Parquede losPies Descalzos','3800804','Carrera 58 con calle 42','',32,14,'Activo','2015-03-17 13:23:46','0000-00-00 00:00:00',35),(543,'Parque de San Antonio','231 27 11','Calle 45 con Carrera 49','',32,14,'1','2015-03-17 13:26:55','2015-06-22 21:45:17',35),(544,'Parque del Periodista','0000000','Carrera 43 con Calle 53','',32,14,'Activo','2015-03-17 13:29:57','0000-00-00 00:00:00',35),(545,'Plazoleta de Cisneros','3807502','Calle 45 con Carrera 53','',32,14,'Activo','2015-03-17 13:30:58','0000-00-00 00:00:00',35),(546,'Plazoleta la Alpujarra','0000000','Calle 44 #52-165','',32,14,'1','2015-03-17 13:31:52','2015-06-12 19:43:16',35),(547,'Plazuela San Ignacio','0000000','Carrera 44 con Calle 49','',32,14,'Activo','2015-03-17 13:33:29','0000-00-00 00:00:00',35),(548,'Unidad deportiva Fraternidad (ITM)','0000000','Calle 50A #30-01','',34,14,'Activo','2015-03-17 13:39:59','0000-00-00 00:00:00',35),(549,'Parque Arví- Parqueadero Grajales','444 29 79','Sante Elena ','',37,14,'Activo','2015-03-17 13:52:52','0000-00-00 00:00:00',35),(550,'Centro de Salud Villa Laura','4920838','Carrera 105B #34BB-80','',181,13,'Activo','2015-03-17 14:30:30','0000-00-00 00:00:00',35),(551,'UPSS SAN JAVIER “Jesús Pelaez','511 75 05','Calle 40 #105-103','',74,13,'Activo','2015-03-17 14:34:00','0000-00-00 00:00:00',35),(552,'Centro de Salud LA ESPERANZA','0','Carrera 118 #39A-13','',74,13,'Activo','2015-03-17 14:46:30','0000-00-00 00:00:00',35),(553,'Unidad Deportiva Antonio Nariño','0000000','Carrera 108 #42-94','',183,14,'Activo','2015-03-17 15:04:14','0000-00-00 00:00:00',35),(554,'Plazoleta y parque Cultural del MAMM','444 2622','Carrera 44 entre Calles 18 y 20','',184,14,'Activo','2015-03-17 15:07:35','0000-00-00 00:00:00',35),(555,'Coliseo Carlos Mauro Hoyos','0000000','Carrera 68B con Calle 26B','',44,14,'Activo','2015-03-17 15:09:00','0000-00-00 00:00:00',35),(556,'Parque de Cristo Rey','0000000','Carrera 53 con Calle 2Sur','',42,14,'Activo','2015-03-17 15:10:24','0000-00-00 00:00:00',35),(557,'Unidad Deportiva Maria Luisa Calle','3410430','Carrera 70 # 1-180','',44,14,'Activo','2015-03-17 15:11:38','0000-00-00 00:00:00',35),(558,'Aeroparque Juan Pablo Segundo','3401210','Cra 70 # 16-04','',44,14,'Activo','2015-03-17 15:12:21','0000-00-00 00:00:00',35),(559,'Desarrollo integral Belén Zafra','3699000','Carrera 83B con Calle 21','',162,14,'Activo','2015-03-17 15:13:07','0000-00-00 00:00:00',35),(560,'Institución Universitaria Pascual Bravo Belen','4461360','calle 10 #72 - 62','',44,14,'Activo','2015-03-17 15:13:53','0000-00-00 00:00:00',35),(561,'UPSS BELÉN “Héctor Abad Gómez”','343 45 95','Calle 28 #77-124','',44,13,'Activo','2015-03-17 15:15:31','0000-00-00 00:00:00',35),(562,'Cerro Nutibara (Pueblito Paisa)','3858017','calle 30 A # 55-64','',86,14,'Activo','2015-03-17 15:16:58','0000-00-00 00:00:00',35),(563,'Bolera Unidad Deportiva Andres Escobar','3611639','carrera 66B # 30 A 49','',44,14,'Activo','2015-03-17 15:17:54','0000-00-00 00:00:00',35),(564,'Tiro Con Arco','3611639','Carrera 66b con calle 30a','',44,14,'Activo','2015-03-17 15:18:45','0000-00-00 00:00:00',35),(565,'Pista De Bicicross Antonio Roldán Betancur','2658027','Cra 66 B con calle 30 A','',44,14,'Activo','2015-03-17 15:19:53','0000-00-00 00:00:00',35),(566,'UPSS SAN A. DE PRADO Diego Echavarria Misas','2860055','Carrera 79 #40Sur-45','',46,13,'Activo','2015-03-17 15:21:03','0000-00-00 00:00:00',35),(567,'Centro De Servicios San Cristóbal','3856840','Carrera 131 60-59','',25,13,'1','2015-04-27 13:25:54','0000-00-00 00:00:00',35),(568,'Aures','264 0826','Carrera 96 A N° 77 E 15','',141,4,'1','2015-05-04 11:52:54','0000-00-00 00:00:00',35),(569,'Telecentro El Salvador','2174252','Cra 36 # 40a - 12','',28,5,'1','2015-05-21 09:54:59','0000-00-00 00:00:00',35),(570,'UVA Los Sueños','2926711','Cra 28 # 69-04','',13,14,'1','2015-05-29 16:53:50','0000-00-00 00:00:00',35),(571,'Parque De Boston','','Cra 39 con calle 55','',34,14,'1','2015-06-02 16:54:01','0000-00-00 00:00:00',35),(572,'Plazoleta Cisneros','','Calle 45 con Carrera 53 - Al frente de la Biblioteca EPM','',36,14,'1','2015-06-11 11:52:21','0000-00-00 00:00:00',13),(573,'Centro De Salud San Lorenzo','2179394','Calle 41 42a 78','',216,13,'1','2015-06-23 16:39:08','0000-00-00 00:00:00',35);
/*!40000 ALTER TABLE `sites` ENABLE KEYS */;
UNLOCK TABLES;

--
-- Table structure for table `sites_per_trainers`
--

DROP TABLE IF EXISTS `sites_per_trainers`;
/*!40101 SET @saved_cs_client     = @@character_set_client */;
/*!40101 SET character_set_client = utf8 */;
CREATE TABLE `sites_per_trainers` (
  `site_id` int(11) NOT NULL,
  `per_trainer_id` int(11) NOT NULL,
  KEY `site_id_idx` (`site_id`),
  KEY `Relacion_PK_2_idx` (`per_trainer_id`),
  CONSTRAINT `sites_per_trainers_ibfk_1` FOREIGN KEY (`site_id`) REFERENCES `sites` (`id_site`) ON UPDATE CASCADE,
  CONSTRAINT `sites_per_trainers_ibfk_2` FOREIGN KEY (`per_trainer_id`) REFERENCES `per_trainers` (`id`) ON UPDATE CASCADE
) ENGINE=InnoDB DEFAULT CHARSET=latin1;
/*!40101 SET character_set_client = @saved_cs_client */;

--
-- Dumping data for table `sites_per_trainers`
--

LOCK TABLES `sites_per_trainers` WRITE;
/*!40000 ALTER TABLE `sites_per_trainers` DISABLE KEYS */;
INSERT INTO `sites_per_trainers` VALUES (438,1),(326,2),(192,3),(444,4),(568,5),(212,6);
/*!40000 ALTER TABLE `sites_per_trainers` ENABLE KEYS */;
UNLOCK TABLES;

--
-- Table structure for table `sites_training`
--

DROP TABLE IF EXISTS `sites_training`;
/*!40101 SET @saved_cs_client     = @@character_set_client */;
/*!40101 SET character_set_client = utf8 */;
CREATE TABLE `sites_training` (
  `site_id` int(11) NOT NULL,
  `training_id` int(11) NOT NULL,
  KEY `site_id` (`site_id`),
  KEY `training_id` (`training_id`),
  CONSTRAINT `sites_training_ibfk_1` FOREIGN KEY (`site_id`) REFERENCES `sites` (`id_site`) ON UPDATE CASCADE,
  CONSTRAINT `sites_training_ibfk_2` FOREIGN KEY (`training_id`) REFERENCES `training` (`id`) ON UPDATE CASCADE
) ENGINE=InnoDB DEFAULT CHARSET=latin1;
/*!40101 SET character_set_client = @saved_cs_client */;

--
-- Dumping data for table `sites_training`
--

LOCK TABLES `sites_training` WRITE;
/*!40000 ALTER TABLE `sites_training` DISABLE KEYS */;
/*!40000 ALTER TABLE `sites_training` ENABLE KEYS */;
UNLOCK TABLES;

--
-- Table structure for table `sites_trainings`
--

DROP TABLE IF EXISTS `sites_trainings`;
/*!40101 SET @saved_cs_client     = @@character_set_client */;
/*!40101 SET character_set_client = utf8 */;
CREATE TABLE `sites_trainings` (
  `site_id` int(11) NOT NULL,
  `training_id` int(11) NOT NULL,
  KEY `site_id` (`site_id`),
  KEY `training_id` (`training_id`),
  CONSTRAINT `sites_trainings_ibfk_1` FOREIGN KEY (`site_id`) REFERENCES `sites` (`id_site`) ON UPDATE CASCADE,
  CONSTRAINT `sites_trainings_ibfk_2` FOREIGN KEY (`training_id`) REFERENCES `training` (`id`) ON UPDATE CASCADE
) ENGINE=InnoDB DEFAULT CHARSET=latin1;
/*!40101 SET character_set_client = @saved_cs_client */;

--
-- Dumping data for table `sites_trainings`
--

LOCK TABLES `sites_trainings` WRITE;
/*!40000 ALTER TABLE `sites_trainings` DISABLE KEYS */;
INSERT INTO `sites_trainings` VALUES (184,5),(175,6),(450,7),(289,8),(362,9),(472,10),(340,11),(205,12),(206,13),(298,14),(204,15),(213,16),(344,28),(344,29),(289,30),(207,31),(207,32),(444,33),(187,34),(203,35),(346,36),(131,37),(192,39),(525,40),(290,41),(433,42),(433,43),(210,44),(178,45),(176,46),(163,47),(321,48),(326,49),(186,50),(294,51),(210,52),(187,53),(464,54),(470,55),(520,56),(189,57),(179,58),(518,59),(490,60),(185,61),(332,38),(289,62),(479,63),(167,64),(194,65),(192,66),(237,67),(488,68),(190,69),(281,70),(415,71),(278,72),(410,73),(248,74),(165,75),(198,76),(466,77),(453,78),(177,79),(335,80),(194,81),(191,82);
/*!40000 ALTER TABLE `sites_trainings` ENABLE KEYS */;
UNLOCK TABLES;

--
-- Table structure for table `thematics`
--

DROP TABLE IF EXISTS `thematics`;
/*!40101 SET @saved_cs_client     = @@character_set_client */;
/*!40101 SET character_set_client = utf8 */;
CREATE TABLE `thematics` (
  `id` int(11) NOT NULL AUTO_INCREMENT,
  `name` varchar(200) NOT NULL,
  `state` int(11) NOT NULL,
  `prefix` varchar(45) NOT NULL,
  `description` text,
  `creation_date` datetime NOT NULL,
  `modification_date` timestamp NOT NULL DEFAULT CURRENT_TIMESTAMP ON UPDATE CURRENT_TIMESTAMP,
  `user_id` int(11) NOT NULL,
  PRIMARY KEY (`id`),
  UNIQUE KEY `name` (`name`),
  UNIQUE KEY `prefix` (`prefix`),
  KEY `user_id` (`user_id`),
  CONSTRAINT `thematics_ibfk_2` FOREIGN KEY (`user_id`) REFERENCES `users` (`id_user`) ON UPDATE CASCADE
) ENGINE=InnoDB AUTO_INCREMENT=23 DEFAULT CHARSET=latin1;
/*!40101 SET character_set_client = @saved_cs_client */;

--
-- Dumping data for table `thematics`
--

LOCK TABLES `thematics` WRITE;
/*!40000 ALTER TABLE `thematics` DISABLE KEYS */;
INSERT INTO `thematics` VALUES (1,'Introducción al manejo del computador',1,'IMC','Introducción al manejo básico del computador, encender y apagar el computador, manejo de archivos y carpetas. ','2015-03-31 09:54:05','2015-05-22 21:56:24',35),(2,'Trámites en línea locales',1,'GELL','Espacio formativo para conocer las trámites locales que se pueden consultar o realizar a través de Internet.','2015-03-31 09:57:11','2015-05-25 15:46:05',35),(3,'Narrativas Digitales - Fotografía',1,'NDF','Acercamiento a los lenguajes audiovisuales a través de la fotografía.','2015-03-31 11:11:27','2015-05-22 20:39:34',35),(4,'Herramientas Web 2.0',1,'HW2.0','Taller orienta a trabajar algunas herramientas de la Web 2.0 ','2015-03-31 11:25:31','0000-00-00 00:00:00',35),(5,'Herramientas Para El Mercadeo Digital',1,'HMD','En este taller se trabajan herramientas básicas que son útiles a los emprendedores para promocionar sus productos en Internet ','2015-03-31 11:30:00','0000-00-00 00:00:00',35),(6,'Dispositivos Móviles ',1,'DM','Charla y espacio de asesoría orientadas a fomentar el uso de dispositivos móviles ','2015-03-31 11:32:30','0000-00-00 00:00:00',35),(7,'Navegar Sin Naufragar Niñez',1,'NSNN','Espacio para el fomento y la reflexión sobre el uso responsable de Internet para niños y niñas','2015-03-31 11:34:05','2015-05-22 20:40:18',35),(8,'Internet libre y gratuito',1,'ILG','Activaciones que inviten a los Ciudadanos que habitan o transitan el espacio cercano a utilizar el Internet libre y gratuito dispuesto en el espacio o en los lugares cercanos.','2015-04-06 22:49:40','2015-05-25 15:45:40',35),(11,'Navegar Sin Naufragar Jóvenes',1,'NSNJ','Espacio para el fomento y la reflexión sobre el uso responsable de Internet para jóvenes.','2015-05-22 15:41:48','0000-00-00 00:00:00',13),(12,'Navegar Sin Naufragar Adultos',1,'NSNA','Espacio para el fomento y la reflexión sobre el uso responsable de Internet para adultos y padres de familia.','2015-05-22 15:42:36','0000-00-00 00:00:00',13),(13,'Ofimática Básica',1,'OB','Aprendizaje de procesadores de texto, tablas y presentaciones.','2015-05-22 16:57:53','0000-00-00 00:00:00',13),(14,'Búsquedas En Internet',1,'BI','Aprendizaje de los elementos básicos para realizar búsquedas en Google de temáticas de interés.','2015-05-22 16:58:53','0000-00-00 00:00:00',13),(15,'Correo Electrónico',1,'CE','Crear y enviar correos electrónicos, archivos adjuntos, configuración del correo.','2015-05-22 16:59:56','0000-00-00 00:00:00',13),(16,'Introducción Al Gobierno En Línea',1,'IGEL','Conceptos y ventajas de la estrategia de gobierno en línea.','2015-05-22 17:03:21','0000-00-00 00:00:00',13),(17,'Introducción A La Fotografía ',1,'IF','Conceptos básicos de la fotografía','2015-06-04 14:28:11','0000-00-00 00:00:00',35),(18,'Inclusión Digital',1,'ID','Se realiza una sensibilización sobre inclusión digital de personas en situación de discapacidad','2015-06-05 16:04:36','0000-00-00 00:00:00',35),(19,'Laboratorios Comunitarios',1,'LabCo','Estrategia encaminada a desarrollar competencias de comunicación, programación e impresión 3D.','2015-06-17 09:16:34','0000-00-00 00:00:00',13),(20,'Introducción A La Narrativa Sonora',1,'INS','Primer acercamiento a lo narrativo desde lo sonoro','2015-06-24 14:06:10','0000-00-00 00:00:00',35),(21,'Narrativas Digitales - Stop Motion',1,'NDSM','Taller enfocado a realizar productos audiovisuales a través de la técnica Stop Motion.','2015-06-30 15:50:28','0000-00-00 00:00:00',13),(22,'Gobierno En Línea Para Jóvenes',1,'GELJO','Gobierno en línea para jóvenes enfocado a tres temas: becas y créditos para educación superior, trámites asociados a la búsqueda de empleo y estudio y estudiar por Internet.','2015-07-02 19:05:01','0000-00-00 00:00:00',13);
/*!40000 ALTER TABLE `thematics` ENABLE KEYS */;
UNLOCK TABLES;

--
-- Table structure for table `tra_allies`
--

DROP TABLE IF EXISTS `tra_allies`;
/*!40101 SET @saved_cs_client     = @@character_set_client */;
/*!40101 SET character_set_client = utf8 */;
CREATE TABLE `tra_allies` (
  `id` int(11) NOT NULL AUTO_INCREMENT,
  `name` varchar(200) NOT NULL,
  `state` int(11) NOT NULL,
  `user_id` int(11) NOT NULL,
  `creation_date` datetime NOT NULL,
  `modification_date` timestamp NOT NULL DEFAULT CURRENT_TIMESTAMP ON UPDATE CURRENT_TIMESTAMP,
  PRIMARY KEY (`id`),
  UNIQUE KEY `name` (`name`),
  KEY `user_id` (`user_id`),
  CONSTRAINT `tra_allies_ibfk_2` FOREIGN KEY (`user_id`) REFERENCES `users` (`id_user`) ON UPDATE CASCADE
) ENGINE=InnoDB AUTO_INCREMENT=11 DEFAULT CHARSET=latin1;
/*!40101 SET character_set_client = @saved_cs_client */;

--
-- Dumping data for table `tra_allies`
--

LOCK TABLES `tra_allies` WRITE;
/*!40000 ALTER TABLE `tra_allies` DISABLE KEYS */;
INSERT INTO `tra_allies` VALUES (1,'Telecentros',1,13,'2015-05-22 17:10:04','0000-00-00 00:00:00'),(2,'Sistema De Bibliotecas Municipal',1,13,'2015-05-25 10:47:24','0000-00-00 00:00:00'),(3,'Establecimiento Educativo',1,13,'2015-05-25 10:47:44','2015-05-25 15:48:18'),(4,'Cedezo',1,13,'2015-05-25 10:48:06','0000-00-00 00:00:00'),(5,'Fundación/ONG',1,13,'2015-05-25 10:48:47','0000-00-00 00:00:00'),(6,'Ninguno',1,13,'2015-05-25 10:49:33','0000-00-00 00:00:00'),(7,'Sitio De Gobierno',1,13,'2015-05-25 10:50:16','0000-00-00 00:00:00'),(8,'Biblioteca',1,35,'2015-06-26 11:34:27','0000-00-00 00:00:00'),(9,'Corporación Línea De Tiempo',1,13,'2015-06-30 15:30:46','0000-00-00 00:00:00'),(10,'Casa De La Cultura',1,13,'2015-07-01 08:08:06','0000-00-00 00:00:00');
/*!40000 ALTER TABLE `tra_allies` ENABLE KEYS */;
UNLOCK TABLES;

--
-- Table structure for table `tra_allies_training`
--

DROP TABLE IF EXISTS `tra_allies_training`;
/*!40101 SET @saved_cs_client     = @@character_set_client */;
/*!40101 SET character_set_client = utf8 */;
CREATE TABLE `tra_allies_training` (
  `tra_ally_id` int(11) NOT NULL,
  `training_id` int(11) NOT NULL,
  KEY `tra_ally_id` (`tra_ally_id`),
  KEY `training_id` (`training_id`),
  CONSTRAINT `tra_allies_training_ibfk_1` FOREIGN KEY (`tra_ally_id`) REFERENCES `tra_allies` (`id`) ON UPDATE CASCADE,
  CONSTRAINT `tra_allies_training_ibfk_2` FOREIGN KEY (`training_id`) REFERENCES `training` (`id`) ON UPDATE CASCADE
) ENGINE=InnoDB DEFAULT CHARSET=latin1;
/*!40101 SET character_set_client = @saved_cs_client */;

--
-- Dumping data for table `tra_allies_training`
--

LOCK TABLES `tra_allies_training` WRITE;
/*!40000 ALTER TABLE `tra_allies_training` DISABLE KEYS */;
INSERT INTO `tra_allies_training` VALUES (2,5),(4,6),(2,6),(2,7),(3,8),(7,9),(3,10),(3,11),(1,12),(1,13),(7,14),(1,15),(6,16),(3,28),(3,29),(3,30),(1,31),(1,32),(7,33),(2,34),(1,35),(3,36),(3,37),(1,38),(2,39),(5,40),(3,41),(5,42),(3,42),(5,43),(3,43),(1,44),(2,45),(2,46),(5,47),(7,48),(3,49),(2,50),(7,51),(1,52),(2,53),(1,54),(1,55),(1,56),(2,57),(2,58),(5,59),(1,60),(2,61),(3,62),(8,63),(4,64),(9,65),(2,66),(3,67),(3,68),(9,69),(8,69),(3,70),(3,71),(3,72),(3,73),(4,75),(10,74),(1,76),(8,77),(9,78),(1,79),(7,80),(8,81),(8,82),(9,82);
/*!40000 ALTER TABLE `tra_allies_training` ENABLE KEYS */;
UNLOCK TABLES;

--
-- Table structure for table `tra_proccesses_training`
--

DROP TABLE IF EXISTS `tra_proccesses_training`;
/*!40101 SET @saved_cs_client     = @@character_set_client */;
/*!40101 SET character_set_client = utf8 */;
CREATE TABLE `tra_proccesses_training` (
  `training_id` int(11) NOT NULL,
  `process_id` int(11) NOT NULL,
  KEY `process_id` (`process_id`),
  KEY `training_id` (`training_id`),
  CONSTRAINT `tra_proccesses_training_ibfk_1` FOREIGN KEY (`training_id`) REFERENCES `training` (`id`) ON UPDATE CASCADE,
  CONSTRAINT `tra_proccesses_training_ibfk_2` FOREIGN KEY (`process_id`) REFERENCES `tra_processes` (`id`) ON UPDATE CASCADE
) ENGINE=InnoDB DEFAULT CHARSET=latin1;
/*!40101 SET character_set_client = @saved_cs_client */;

--
-- Dumping data for table `tra_proccesses_training`
--

LOCK TABLES `tra_proccesses_training` WRITE;
/*!40000 ALTER TABLE `tra_proccesses_training` DISABLE KEYS */;
INSERT INTO `tra_proccesses_training` VALUES (5,1),(6,2),(7,5),(8,6),(9,5),(10,5),(11,7),(12,6),(13,6),(14,5),(15,6),(16,6),(28,5),(29,3),(30,7),(31,5),(32,5),(33,6),(34,5),(35,4),(36,6),(37,6),(38,6),(39,6),(40,5),(41,6),(42,6),(43,6),(44,6),(45,5),(46,5),(47,4),(48,5),(49,6),(50,6),(51,4),(52,6),(53,4),(54,6),(55,6),(56,3),(57,1),(58,3),(59,6),(60,7),(61,6),(62,3),(63,6),(64,1),(65,6),(66,6),(67,6),(68,6),(69,6),(70,6),(71,6),(72,6),(73,5),(74,6),(75,5),(76,5),(77,5),(78,6),(79,2),(80,4),(81,5),(82,6);
/*!40000 ALTER TABLE `tra_proccesses_training` ENABLE KEYS */;
UNLOCK TABLES;

--
-- Table structure for table `tra_processes`
--

DROP TABLE IF EXISTS `tra_processes`;
/*!40101 SET @saved_cs_client     = @@character_set_client */;
/*!40101 SET character_set_client = utf8 */;
CREATE TABLE `tra_processes` (
  `id` int(11) NOT NULL AUTO_INCREMENT,
  `name` varchar(200) NOT NULL,
  `prefix` varchar(45) NOT NULL,
  `state` int(11) NOT NULL,
  `creation_date` datetime NOT NULL,
  `modification_date` timestamp NOT NULL DEFAULT CURRENT_TIMESTAMP ON UPDATE CURRENT_TIMESTAMP,
  `user_id` int(11) NOT NULL,
  UNIQUE KEY `id` (`id`),
  UNIQUE KEY `name` (`name`),
  UNIQUE KEY `prefix` (`prefix`),
  KEY `user_id` (`user_id`),
  CONSTRAINT `tra_processes_ibfk_2` FOREIGN KEY (`user_id`) REFERENCES `users` (`id_user`) ON UPDATE CASCADE
) ENGINE=InnoDB AUTO_INCREMENT=8 DEFAULT CHARSET=latin1;
/*!40101 SET character_set_client = @saved_cs_client */;

--
-- Dumping data for table `tra_processes`
--

LOCK TABLES `tra_processes` WRITE;
/*!40000 ALTER TABLE `tra_processes` DISABLE KEYS */;
INSERT INTO `tra_processes` VALUES (1,'Alfabetización Digital','AD',1,'2015-05-22 17:07:35','0000-00-00 00:00:00',13),(2,'Mercadeo Digital','MD',1,'2015-05-28 10:10:35','0000-00-00 00:00:00',35),(3,'Herramientas Web 2.0','HW2.0',1,'2015-06-02 10:11:11','0000-00-00 00:00:00',35),(4,'Gobierno En Línea','GEL',1,'2015-06-02 10:11:37','0000-00-00 00:00:00',35),(5,'Alfabetización Digital Y Gobierno En Línea','AD y GEL',1,'2015-06-03 13:48:31','0000-00-00 00:00:00',35),(6,'Narrativas Digitales','ND',1,'2015-06-04 14:12:42','0000-00-00 00:00:00',35),(7,'Dispositivos Móviles ','DM',1,'2015-06-09 15:56:08','0000-00-00 00:00:00',35);
/*!40000 ALTER TABLE `tra_processes` ENABLE KEYS */;
UNLOCK TABLES;

--
-- Table structure for table `tra_session`
--

DROP TABLE IF EXISTS `tra_session`;
/*!40101 SET @saved_cs_client     = @@character_set_client */;
/*!40101 SET character_set_client = utf8 */;
CREATE TABLE `tra_session` (
  `id` int(11) NOT NULL AUTO_INCREMENT,
  `training_id` int(11) NOT NULL,
  `observation` text,
  `start_date` date NOT NULL,
  `start_time` time NOT NULL,
  `end_time` time NOT NULL,
  `activity_place` varchar(200) NOT NULL,
  `user_id` int(11) NOT NULL,
  `creation_date` datetime NOT NULL,
  `modification_date` timestamp NOT NULL DEFAULT '0000-00-00 00:00:00' ON UPDATE CURRENT_TIMESTAMP,
  PRIMARY KEY (`id`),
  KEY `user_id` (`user_id`),
  KEY `training_id` (`training_id`),
  CONSTRAINT `tra_session_ibfk_1` FOREIGN KEY (`training_id`) REFERENCES `training` (`id`) ON UPDATE CASCADE,
  CONSTRAINT `tra_session_ibfk_2` FOREIGN KEY (`user_id`) REFERENCES `users` (`id_user`) ON UPDATE CASCADE
) ENGINE=InnoDB AUTO_INCREMENT=266 DEFAULT CHARSET=latin1;
/*!40101 SET character_set_client = @saved_cs_client */;

--
-- Dumping data for table `tra_session`
--

LOCK TABLES `tra_session` WRITE;
/*!40000 ALTER TABLE `tra_session` DISABLE KEYS */;
INSERT INTO `tra_session` VALUES (3,8,'','2015-04-06','18:30:00','20:30:00','sala de informática',42,'2015-06-04 14:35:11','0000-00-00 00:00:00'),(4,8,'','2015-04-08','18:30:00','20:30:00','sala de informática',42,'2015-06-04 15:37:35','0000-00-00 00:00:00'),(5,8,'','2015-04-13','18:20:00','20:30:00','sala de informática',42,'2015-06-04 15:38:54','0000-00-00 00:00:00'),(6,8,'','2015-04-20','18:30:00','20:30:00','sala de informática',42,'2015-06-04 15:40:12','0000-00-00 00:00:00'),(7,8,'','2015-04-22','18:30:00','20:30:00','sala de informática',42,'2015-06-04 15:41:19','0000-00-00 00:00:00'),(8,8,'','2015-04-27','18:30:00','20:30:00','sala de informática',42,'2015-06-04 15:43:26','0000-00-00 00:00:00'),(9,8,'','2015-04-29','18:30:00','20:30:00','sala de informática',42,'2015-06-04 15:44:55','0000-00-00 00:00:00'),(10,8,'','2015-05-04','18:30:00','20:30:00','Sala de informática',42,'2015-06-05 07:44:41','0000-00-00 00:00:00'),(11,8,'','2015-05-06','18:30:00','20:30:00','Sala de informática',42,'2015-06-05 07:46:26','0000-00-00 00:00:00'),(12,8,'','2015-05-13','18:30:00','20:30:00','Sala de Informática',42,'2015-06-05 07:48:17','0000-00-00 00:00:00'),(13,8,'','2015-05-20','18:30:00','20:30:00','Sala de Informática',42,'2015-06-05 07:50:02','0000-00-00 00:00:00'),(14,8,'','2015-05-27','18:30:00','20:30:00','Sala de informática',42,'2015-06-05 07:51:32','0000-00-00 00:00:00'),(15,8,'','2015-06-01','20:30:00','20:30:00','Sala de informática',42,'2015-06-05 07:52:54','0000-00-00 00:00:00'),(16,8,'','2015-06-03','18:30:00','20:30:00','Auditorio',42,'2015-06-05 07:54:19','0000-00-00 00:00:00'),(17,9,'','2015-06-03','14:00:00','16:00:00','Sala mediática',15,'2015-06-09 16:04:30','0000-00-00 00:00:00'),(18,6,'','2015-06-09','14:00:00','16:00:00','Cedezo Guayabal',38,'2015-06-10 09:12:21','0000-00-00 00:00:00'),(19,12,'Tercera sesión del taller de narrativas digitales (fotografía) con adultos. Trabajamos temas de planos, ángulos y composición fotográfica.','2015-06-03','15:30:00','17:00:00','Telecentro San Miguel-La Mansión',17,'2015-06-10 11:36:57','0000-00-00 00:00:00'),(20,12,'Cuarta sesión del taller de narrativas digitales (fotografía) con adultos. Se realizó un repaso general de los temas vistos anteriormente (planos, ángulos, composición, iluminación, etc.), y trabajamos el tema de Foto documental y foto reportaje.','2015-06-10','15:30:00','17:00:00','Telecentro',17,'2015-06-11 09:52:54','0000-00-00 00:00:00'),(21,14,'Quinta sesión del proceso de formación en alfabetización, GEL y narrativas digitales con un grupo de personas víctimas del conflicto. Se trabajó una introducción al mundo del Internet, conceptos básicos y primeras búsquedas personales.','2015-06-05','08:00:00','10:00:00','Sala de cómputo - Centro de Capacitacion del SENA',17,'2015-06-11 11:22:36','0000-00-00 00:00:00'),(22,15,'Sesión 1 del taller Narrativas Digitales-Fotografía, con Líderes Comunitarios de la JAC Comuna 8 - Los Mangos, se realizó ejercicio de Stop Motion, como sensibilización a la importancia de la fotografía y de pensarla antes de capturar la imagen.','2015-06-04','17:00:00','19:00:00','Salón Telecentro Los Mangos',40,'2015-06-11 14:11:06','0000-00-00 00:00:00'),(23,28,'','2015-04-25','08:00:00','12:00:00','Sala de sistemas',43,'2015-06-16 08:14:39','0000-00-00 00:00:00'),(24,28,'Se trabajaron 2 sesiones el mismo día (Manejo de mouse y teclado y manejo del sistema operativo).','2015-05-02','08:00:00','12:00:00','Sala de sistemas',43,'2015-06-16 08:20:03','0000-00-00 00:00:00'),(25,28,'Se trabajaron 2 sesiones el mismo día. (Internet y correo electrónico)','2015-05-09','08:10:00','12:00:00','Sala de sistemas',43,'2015-06-16 08:31:10','0000-00-00 00:00:00'),(26,28,'','2015-05-16','08:00:00','12:00:00','Sala de sistemas',43,'2015-06-16 08:32:50','0000-00-00 00:00:00'),(27,28,'','2015-05-23','08:00:00','12:00:00','Sala de sistemas ',43,'2015-06-16 08:37:46','0000-00-00 00:00:00'),(28,28,'Se trabajaron 2 sesiones el mismo día. (Word y Power y Point)','2015-05-30','08:00:00','12:00:00','Sala de sistemas',43,'2015-06-16 08:39:59','0000-00-00 00:00:00'),(29,28,'Se realizó la última sesión del curso y la entrega de certificados.','2015-06-06','08:00:00','12:00:00','Sala de sistemas',43,'2015-06-16 08:43:20','0000-00-00 00:00:00'),(30,29,'','2015-05-09','09:00:00','11:00:00','Sala de sistemas',43,'2015-06-16 09:13:01','0000-00-00 00:00:00'),(31,29,'','2015-05-16','09:00:00','11:00:00','Sala de sistemas',43,'2015-06-16 09:13:53','0000-00-00 00:00:00'),(32,29,'','2015-05-23','09:00:00','11:00:00','Sala de sistemas',43,'2015-06-16 09:14:57','0000-00-00 00:00:00'),(33,29,'','2015-05-30','09:00:00','11:00:00','Sala de sistemas',43,'2015-06-16 09:15:39','0000-00-00 00:00:00'),(34,29,'En esta sesión se realizó la entrega de certificados.','2015-06-06','09:00:00','11:00:00','Sala de sistemas',43,'2015-06-16 09:17:17','0000-00-00 00:00:00'),(35,6,'','2015-06-16','14:00:00','16:00:00','Parque Biblioteca Guayavabal',38,'2015-06-17 08:20:24','0000-00-00 00:00:00'),(36,36,'Cierre del proceso EDULABS','2015-06-05','09:00:00','00:00:00','Universidad Eafit',38,'2015-06-17 09:08:27','0000-00-00 00:00:00'),(37,37,'Cierre del procesos EDULABS','2015-06-05','09:00:00','00:00:00','Universidad Eafit',38,'2015-06-17 09:46:14','0000-00-00 00:00:00'),(38,37,'Inicio del proceso EDULABS','2015-03-20','09:00:00','00:00:00','Universidad Eafit',38,'2015-06-17 09:52:10','0000-00-00 00:00:00'),(39,36,'Inicio del proceso EDULABS','2015-03-20','09:00:00','00:00:00','Universidad Eafit',38,'2015-06-17 09:53:41','0000-00-00 00:00:00'),(40,14,'Durante la sesión se trabajó primero la herramienta Google Maps y Google Street View, como forma de reconocimiento del territorio.\r\nPosteriormente realizamos la introducción a GEL con el trámite del Sisbén (puntaje y beneficios).','2015-06-12','08:00:00','10:00:00','Sala de cómputo - Centro de capacitación SENA',17,'2015-06-17 10:31:37','0000-00-00 00:00:00'),(41,38,'','2015-06-11','10:00:00','12:00:00','Casa de Gobierno Altavista, Auditorio',43,'2015-06-17 10:47:47','0000-00-00 00:00:00'),(42,40,'Quinta sesión del proceso de formación en alfabetización, GEL y narrativas digitales con un grupo de mujeres del barrio Villatina. Se trabajaron temas de Power Point, búsqueda y descarga de imágenes en Internet.','2015-06-05','14:00:00','17:00:00','Sala de lectura',17,'2015-06-17 11:40:11','0000-00-00 00:00:00'),(43,40,'Sexta sesión del proceso de formación en alfabetización, GEL y narrativas digitales con un grupo de mujeres del barrio Villatina. Se trabajó una introducción a fotografía, y posteriormente continuamos con Power Point.','2015-06-12','14:00:00','17:00:00','Sala de lectura',17,'2015-06-17 11:42:04','0000-00-00 00:00:00'),(44,41,'Sexto encuentro con el grupo de estudiantes que conformaron el laboratorio audiovisual de la institución.Trabajamos temas de fotografía: ángulos, planos y composición. Se vio también el primer acercamiento a los elementos de un guión argumental.','2015-06-03','13:00:00','15:00:00','IE Alfonso López Pumarejo',17,'2015-06-18 10:26:59','0000-00-00 00:00:00'),(45,12,'Quinta sesión del taller de narrativas digitales (fotografía) con adultos. Se realizó una salida de campo por los alrededores del Telecentro con el fin de realizar un foto reportaje sobre las percepciones de los habitantes sobre su barrio en temas de medio ambiente, arte, cultura, historia, patrimonio, etc. ','2015-06-17','15:30:00','17:00:00','Telecentro y sus alrededores',17,'2015-06-18 16:49:46','0000-00-00 00:00:00'),(46,44,'Se realizó la primera sesión de narrativas digitales- fotografía. ','2015-05-13','09:00:00','11:00:00','Telecentro San Antonio de Prado',15,'2015-06-19 16:47:22','0000-00-00 00:00:00'),(47,44,'Segunda sesión narrativas digitales.','2015-05-20','09:00:00','11:00:00','Telecentro',15,'2015-06-19 19:38:05','0000-00-00 00:00:00'),(48,44,'Tercera sesión narrativas digitales.','2015-05-27','09:00:00','11:00:00','Telecentro',15,'2015-06-19 19:42:35','0000-00-00 00:00:00'),(49,44,'Cuarta sesión narrativas digitales.','2015-06-03','09:00:00','11:00:00','Telecentro',15,'2015-06-19 19:45:35','0000-00-00 00:00:00'),(50,44,'Cuarta sesión narrativas digitales.','2015-06-10','09:00:00','11:00:00','Telecentro',15,'2015-06-19 19:47:17','0000-00-00 00:00:00'),(51,45,'','2015-03-25','09:00:00','11:00:00','Parque Biblioteca San Antonio de Prado',15,'2015-06-19 20:30:51','0000-00-00 00:00:00'),(52,45,'','2015-04-01','09:00:00','11:00:00','Parque Biblioteca San Antonio de Prado',15,'2015-06-19 20:33:59','0000-00-00 00:00:00'),(53,45,'','2015-04-08','09:00:00','11:00:00','Parque Biblioteca San Antonio de Prado',15,'2015-06-19 20:35:17','0000-00-00 00:00:00'),(54,45,'','2015-04-15','09:00:00','11:00:00','Parque Biblioteca San Antonio de Prado',15,'2015-06-19 20:41:19','0000-00-00 00:00:00'),(55,45,'','2015-04-22','09:00:00','11:00:00','Parque Biblioteca San Antonio de Prado',15,'2015-06-19 20:44:12','0000-00-00 00:00:00'),(56,45,'','2015-04-29','09:00:00','11:00:00','Parque Biblioteca San Antonio de Prado',15,'2015-06-19 20:47:06','0000-00-00 00:00:00'),(57,45,'','2015-05-06','09:00:00','11:00:00','Parque Biblioteca San Antonio de Prado',15,'2015-06-19 21:02:06','0000-00-00 00:00:00'),(58,45,'','2015-05-13','09:00:00','11:00:00','Parque Biblioteca San Antonio de Prado',15,'2015-06-19 21:02:53','0000-00-00 00:00:00'),(60,45,'','2015-05-20','09:00:00','11:00:00','Parque Biblioteca San Antonio de Prado',15,'2015-06-19 21:05:40','0000-00-00 00:00:00'),(61,45,'','2015-05-27','09:00:00','11:00:00','Parque Biblioteca San Antonio de Prado',15,'2015-06-19 21:07:45','0000-00-00 00:00:00'),(62,45,'','2015-06-03','09:00:00','11:00:00','Parque Biblioteca San Antonio de Prado',15,'2015-06-19 21:08:22','0000-00-00 00:00:00'),(63,11,'Se realizó una corta asesoría con cuatro madres de familia que participaron del proceso de aula abierta en la IE.','2015-06-02','09:00:00','10:00:00','Biblioteca ',15,'2015-06-22 13:26:22','0000-00-00 00:00:00'),(64,15,'Segunda sesión del taller Narrativas Digitales-Fotografía, se habla de la historia de la fotografía y se realiza el Taumatropo.','2015-06-18','17:00:00','19:00:00','Salón Telecentro Los Mangos',40,'2015-06-22 14:11:31','0000-00-00 00:00:00'),(66,33,'Ninguna','2015-05-21','09:00:00','11:00:00','Centro integrado',23,'2015-06-22 14:26:10','0000-00-00 00:00:00'),(67,14,'Séptima sesión del proceso de formación en alfabetización, GEL y narrativas digitales con un grupo de personas víctimas del conflicto. Durante toda la sesión se realizó la apertura de sus correos electrónicos personales y el manejo de la opción enviar mensajes.','2015-06-19','08:00:00','10:00:00','Sala de Cómputo Centro de Capacitación SENA',17,'2015-06-22 15:02:21','0000-00-00 00:00:00'),(68,40,'Séptima sesión del proceso de formación en alfabetización, GEL y narrativas digitales con un grupo de mujeres del barrio Villatina. Comenzamos con una introducción a la plataforma Google maps y Google Street View, y posteriormente realizamos una salida de campo al Ecoparque Las Tinajas para realizar la práctica de fotografía.','2015-06-19','14:00:00','17:00:00','Ecoparque Las Tinajas y  Biblioteca Villatina',17,'2015-06-22 15:08:14','0000-00-00 00:00:00'),(69,33,'','2015-05-28','09:00:00','11:00:00','Centro Integrado San Crsitóbal',23,'2015-06-22 15:31:12','0000-00-00 00:00:00'),(70,33,'','2015-06-03','10:00:00','12:00:00','Centro Integrado San Cristóbal',23,'2015-06-22 15:33:29','0000-00-00 00:00:00'),(71,33,'','2015-06-11','09:00:00','11:00:00','Centro Integrado San Cristóbal',23,'2015-06-22 15:35:29','0000-00-00 00:00:00'),(72,33,'Fueron muy pocos por la participación en una salida pedagógica ','2015-06-18','09:00:00','11:00:00','Centro integrado',23,'2015-06-22 15:38:16','0000-00-00 00:00:00'),(73,46,'','2015-04-24','09:00:00','11:00:00','Parque Biblioteca Belén',15,'2015-06-22 16:00:03','0000-00-00 00:00:00'),(74,46,'','2015-05-08','09:00:00','11:00:00','Parque Biblioteca Belén',15,'2015-06-22 16:00:57','0000-00-00 00:00:00'),(75,46,'','2015-05-15','09:00:00','11:00:00','Parque Biblioteca Belén',15,'2015-06-22 16:01:37','0000-00-00 00:00:00'),(76,46,'','2015-05-22','09:00:00','11:00:00','Parque Biblioteca Belén',15,'2015-06-22 16:02:30','0000-00-00 00:00:00'),(77,46,'','2015-05-29','09:00:00','11:00:00','Parque Biblioteca Belén',15,'2015-06-22 16:03:09','0000-00-00 00:00:00'),(78,46,'','2015-06-05','09:00:00','11:00:00','Parque Biblioteca Belén',15,'2015-06-22 16:05:20','0000-00-00 00:00:00'),(79,46,'','2015-06-12','09:00:00','11:00:00','Parque Biblioteca Belén',15,'2015-06-22 16:05:51','0000-00-00 00:00:00'),(80,46,'','2015-06-19','09:00:00','11:00:00','Parque Biblioteca Belén',15,'2015-06-22 16:06:43','0000-00-00 00:00:00'),(81,46,'','2015-06-26','09:00:00','11:00:00','Parque Biblioteca Belén',15,'2015-06-22 16:07:28','0000-00-00 00:00:00'),(82,46,'','2015-07-03','09:00:00','11:00:00','Parque Biblioteca Belén',15,'2015-06-22 16:08:12','0000-00-00 00:00:00'),(83,47,'Inicio de taller de Gobierno en línea para los Auxiliares de la biblioteca, en esta primer sesión se habla de Gobierno en Línea y sus ventajas.','2015-06-12','12:30:00','14:00:00','Sala Tecnología 2',40,'2015-06-22 16:54:28','0000-00-00 00:00:00'),(84,47,'Segunda sesión del Taller de Gobierno en Línea, se ven los trámites:\r\nSecretaría de Movilidad, Sisben, Transporte en Línea, Contraloria.','2015-06-19','12:30:00','14:00:00','Sala Tecnología 2',40,'2015-06-22 16:58:46','0000-00-00 00:00:00'),(85,48,'Se realiza la primer sesión del curso Alfabetización Digital y GEL, se habla del uso del mouse y teclado.','2015-06-17','10:00:00','00:00:00','Palacio de la Cultura Rafael Uribe Uribe',40,'2015-06-23 13:04:01','0000-00-00 00:00:00'),(86,49,'Sesión final del proyecto EDULABS.','2015-06-05','09:00:00','00:00:00','Universidad EAFIT',40,'2015-06-23 14:26:34','0000-00-00 00:00:00'),(87,51,'Se realiza asesoría en búsqueda de fondos de educación superior.','2015-06-16','10:00:00','11:00:00','Punto de Navegación, Centro de Información e Investigación Ambiental',40,'2015-06-23 15:12:00','0000-00-00 00:00:00'),(88,50,'Se realizó taller de Stop Motión con 15 niños y niñas del punto Vive Digital a través del proceso de creación de una tarjeta en Origami y la búsqueda de sus respectivos pasos es you tube . Los niños y niñas fueron los creadores de todos el proceso y establecieron roles de fotógrafos, editores, creativos. Fue una actividad muy divertida que nos dejó como reflexión la necesidad de vincularnos con este grupo de chicos a manera de club con alguna periodicidad','2015-06-13','09:00:00','12:00:00','Punto Vive Digital- Biblioteca Fdo Botero',23,'2015-06-23 15:30:53','0000-00-00 00:00:00'),(89,42,'Cuarta sesión del taller de narrativas digitales (fotografía) con los niños de la Fundación Munay. Se trabajaron las formas de narrar el espacio que habitamos por medio de la fotografía, y el retrato como autoreconocimiento.','2015-06-16','13:30:00','15:15:00','Fundación Munay',17,'2015-06-23 16:39:08','0000-00-00 00:00:00'),(90,34,'Es un curso que se ha delegado  a una gestora Tic por motivo de deserción de la población a causa de una oferta más completa al lado de la Biblioteca en la I.E la loma en los mismos horarios y con tres niveles certificables. ','2015-06-02','14:00:00','16:00:00','Biblioteca la loma',23,'2015-06-23 16:52:17','0000-00-00 00:00:00'),(91,35,'Se inició el taller de Gel con líderes comunitarios','2015-06-09','10:00:00','12:00:00','Telecentro la amistad Villa Sofía',23,'2015-06-24 11:29:06','0000-00-00 00:00:00'),(92,35,'Segunda Sesión del taller . En esta varios de ellos no asistieron por compromisos personales','2015-06-16','10:00:00','12:00:00','Telecentro la amistad Villa Sofía',23,'2015-06-24 11:32:17','0000-00-00 00:00:00'),(93,35,'Esta fue la última sesión dado que en las tres sesiones condensamos los contenidos del taller pues ya existían conocimientos previos a acerca de algunos trámites que permitieron avanzar en los contenidos del taller','2015-06-23','10:00:00','12:00:00','Teelcentro la amistad Villa Sofia',23,'2015-06-24 11:37:18','0000-00-00 00:00:00'),(94,52,'','2015-05-27','09:00:00','11:00:00','Telecentro San Antonio de Prado',15,'2015-06-24 11:42:25','0000-00-00 00:00:00'),(95,52,'','2015-06-10','09:00:00','11:00:00','Telecentro San Antonio de Prado',15,'2015-06-24 11:44:16','0000-00-00 00:00:00'),(96,52,'','2015-06-17','09:00:00','11:00:00','Telecentro San Antonio de Prado',15,'2015-06-24 11:45:10','0000-00-00 00:00:00'),(97,52,'','2015-06-24','09:00:00','11:00:00','Telecentro San Antonio de Prado',15,'2015-06-24 11:47:32','0000-00-00 00:00:00'),(98,53,'Está pendiente por definir la segunda fecha de encuentro con este grupo','2015-06-18','14:00:00','16:00:00','Biblioteca la loma',23,'2015-06-24 13:34:06','0000-00-00 00:00:00'),(99,16,'En la sexta sesión los participantes se distribuyeron por grupos y grabaron un mito teniendo en cuenta la narración, selección de efectos sonoros. Descargue del programa audacity. En la próxima sesión se editarán las grabaciones','2015-06-04','14:00:00','16:00:00','Aula de informática',20,'2015-06-24 14:07:33','0000-00-00 00:00:00'),(100,16,'En la séptima sesión los participantes se distribuyeron por grupos y grabaron la narración de una parte de un partido de fútbol. Se ha tenido dificultad para descargar el programa audacity por el ancho de banda de internet.','2015-06-11','14:00:00','16:00:00','Aula de informática',20,'2015-06-24 14:09:55','0000-00-00 00:00:00'),(101,16,'Octava y última sesión del taller de narrativas, se obtuvo como producto final un rap sobre los valores realizado por todos los participantes y en donde se inicio con la construcción conceptual de los valores por parte de cada uno de los jóvenes y luego se concertaron las mejores conceptualizaciones para el rap. ','2015-06-18','14:00:00','16:00:00','Aula de informática',20,'2015-06-24 14:12:01','0000-00-00 00:00:00'),(102,54,'','2015-06-11','09:00:00','11:00:00','Telecentro Moscú',41,'2015-06-24 16:25:04','0000-00-00 00:00:00'),(103,12,'Sexta sesión del taller de narrativas digitales (fotografía) con adultos. Trabajamos en una plataforma llamada Visual Storytelling, en la cual se pueden crear álbumes o galerías fotográficas con diseños inteligentes, predeterminados o propios. ','2015-06-24','15:30:00','17:00:00','Telecentro',17,'2015-06-25 08:42:36','0000-00-00 00:00:00'),(104,48,'Segunda sesión del curso de Alfabetización Digital y Gobierno en Línea, para la comunidad que asiste al programa Por Mis Derechos, realizado en el aula de informática del Palacio de la Cultura Rafael Uribe Uribe. Se trabajaron ejercicios prácticos para el manejo del mouse y del teclado en la plataforma de Edukanda.','2015-06-24','10:00:00','12:00:00','Sala de cómputo Palacio de la Curltura Rafaél Uribe Uribe',40,'2015-06-25 08:50:56','0000-00-00 00:00:00'),(105,43,'Cuarta sesión del taller de narrativas digitales (fotografía) con los jóvenes de la fundación Munay. Trabajamos sobre las formas de contar historias por medio de la fotografía, y el objetivo de un reportaje fotográfico.','2015-06-16','15:30:00','17:00:00','Fundación Munay',17,'2015-06-25 13:55:04','0000-00-00 00:00:00'),(106,56,'','2015-06-24','09:00:00','11:00:00','Telecentro Santa Lucía',41,'2015-06-25 13:56:10','0000-00-00 00:00:00'),(107,58,'','2015-06-03','14:00:00','15:00:00','Biblioteca pública sede Campo Valdés',41,'2015-06-25 17:02:56','0000-00-00 00:00:00'),(108,60,'Se realizó asesoría con grupo de Alfabetización Digital del telecentro','2015-06-24','15:00:00','17:00:00','Telecentro Altamira',23,'2015-06-26 08:08:26','0000-00-00 00:00:00'),(109,10,'','2015-02-17','18:00:00','20:00:00','sala de informática',42,'2015-06-26 09:26:53','0000-00-00 00:00:00'),(110,10,'','2015-02-19','18:00:00','20:00:00','sala de informática',42,'2015-06-26 09:31:35','0000-00-00 00:00:00'),(111,10,'','2015-02-24','18:00:00','20:00:00','sala de informática',42,'2015-06-26 09:34:23','0000-00-00 00:00:00'),(112,61,'Se llevó  a cabo taller de Stop Motion con 10 niños y niñas de la biblioteca palmitas a través de la construcción de una granja en plastilina','2015-06-25','10:00:00','12:00:00','Biblioteca Palmitas',23,'2015-06-26 09:34:58','0000-00-00 00:00:00'),(113,10,'','2015-03-03','06:00:00','08:00:00','sala de informática',42,'2015-06-26 09:36:38','0000-00-00 00:00:00'),(114,10,'','2015-03-05','06:00:00','08:00:00','sala de informática',42,'2015-06-26 09:38:04','0000-00-00 00:00:00'),(115,10,'','2015-03-10','06:00:00','08:00:00','sala de informática',42,'2015-06-26 09:39:30','0000-00-00 00:00:00'),(116,10,'','2015-03-12','18:00:00','20:00:00','sala de informática',42,'2015-06-26 09:53:32','0000-00-00 00:00:00'),(117,10,'','2015-03-17','18:00:00','20:00:00','sala de informática',42,'2015-06-26 09:54:59','0000-00-00 00:00:00'),(118,10,'','2015-03-24','18:00:00','20:00:00','sala de informática',42,'2015-06-26 09:56:53','0000-00-00 00:00:00'),(119,10,'','2015-03-26','18:00:00','20:00:00','sala de informática',42,'2015-06-26 09:59:25','0000-00-00 00:00:00'),(120,10,'','2015-04-07','18:00:00','20:00:00','sala de informática',42,'2015-06-26 10:00:46','0000-00-00 00:00:00'),(121,10,'','2015-04-09','18:00:00','20:00:00','sala de informática',42,'2015-06-26 10:02:04','0000-00-00 00:00:00'),(122,10,'','2015-04-14','18:00:00','20:00:00','sala de informática',42,'2015-06-26 10:06:38','0000-00-00 00:00:00'),(123,10,'','2015-04-16','18:00:00','20:00:00','sala de informática',42,'2015-06-26 10:07:40','0000-00-00 00:00:00'),(124,10,'','2015-04-21','18:00:00','20:00:00','sala de informática',42,'2015-06-26 10:09:29','0000-00-00 00:00:00'),(125,10,'','2015-04-23','18:00:00','08:00:00','sala de informática',42,'2015-06-26 10:10:57','0000-00-00 00:00:00'),(126,10,'','2015-04-28','18:00:00','20:00:00','sala de informática',42,'2015-06-26 10:12:09','0000-00-00 00:00:00'),(127,10,'','2015-04-30','18:00:00','20:00:00','sala de informática',42,'2015-06-26 10:13:18','0000-00-00 00:00:00'),(128,10,'','2015-05-05','18:00:00','20:00:00','sala de informática',42,'2015-06-26 10:14:32','0000-00-00 00:00:00'),(129,10,'','2015-05-07','18:00:00','20:00:00','sala de informática',42,'2015-06-26 10:15:38','0000-00-00 00:00:00'),(130,10,'','2015-05-14','18:00:00','20:00:00','sala de informática',42,'2015-06-26 10:16:38','0000-00-00 00:00:00'),(131,10,'','2015-05-19','18:00:00','20:00:00','sala de informática',42,'2015-06-26 10:17:53','0000-00-00 00:00:00'),(132,10,'','2015-05-26','18:00:00','20:00:00','sala de informática',42,'2015-06-26 10:19:03','0000-00-00 00:00:00'),(133,10,'','2015-05-28','18:00:00','20:00:00','sala de informática',42,'2015-06-26 10:20:10','0000-00-00 00:00:00'),(134,10,'','2015-05-28','18:00:00','20:00:00','sala de informática',42,'2015-06-26 10:21:21','0000-00-00 00:00:00'),(135,10,'','2015-06-02','18:00:00','20:00:00','sala de informática',42,'2015-06-26 10:22:45','0000-00-00 00:00:00'),(136,10,'','2015-06-04','18:00:00','20:00:00','sala de informática',42,'2015-06-26 10:24:33','0000-00-00 00:00:00'),(137,62,'','2015-03-05','18:30:00','20:30:00','Aula de sistemas',24,'2015-06-26 10:25:47','0000-00-00 00:00:00'),(138,62,'','2015-03-10','18:30:00','20:30:00','Aula de sistemas ',24,'2015-06-26 10:30:57','0000-00-00 00:00:00'),(139,62,'','2015-03-12','18:30:00','20:30:00','Aula de Sistemas ',24,'2015-06-26 10:32:42','0000-00-00 00:00:00'),(140,62,'','2015-06-18','18:30:00','20:30:00','Aula de sistemas',24,'2015-06-26 10:36:33','0000-00-00 00:00:00'),(141,62,'','2015-03-24','18:30:00','20:30:00','Aula de sistemas',24,'2015-06-26 10:41:53','0000-00-00 00:00:00'),(142,62,'','2015-04-07','18:30:00','20:30:00','Aula de sistemas',24,'2015-06-26 10:44:01','0000-00-00 00:00:00'),(143,62,'','2015-04-09','18:30:00','20:30:00','Aula de sistemas',24,'2015-06-26 10:45:24','0000-00-00 00:00:00'),(144,62,'','2015-04-14','18:30:00','20:30:00','Aula de sistemas',24,'2015-06-26 10:46:37','0000-00-00 00:00:00'),(145,62,'','2015-04-21','18:30:00','20:30:00','Aula de sistemas',24,'2015-06-26 10:48:10','0000-00-00 00:00:00'),(146,62,'','2015-04-21','18:30:00','20:30:00','Aula de sistemas',24,'2015-06-26 10:52:52','0000-00-00 00:00:00'),(147,62,'','2015-05-05','18:30:00','20:30:00','Aula de sistemas',24,'2015-06-26 10:54:07','0000-00-00 00:00:00'),(148,62,'','2015-05-19','18:30:00','20:30:00','Aula de sistemas',24,'2015-06-26 10:55:19','0000-00-00 00:00:00'),(149,62,'','2015-05-21','18:30:00','20:30:00','Aula de sistemas',24,'2015-06-26 10:56:11','0000-00-00 00:00:00'),(150,62,'','2015-05-26','18:30:00','20:30:00','Aula de sistemas',24,'2015-06-26 10:58:04','0000-00-00 00:00:00'),(151,62,'','2015-06-04','18:30:00','20:30:00','Aula de sistemas',24,'2015-06-26 10:58:49','0000-00-00 00:00:00'),(152,30,'Se realizó asesoría personalizada con los participantes del curso web 2.0','2015-06-04','18:00:00','20:00:00','I.E Villa flora',23,'2015-06-26 12:05:07','0000-00-00 00:00:00'),(153,63,'','2015-02-24','14:00:00','16:00:00','Biblioteca Familia La Esperanza',24,'2015-06-26 12:05:24','0000-00-00 00:00:00'),(154,14,'Octava sesión del proceso de formación en alfabetización, GEL y narrativas digitales con un grupo de personas víctimas del conflicto. Realizamos un repaso sobre Word, descargar imágenes de Internet y enviar correos con archivos adjuntos. Todo esto fue trabajado a partir de los primeros artículos de la declaración de Derechos Humanos.','2015-06-26','08:00:00','10:00:00','Salá de cómputo del Centro de capacitación SENA',17,'2015-06-26 12:11:11','0000-00-00 00:00:00'),(155,15,'Tercera sesión del taller Narrativas Digitales-Fotografía para los líderes Comunitarios de la JAC Comuna 8, Los Mangos','2015-06-25','17:00:00','19:00:00','Telecentro',40,'2015-06-26 12:18:22','0000-00-00 00:00:00'),(156,55,'Taller de narrativas digitales componente sonoro, sesión 1. Se ofrece este proceso de formación para los niños que se encuentran en vacaciones. \r\nAsisten niños entre los 8 y 14 años de edad; estuvieron participativos durante la sesión.','2015-06-16','14:00:00','16:00:00','Telecentro La Sierra',20,'2015-06-28 22:23:00','0000-00-00 00:00:00'),(157,55,'Taller de narrativas digitales componente sonoro, sesión 2. En esta sesión se les enseña a manejar la grabadora de sonido; en parejas realizan una grabación de un cuento, historia, etc. que les guste.','2015-06-19','14:00:00','16:00:00','Telecentro La Sierra',20,'2015-06-28 22:25:33','0000-00-00 00:00:00'),(158,55,'Taller de narrativas digitales componente sonoro, sesión 3. En esta sesión se les enseña a manejar un programa on line para realizar paisajes sonoros; en parejas realizan una grabación de entrevistas a personas del barrio, además graban los sonidos de la cotidianidad.','2015-06-25','14:00:00','14:00:00','Telecentro La Sierra',20,'2015-06-28 22:27:27','0000-00-00 00:00:00'),(159,55,'Taller de narrativas digitales componente sonoro, sesión 4. En esta sesión graban una historia haciendo varias voces, según los papeles; buscan una pista en Jamendo y luego, se les enseña a editar el audio en el programa Audacity, pasan la historia y le ponen fondo.','2015-06-26','14:00:00','16:00:00','Telecentro La Sierra',20,'2015-06-28 22:31:54','0000-00-00 00:00:00'),(160,57,'Primera  sesión del curso de alfabetización digital, en la primera parte de la sesión se exponen los computadores elaborados con material reciclable para reforzar el aprendizaje de las partes del computador, además se recuerda la función de mouse y se trabaja la parte teórica del teclado. En la segunda parte se realiza la práctica en el aula de informática con el programa typingstudy.com. Algunos de los participantes realizaron el ejercicio con propiedad. ','2015-06-18','09:00:00','11:00:00','Auditorio de la biblioteca y Sala de informática',20,'2015-06-28 22:50:52','0000-00-00 00:00:00'),(161,57,'Segunda sesión del curso de alfabetización digital, en la primera parte de la sesión se hace una lectura de un cuento, luego se repasa lo visto en la sesión anterior sobre el teclado. En la segunda parte se realiza la práctica en el aula de informática con el programa typingstudy.com. Algunos de los participantes realizaron el ejercicio con propiedad. ','2015-06-25','09:00:00','11:00:00','Auditorio CEDEZO La Ladera y sala de informática',20,'2015-06-28 22:53:38','0000-00-00 00:00:00'),(162,40,'Octava sesión del proceso de formación en alfabetización, GEL y narrativas digitales con un grupo de mujeres del barrio Villatina. Trabajamos en el manejo de la plataforma Visual storytelling para montar las fotografías tomadas en la sesión anterior','2015-06-26','14:00:00','16:00:00','Sala de lectura',17,'2015-06-30 16:48:48','0000-00-00 00:00:00'),(163,68,'','2015-03-27','09:00:00','12:00:00','Eafit',24,'2015-06-30 17:22:45','0000-00-00 00:00:00'),(165,68,'','2015-04-10','09:00:00','12:00:00','Universidad EAFIT',24,'2015-06-30 17:24:53','0000-00-00 00:00:00'),(166,68,'','2015-04-17','09:00:00','12:00:00','Universidad Eafit',24,'2015-06-30 17:25:42','0000-00-00 00:00:00'),(167,68,'','2015-04-24','09:00:00','12:00:00','Universidad Eafit',24,'2015-06-30 17:26:19','0000-00-00 00:00:00'),(168,68,'','2015-05-08','09:00:00','12:00:00','Universidad Eafit',24,'2015-06-30 17:27:03','0000-00-00 00:00:00'),(169,68,'','2015-05-15','09:00:00','12:00:00','Universidad Eafit',24,'2015-06-30 17:27:39','0000-00-00 00:00:00'),(170,68,'','2015-05-22','09:00:00','12:00:00','Universidad Eafit',24,'2015-06-30 17:28:18','0000-00-00 00:00:00'),(171,68,'','2015-05-29','09:00:00','12:00:00','Universidad Eafit',24,'2015-06-30 17:28:58','0000-00-00 00:00:00'),(172,68,'','2015-06-05','09:00:00','12:00:00','Universidad Eafit',24,'2015-06-30 17:29:40','0000-00-00 00:00:00'),(173,70,'','2015-03-27','09:00:00','12:00:00','Universidad Eafit',24,'2015-06-30 17:38:26','0000-00-00 00:00:00'),(175,70,'','2015-04-10','09:00:00','12:00:00','Universidad Eafit',24,'2015-06-30 17:39:49','0000-00-00 00:00:00'),(177,70,'','2015-04-17','09:00:00','12:00:00','Universidad Eafit',24,'2015-06-30 17:41:35','0000-00-00 00:00:00'),(178,70,'','2015-04-24','09:00:00','12:00:00','Universidad Eafit',24,'2015-06-30 17:42:12','0000-00-00 00:00:00'),(179,70,'','2015-05-08','09:00:00','12:00:00','Universidad Eafit',24,'2015-06-30 17:43:11','0000-00-00 00:00:00'),(180,70,'','2015-05-15','09:00:00','12:00:00','Universidad Eafit',24,'2015-06-30 17:43:46','0000-00-00 00:00:00'),(181,70,'','2015-05-22','09:00:00','12:00:00','Universidad Eafit',24,'2015-06-30 17:45:25','0000-00-00 00:00:00'),(182,70,'','2015-05-29','09:00:00','12:00:00','Universidad Eafit',24,'2015-06-30 17:46:04','0000-00-00 00:00:00'),(183,70,'','2015-06-05','09:01:00','12:00:00','Universidad Eafit',24,'2015-06-30 17:46:59','0000-00-00 00:00:00'),(184,6,'Se avanzó en la construcción de la página web','2015-06-23','14:00:00','16:00:00','Parque Biblioteca Guayabal',38,'2015-06-30 19:52:32','0000-00-00 00:00:00'),(185,6,'Trabajo en página web y asesorías personalizadas','2015-06-30','14:00:00','17:00:00','Parque Biblioteca Guayabal',38,'2015-06-30 19:55:23','0000-00-00 00:00:00'),(186,71,'','2015-03-20','09:00:00','12:00:00','Universidad Eafit',24,'2015-06-30 20:41:50','0000-00-00 00:00:00'),(187,71,'','2015-03-27','09:00:00','12:00:00','Universidad Eafit',24,'2015-06-30 20:43:08','0000-00-00 00:00:00'),(189,71,'','2015-04-10','09:00:00','12:00:00','Universidad Eafit',24,'2015-06-30 20:44:29','0000-00-00 00:00:00'),(190,71,'','2015-04-17','09:00:00','12:00:00','Universidad Eafit',24,'2015-06-30 20:46:26','0000-00-00 00:00:00'),(191,71,'','2015-04-24','09:00:00','12:00:00','Universidad Eafit',24,'2015-06-30 20:47:11','0000-00-00 00:00:00'),(192,71,'','2015-05-08','09:00:00','12:00:00','Universidad Eafit',24,'2015-06-30 20:47:54','0000-00-00 00:00:00'),(193,71,'','2015-05-15','09:00:00','12:00:00','Universidad Eafit',24,'2015-06-30 20:48:27','0000-00-00 00:00:00'),(194,71,'','2015-05-22','09:00:00','12:00:00','Universidad Eafit',24,'2015-06-30 20:49:06','0000-00-00 00:00:00'),(195,71,'','2015-05-29','09:00:00','12:00:00','Universidad Eafit',24,'2015-06-30 20:49:40','0000-00-00 00:00:00'),(196,71,'','2015-06-05','09:00:00','12:00:00','Universidad Eafit',24,'2015-06-30 20:50:12','0000-00-00 00:00:00'),(197,68,'','2015-03-20','09:01:00','12:00:00','Universidad Eafit',24,'2015-06-30 20:55:05','0000-00-00 00:00:00'),(198,70,'','2015-03-20','09:00:00','12:00:00','Universidad Eafit',24,'2015-06-30 20:56:28','0000-00-00 00:00:00'),(199,72,'','2015-03-20','09:00:00','12:06:00','Universidad Eafit',24,'2015-06-30 21:06:07','0000-00-00 00:00:00'),(200,72,'','2015-03-27','09:00:00','12:00:00','Universidad Eafit',24,'2015-06-30 21:06:43','0000-00-00 00:00:00'),(201,72,'','2015-04-10','09:00:00','12:00:00','Universidad Eafit',24,'2015-06-30 21:07:34','0000-00-00 00:00:00'),(202,72,'','2015-04-17','09:00:00','12:00:00','Universidad Eafit',24,'2015-06-30 21:08:06','0000-00-00 00:00:00'),(203,72,'','2015-04-24','09:00:00','12:00:00','Universidad Eafit',24,'2015-06-30 21:08:39','0000-00-00 00:00:00'),(204,72,'','2015-05-08','09:00:00','12:00:00','Universidad Eafit',24,'2015-06-30 21:09:19','0000-00-00 00:00:00'),(205,72,'','2015-05-22','09:00:00','12:00:00','Universidad Eafit',24,'2015-06-30 21:10:01','0000-00-00 00:00:00'),(206,72,'','2015-05-15','09:00:00','12:00:00','Universidad Eafit',24,'2015-06-30 21:10:37','0000-00-00 00:00:00'),(207,72,'','2015-05-29','09:00:00','12:00:00','Universidad Eafit',24,'2015-06-30 21:11:17','0000-00-00 00:00:00'),(208,72,'','2015-06-05','09:00:00','12:00:00','Universidad Eafit',24,'2015-06-30 21:11:53','0000-00-00 00:00:00'),(209,73,'','2015-05-05','12:30:00','14:00:00','Institución Educativa Gerardo Valencia',24,'2015-06-30 21:42:40','0000-00-00 00:00:00'),(210,73,'','2015-05-06','12:30:00','14:00:00','Institución Educativa Gerardo Valencia',24,'2015-06-30 21:43:32','0000-00-00 00:00:00'),(211,66,'Teoría de electrónica básica: breve explicación de los conceptos de corriente, voltaje y potencia (o energía)  realizando una analogía con teoría de fluidos.','2015-06-22','15:00:00','17:00:00','Sala mi barrio',43,'2015-07-01 07:23:35','0000-00-00 00:00:00'),(212,66,'Se realizó una descripción de los componentes electrónicos a utilizar y la función que estos cumplen.','2015-06-23','15:23:00','17:00:00','Sala mi barrio',43,'2015-07-01 07:30:40','0000-00-00 00:00:00'),(213,66,'Se realizó el montaje de un circuito generador sonoro en protoboard por cada  asistente al taller y así los niños aplicaron los conceptos estudiados.','2015-06-23','03:00:00','17:00:00','Sala mi barrio',43,'2015-07-01 07:35:08','0000-00-00 00:00:00'),(214,66,'Con apoyo de la presentación de Power Point, se explicó a los asistentes cómo es el manejo del Software Pure Data.','2015-06-25','15:00:00','17:00:00','Sala mi barrio',43,'2015-07-01 07:37:15','0000-00-00 00:00:00'),(215,66,'Cada uno de los asistentes creará, con el apoyo del facilitador, un algoritmo y se harán pruebas en equipos de audio.\r\nCon el conjunto de circuitos anteriormente construidos se realiza una improvisación musical.','2015-06-26','15:00:00','17:00:00','Sala mi barrio',43,'2015-07-01 07:40:06','0000-00-00 00:00:00'),(216,67,'Sesión Numero 1','2015-03-27','08:00:00','12:00:00','Universidad Eafit',23,'2015-07-01 08:15:22','0000-00-00 00:00:00'),(218,75,'','2015-06-25','09:00:00','12:00:00','Auditorio',10,'2015-07-01 08:19:31','0000-00-00 00:00:00'),(220,74,'','2015-05-01','15:00:00','17:00:00','Centro Cultural Los Colores',46,'2015-07-01 08:22:02','0000-00-00 00:00:00'),(222,67,'Cuarta Sesión','2015-04-24','08:00:00','12:00:00','Universidad Eafit',23,'2015-07-01 08:23:35','0000-00-00 00:00:00'),(223,67,'Segunda Sesión','2015-04-10','08:00:00','00:00:00','Universidad Eafit',23,'2015-07-01 08:25:42','0000-00-00 00:00:00'),(224,67,'Tercera Sesión','2015-04-17','08:00:00','12:00:00','Universidad Eafit',23,'2015-07-01 08:26:49','0000-00-00 00:00:00'),(225,67,'Quinta sesión','2015-05-08','08:00:00','12:00:00','Universidad Eafit',23,'2015-07-01 08:29:05','0000-00-00 00:00:00'),(226,67,'Sexta Sesión ','2015-05-15','20:00:00','12:00:00','Universidad Eafit',23,'2015-07-01 08:30:28','0000-00-00 00:00:00'),(227,67,'Séptima sesión','2015-05-22','08:00:00','12:00:00','Universidad Eafit',23,'2015-07-01 08:31:25','0000-00-00 00:00:00'),(228,67,'Octava Sesión','2015-05-29','08:00:00','12:00:00','Universidad Eafit',23,'2015-07-01 08:32:43','0000-00-00 00:00:00'),(229,67,'Novena Sesión','2015-06-05','08:00:00','12:00:00','Universidad Eafit',23,'2015-07-01 08:33:43','0000-00-00 00:00:00'),(230,67,'Décima sesión','2015-06-12','08:00:00','12:00:00','Universidad Eafit',23,'2015-07-01 08:34:30','0000-00-00 00:00:00'),(231,34,'Segunda sesión','2015-06-04','14:00:00','16:00:00','Bpp La loma',23,'2015-07-01 08:39:16','0000-00-00 00:00:00'),(232,34,'Tercera Sesión','2015-06-11','14:00:00','16:00:00','Bpp La loma',23,'2015-07-01 08:41:53','0000-00-00 00:00:00'),(233,34,'Cuarta Sesión','2015-06-18','14:00:00','16:00:00','Bpp La loma',23,'2015-07-01 08:48:28','0000-00-00 00:00:00'),(234,38,'','2015-06-25','10:00:00','12:00:00','Telecentro Altavista',43,'2015-07-01 09:05:12','0000-00-00 00:00:00'),(235,75,'','2015-07-18','10:00:00','00:05:00','cedezo',10,'2015-07-01 09:09:39','0000-00-00 00:00:00'),(236,65,'','2015-06-20','09:00:00','13:00:00','Parque Biblioteca José Horacio Betancur',15,'2015-07-01 09:11:15','0000-00-00 00:00:00'),(237,75,'','2015-06-19','10:13:00','00:13:00','cedezo',10,'2015-07-01 09:13:48','0000-00-00 00:00:00'),(238,75,'','2015-07-22','10:13:00','00:13:00','cedezo',10,'2015-07-01 09:14:21','0000-00-00 00:00:00'),(239,76,'','2015-06-12','10:00:00','12:00:00','Telecentro',10,'2015-07-01 09:21:18','0000-00-00 00:00:00'),(240,77,'','2015-06-04','10:00:00','12:00:00','Sala de sistemas',10,'2015-07-01 09:26:02','0000-00-00 00:00:00'),(241,77,'','2015-06-11','10:00:00','12:00:00','Sala de sistemas ',10,'2015-07-01 09:26:51','0000-00-00 00:00:00'),(242,73,'','2015-05-12','12:30:00','14:00:00','Institución Educativa Gerardo Valencia',24,'2015-07-01 09:38:17','0000-00-00 00:00:00'),(243,73,'','2015-05-13','12:30:00','14:00:00','Institución Educativa Gerardo Valencia',24,'2015-07-01 09:39:10','0000-00-00 00:00:00'),(244,73,'','2015-05-18','12:30:00','14:00:00','Institución Educativa Gerardo Valencia',24,'2015-07-01 09:39:49','0000-00-00 00:00:00'),(245,73,'','2015-05-19','12:30:00','14:00:00','Institución Educativa Gerardo Valencia',24,'2015-07-01 09:40:36','0000-00-00 00:00:00'),(246,73,'','2015-05-26','12:30:00','14:00:00','Institución Educativa Gerardo Valencia',24,'2015-07-01 09:41:06','0000-00-00 00:00:00'),(247,73,'','2015-05-27','12:30:00','14:00:00','Institución Educativa Gerardo Valencia',24,'2015-07-01 09:41:55','0000-00-00 00:00:00'),(248,63,'','2015-03-31','14:00:00','16:00:00','Fundación Familia La Esperanza',24,'2015-07-01 09:46:49','0000-00-00 00:00:00'),(249,63,'','2015-04-07','14:00:00','16:00:00','Fundación Familia La Esperanza',24,'2015-07-01 09:48:11','0000-00-00 00:00:00'),(250,63,'','2015-04-14','14:00:00','16:00:00','Fundación Familia La Esperanza',24,'2015-07-01 09:48:53','0000-00-00 00:00:00'),(251,63,'','2015-04-28','14:00:00','16:00:00','Fundación Familia La Esperanza',24,'2015-07-01 09:49:41','0000-00-00 00:00:00'),(252,63,'','2015-05-05','14:01:00','16:00:00','Fundación Familia La Esperanza',24,'2015-07-01 09:50:28','0000-00-00 00:00:00'),(253,63,'','2015-05-19','14:00:00','16:00:00','Fundación Familia La Esperanza',24,'2015-07-01 09:51:22','0000-00-00 00:00:00'),(254,63,'La formación se alarga, ya que el producto que eligen las personas se basa en una investigación de lugares representativos de la comuna. Para esto se utilizarán herramientas de investigación. ','2015-05-26','14:00:00','16:00:00','Fundación Familia La Esperanza',24,'2015-07-01 09:53:17','0000-00-00 00:00:00'),(255,63,'','2015-06-02','14:00:00','16:00:00','Fundación Familia La Esperanza',24,'2015-07-01 09:55:56','0000-00-00 00:00:00'),(256,63,'La formación se alarga, ya que el producto que eligen las personas se basa en una investigación de lugares representativos de la comuna. Para esto se utilizarán herramientas de investigación. ','2015-06-10','14:00:00','16:00:00','Fundación Familia La Esperanza',24,'2015-07-01 09:56:51','0000-00-00 00:00:00'),(257,69,'Taller de Animación infantil Stop Motion a cargo de la Corporación liínea de Tiempo. En el primer bloque se trabajó el diseño y creación de personajes e historias según los géneros cinematográficos. En el segundo bloque se procedió a realizar el ejercicio práctico de creación de pequeños cortos animados con la técnica de Stop Motion','2015-06-27','09:00:00','13:00:00','Biblioteca Santa Elena',17,'2015-07-01 10:10:32','0000-00-00 00:00:00'),(258,7,'','2015-06-20','10:00:00','00:00:00','Biblioteca Comfenalco El Salado',38,'2015-07-01 10:24:08','0000-00-00 00:00:00'),(259,33,'Esta Fue la Sesión Final. Se llevó a cabo el cierre del proceso en compañía del fonoaudiólogo y la docente del lugar.','2015-07-02','09:00:00','11:00:00','Centro integrado San Cristóbal',23,'2015-07-06 13:26:20','0000-00-00 00:00:00'),(260,78,'','2015-07-04','09:00:00','13:00:00','Aula # 3',24,'2015-07-06 16:05:14','0000-00-00 00:00:00'),(261,5,'','2015-06-04','14:00:00','17:00:00','Aula de informática',24,'2015-07-07 09:24:11','0000-00-00 00:00:00'),(262,5,'','2015-06-18','14:00:00','17:00:00','Aula de informática',24,'2015-07-07 09:27:05','0000-00-00 00:00:00'),(264,5,'Con el grupo se realiza un trabajo en dos vías, la primera alfabetizar digitalmente a 6 jóvenes que no saben nada del computador y a la par se viene repasando el correo electrónico y trabajando googledrive.  ','2015-07-02','14:00:00','17:00:00','Aula de informática',24,'2015-07-07 09:31:20','0000-00-00 00:00:00'),(265,6,'Sesión número 5, se trabajó la herramienta de \"agregar\" de WIX, para cargar texto, imágenes, galerías, anclas y menús, se planteó la necesidad de trabajar en las siguientes sesiones a modo de asesorías.','2015-07-07','14:00:00','16:30:00','Sala Mi Barrio',38,'2015-07-08 16:42:48','0000-00-00 00:00:00');
/*!40000 ALTER TABLE `tra_session` ENABLE KEYS */;
UNLOCK TABLES;

--
-- Table structure for table `tra_sessions_per_trainers`
--

DROP TABLE IF EXISTS `tra_sessions_per_trainers`;
/*!40101 SET @saved_cs_client     = @@character_set_client */;
/*!40101 SET character_set_client = utf8 */;
CREATE TABLE `tra_sessions_per_trainers` (
  `trainer_id` int(11) DEFAULT NULL,
  `session_id` int(11) DEFAULT NULL,
  KEY `trainer_id` (`trainer_id`),
  KEY `session_id` (`session_id`),
  CONSTRAINT `tra_sessions_per_trainers_ibfk_1` FOREIGN KEY (`trainer_id`) REFERENCES `per_trainers` (`id`) ON UPDATE CASCADE,
  CONSTRAINT `tra_sessions_per_trainers_ibfk_2` FOREIGN KEY (`session_id`) REFERENCES `tra_session` (`id`) ON UPDATE CASCADE
) ENGINE=InnoDB DEFAULT CHARSET=latin1;
/*!40101 SET character_set_client = @saved_cs_client */;

--
-- Dumping data for table `tra_sessions_per_trainers`
--

LOCK TABLES `tra_sessions_per_trainers` WRITE;
/*!40000 ALTER TABLE `tra_sessions_per_trainers` DISABLE KEYS */;
INSERT INTO `tra_sessions_per_trainers` VALUES (12,3),(12,4),(12,5),(12,6),(12,7),(12,8),(12,9),(12,10),(5,10),(12,11),(5,11),(12,12),(12,13),(12,14),(12,15),(12,16),(13,17),(14,17),(7,18),(6,19),(6,20),(6,21),(2,22),(3,23),(3,24),(3,25),(3,26),(3,27),(3,28),(3,29),(3,30),(3,31),(3,32),(3,33),(3,34),(7,35),(7,36),(7,37),(7,38),(7,39),(6,40),(3,41),(6,42),(6,43),(6,44),(6,45),(1,46),(1,47),(1,48),(1,49),(1,50),(18,51),(17,51),(18,52),(17,52),(18,53),(17,53),(18,54),(17,54),(18,55),(17,55),(18,56),(17,56),(18,57),(17,57),(18,58),(17,58),(18,60),(17,60),(18,61),(17,61),(18,62),(17,62),(1,63),(2,64),(4,66),(6,67),(6,68),(4,69),(4,70),(4,71),(4,72),(13,73),(19,73),(13,74),(19,74),(13,75),(19,75),(13,76),(19,76),(13,77),(19,77),(13,78),(19,78),(13,79),(19,79),(13,80),(19,80),(13,81),(19,81),(13,82),(19,82),(2,83),(2,84),(2,85),(10,86),(2,87),(4,88),(6,89),(4,90),(4,91),(4,92),(4,93),(1,94),(1,95),(1,96),(1,97),(4,98),(6,99),(10,99),(6,100),(10,100),(6,101),(10,101),(21,102),(6,103),(6,104),(6,105),(21,106),(22,107),(4,108),(24,109),(24,110),(24,111),(4,112),(24,113),(24,114),(24,115),(24,116),(24,117),(24,118),(24,119),(24,120),(24,121),(24,122),(24,123),(24,124),(24,125),(24,126),(24,127),(24,128),(24,129),(24,130),(24,131),(24,132),(24,133),(24,134),(24,135),(24,136),(25,137),(25,138),(25,139),(25,140),(25,141),(25,142),(25,143),(25,144),(25,145),(25,146),(25,147),(25,148),(25,149),(25,150),(25,151),(4,152),(28,153),(26,153),(6,154),(6,155),(10,156),(10,157),(10,158),(10,159),(10,160),(29,160),(30,160),(10,161),(29,161),(30,161),(6,162),(9,163),(9,165),(9,166),(9,167),(9,168),(9,169),(9,170),(9,171),(9,172),(9,173),(9,175),(9,177),(9,178),(9,179),(9,180),(9,181),(9,182),(9,183),(7,184),(7,185),(9,186),(9,187),(9,189),(9,190),(9,191),(9,192),(9,193),(9,194),(9,195),(9,196),(9,197),(9,198),(9,199),(9,200),(9,201),(9,202),(9,203),(9,204),(9,205),(9,206),(9,207),(9,208),(9,209),(9,210),(33,211),(33,212),(33,213),(33,214),(33,215),(4,216),(8,218),(35,220),(4,222),(4,223),(4,224),(4,225),(4,226),(4,227),(4,228),(4,229),(4,230),(4,231),(4,232),(4,233),(3,234),(37,235),(32,236),(37,237),(37,238),(8,239),(8,240),(37,241),(9,242),(9,243),(9,244),(9,245),(9,246),(9,247),(28,248),(26,248),(28,249),(26,249),(28,250),(26,250),(28,251),(26,251),(28,252),(26,252),(28,253),(26,253),(28,254),(26,254),(28,255),(26,255),(28,256),(26,256),(32,257),(11,258),(4,259),(32,260),(9,261),(9,262),(9,264),(7,265);
/*!40000 ALTER TABLE `tra_sessions_per_trainers` ENABLE KEYS */;
UNLOCK TABLES;

--
-- Table structure for table `tra_sessions_thematics`
--

DROP TABLE IF EXISTS `tra_sessions_thematics`;
/*!40101 SET @saved_cs_client     = @@character_set_client */;
/*!40101 SET character_set_client = utf8 */;
CREATE TABLE `tra_sessions_thematics` (
  `session_id` int(11) NOT NULL,
  `thematic_id` int(11) NOT NULL,
  KEY `session_id` (`session_id`),
  KEY `thematic_id` (`thematic_id`),
  CONSTRAINT `tra_sessions_thematics_ibfk_1` FOREIGN KEY (`session_id`) REFERENCES `tra_session` (`id`) ON UPDATE CASCADE,
  CONSTRAINT `tra_sessions_thematics_ibfk_2` FOREIGN KEY (`thematic_id`) REFERENCES `thematics` (`id`) ON UPDATE CASCADE
) ENGINE=InnoDB DEFAULT CHARSET=latin1;
/*!40101 SET character_set_client = @saved_cs_client */;

--
-- Dumping data for table `tra_sessions_thematics`
--

LOCK TABLES `tra_sessions_thematics` WRITE;
/*!40000 ALTER TABLE `tra_sessions_thematics` DISABLE KEYS */;
INSERT INTO `tra_sessions_thematics` VALUES (3,17),(4,3),(5,3),(6,3),(7,3),(8,3),(9,3),(10,3),(11,3),(12,3),(13,3),(14,3),(15,3),(16,3),(17,1),(18,5),(19,3),(20,3),(21,14),(22,3),(23,1),(24,1),(25,14),(25,15),(26,16),(27,16),(28,13),(29,13),(30,4),(31,4),(32,4),(33,4),(34,4),(35,5),(36,3),(37,19),(38,19),(39,19),(40,16),(40,4),(41,17),(42,14),(42,13),(43,13),(43,17),(44,3),(44,17),(45,3),(46,3),(47,3),(48,3),(49,3),(50,3),(51,1),(52,1),(53,1),(54,1),(55,1),(56,1),(57,16),(58,16),(60,1),(61,1),(62,1),(63,6),(64,3),(66,3),(67,15),(68,3),(68,4),(69,3),(70,3),(71,3),(72,3),(73,1),(74,1),(75,1),(76,1),(77,1),(78,1),(79,1),(80,1),(81,16),(82,16),(83,16),(84,2),(85,1),(86,19),(87,2),(88,3),(89,3),(89,17),(90,1),(91,16),(92,16),(93,16),(94,3),(95,3),(96,3),(97,3),(98,16),(99,20),(100,20),(101,20),(102,3),(103,4),(103,3),(104,1),(105,3),(106,4),(107,4),(108,6),(109,1),(110,1),(111,1),(112,3),(113,1),(114,1),(115,1),(116,1),(117,1),(118,1),(119,1),(120,1),(121,1),(122,1),(123,1),(124,1),(125,1),(126,1),(127,1),(128,1),(129,1),(130,1),(131,1),(132,1),(133,1),(134,1),(135,1),(136,1),(137,4),(138,4),(139,4),(140,4),(141,4),(142,4),(143,4),(144,4),(145,4),(146,4),(147,4),(148,4),(149,4),(150,4),(151,4),(152,6),(153,4),(154,13),(154,15),(155,3),(155,17),(156,20),(157,20),(158,20),(159,20),(160,1),(161,1),(162,4),(163,19),(165,19),(166,19),(167,19),(168,19),(169,19),(170,19),(171,19),(172,19),(173,19),(175,19),(177,19),(178,19),(179,19),(180,19),(181,19),(182,19),(183,19),(184,5),(185,5),(186,19),(187,19),(189,19),(190,19),(191,19),(192,19),(193,19),(194,19),(195,19),(196,19),(197,19),(198,19),(199,19),(200,19),(201,19),(202,19),(203,19),(204,19),(205,19),(206,19),(207,19),(208,19),(209,1),(210,1),(211,20),(212,20),(213,20),(214,20),(215,20),(216,19),(218,16),(220,3),(222,19),(223,19),(224,19),(225,19),(226,19),(227,19),(228,19),(229,19),(230,19),(231,1),(232,1),(233,1),(234,3),(235,13),(236,21),(237,13),(238,13),(239,16),(240,13),(241,16),(242,1),(243,1),(244,1),(245,1),(246,1),(247,1),(248,3),(249,3),(250,3),(251,3),(252,3),(253,3),(254,3),(255,3),(256,3),(257,21),(258,13),(259,3),(260,21),(261,1),(262,15),(264,4),(265,5);
/*!40000 ALTER TABLE `tra_sessions_thematics` ENABLE KEYS */;
UNLOCK TABLES;

--
-- Table structure for table `tra_types`
--

DROP TABLE IF EXISTS `tra_types`;
/*!40101 SET @saved_cs_client     = @@character_set_client */;
/*!40101 SET character_set_client = utf8 */;
CREATE TABLE `tra_types` (
  `id` int(11) NOT NULL AUTO_INCREMENT,
  `name` varchar(90) NOT NULL,
  `state` int(11) NOT NULL,
  `creation_date` datetime NOT NULL,
  `modification_date` timestamp NOT NULL DEFAULT CURRENT_TIMESTAMP ON UPDATE CURRENT_TIMESTAMP,
  `user_id` int(11) NOT NULL,
  PRIMARY KEY (`id`),
  UNIQUE KEY `name` (`name`),
  KEY `user_id` (`user_id`),
  CONSTRAINT `tra_types_ibfk_2` FOREIGN KEY (`user_id`) REFERENCES `users` (`id_user`) ON UPDATE CASCADE
) ENGINE=InnoDB AUTO_INCREMENT=7 DEFAULT CHARSET=latin1;
/*!40101 SET character_set_client = @saved_cs_client */;

--
-- Dumping data for table `tra_types`
--

LOCK TABLES `tra_types` WRITE;
/*!40000 ALTER TABLE `tra_types` DISABLE KEYS */;
INSERT INTO `tra_types` VALUES (1,'Curso',1,'2015-05-22 15:29:56','0000-00-00 00:00:00',13),(2,'Taller',1,'2015-05-22 15:34:37','0000-00-00 00:00:00',13),(4,'Asesoría',1,'2015-05-25 14:36:02','0000-00-00 00:00:00',13),(5,'Aula Abierta',1,'2015-05-29 09:31:08','0000-00-00 00:00:00',35),(6,'Laboratorio Comunitario',1,'2015-06-17 14:33:56','0000-00-00 00:00:00',13);
/*!40000 ALTER TABLE `tra_types` ENABLE KEYS */;
UNLOCK TABLES;

--
-- Table structure for table `training`
--

DROP TABLE IF EXISTS `training`;
/*!40101 SET @saved_cs_client     = @@character_set_client */;
/*!40101 SET character_set_client = utf8 */;
CREATE TABLE `training` (
  `id` int(11) NOT NULL AUTO_INCREMENT,
  `code` varchar(50) NOT NULL,
  `description` text NOT NULL,
  `type_id` int(11) NOT NULL,
  `start_date` date NOT NULL,
  `end_date` date DEFAULT NULL,
  `user_id` int(11) NOT NULL,
  `current_state` int(11) NOT NULL COMMENT '1--> En curso  2--> Finalizada',
  `creation_date` datetime NOT NULL,
  `modification_date` timestamp NOT NULL DEFAULT CURRENT_TIMESTAMP ON UPDATE CURRENT_TIMESTAMP,
  PRIMARY KEY (`id`),
  KEY `type_id` (`type_id`),
  KEY `user_id` (`user_id`),
  CONSTRAINT `training_ibfk_1` FOREIGN KEY (`type_id`) REFERENCES `tra_types` (`id`) ON UPDATE CASCADE,
  CONSTRAINT `training_ibfk_3` FOREIGN KEY (`user_id`) REFERENCES `users` (`id_user`) ON UPDATE CASCADE
) ENGINE=InnoDB AUTO_INCREMENT=83 DEFAULT CHARSET=latin1;
/*!40101 SET character_set_client = @saved_cs_client */;

--
-- Dumping data for table `training`
--

LOCK TABLES `training` WRITE;
/*!40000 ALTER TABLE `training` DISABLE KEYS */;
INSERT INTO `training` VALUES (5,'FOAD2015-2','Es un proceso del Centro de Atención Especializado de Ciudad Don Bosco, en el cual se trabajará con menores de edad desvinculados las guerrillas del ELN y las FARC, los cuales fueron acogidos por el Estado con el fin de restituir sus derechos. ',1,'2015-06-04',NULL,24,1,'2015-06-02 10:19:39','0000-00-00 00:00:00'),(6,'FOMD2015-3','Mercadeo digital con emprendedores del Cedezo de Guayabal en la mediateca del parque biblioteca Guayabal, se realizarán 8 sesiones y como producto quedará una página web',1,'2015-06-02','2015-07-28',38,1,'2015-06-03 11:56:06','0000-00-00 00:00:00'),(7,'FOAD Y GEL2015-4','Curso en el aula digital de la Biblioteca con Amas de casa cercanas a la Biblioteca',1,'2015-05-16','2015-08-01',38,1,'2015-06-03 14:10:54','0000-00-00 00:00:00'),(8,'FOND2015-5','Taller de Narrativas Digitales dirigido a la comunidad de Villa Flora.',2,'2015-04-06','2015-06-03',42,2,'2015-06-04 14:17:41','0000-00-00 00:00:00'),(9,'FOAD Y GEL2015-6','Curso de alfabetización digital y gobierno en línea con adultos mayores del club de vida.',1,'2015-06-03','2015-08-05',15,1,'2015-06-05 10:23:53','0000-00-00 00:00:00'),(10,'FOAD Y GEL2015-6','Taller de alfabetización Digital para adultos',1,'2015-02-17','2015-06-04',42,2,'2015-06-09 14:54:47','2015-06-26 14:16:25'),(11,'FODM2015-7','Se realizó una asesoría de dispositivos móviles con las personas que participaron en el aula abierta de la IE.',4,'2015-06-02','2015-06-02',15,2,'2015-06-09 15:57:09','2015-06-09 20:59:58'),(12,'FOND2015-8','Taller de narrativas digitales (fotografía)',2,'2015-04-27','2015-07-01',17,1,'2015-06-10 11:05:26','0000-00-00 00:00:00'),(13,'FOND2015-9','Taller de fotografía con personas en situación de discapacidad de la fundación Alma Y vida',2,'2015-04-28','2015-06-09',38,2,'2015-06-10 11:17:52','0000-00-00 00:00:00'),(14,'FOAD Y GEL2015-10','Proceso piloto utilizando la nueva metodología de apropiación para sus procesos de formación. Se trabajarán temas de alfabetización digital, GEL y Narrativas digitales.\r\nPoblación: Víctimas de desplazamiento forzado\r\nObjetivo o \"Pretexto\": Rutas de la memoria\r\nProducto: Serie fotográfica en Power Point\r\n',1,'2015-04-24',NULL,17,1,'2015-06-10 14:52:48','0000-00-00 00:00:00'),(15,'FOND2015-11','Taller de Narrativas Digitales orientado a la fotografía, para los Líderes Comunitarios de la JAC Comuna 8 - Los Mangos, como herramienta de registro de las actividades que se realizan con la comunidad.',2,'2015-06-04',NULL,40,1,'2015-06-11 14:04:18','0000-00-00 00:00:00'),(16,'FOND2015-12','Narrativas digitales componente sonoro, se aborda el concepto básico del sonido, sus cualidades, utilización de la grabadora de sonido, ejercicios de grabación de contenidos, utilización de programas para generación de combinación de sonidos.',2,'2015-04-23','2015-06-18',20,2,'2015-06-12 16:03:45','2015-07-01 04:19:28'),(28,'FOAD Y GEL2015-24','Curso de Alfabetización Digital y Gobierno en Línea dirigido a adultos mayores de la comuna 15, que pretende desarrollar competencias digitales básicas en estos.',1,'2015-04-25','2015-06-06',43,2,'2015-06-16 08:01:43','0000-00-00 00:00:00'),(29,'FOHW2.02015-14','Taller de herramientas Web 2.0 dirigido a adultos mayores de la comuna 15, que pretende desarrollar en ellos competencias para el trabajo colaborativo en la Web.',2,'2015-05-09','2015-06-06',43,2,'2015-06-16 08:10:10','0000-00-00 00:00:00'),(30,'FODM2015-15','El día del cierre del curso de Web 2.0 con uno de los grupos del aula abierta, se destinó la primera parte del espacio para realizar asesorías en dispositivos móviles de forma individual a los integrantes del curso. En total fueron 10 personas que recibieron el acompañamiento.',4,'2015-06-04','2015-06-04',23,2,'2015-06-16 08:22:32','0000-00-00 00:00:00'),(31,'FOAD Y GEL2015-16','Alfabetización digital y GEL con adulto mayor',1,'2015-05-05','2015-07-14',38,1,'2015-06-16 13:18:21','0000-00-00 00:00:00'),(32,'FOAD Y GEL2015-17','Alfabetización Digital y GEL con adulto mayor',1,'2015-05-07','2015-07-16',38,1,'2015-06-16 13:26:32','0000-00-00 00:00:00'),(33,'FOND2015-18','El taller de Narrativas Digitales se desarrolla actualmente con 15 chicos y chicas en situación de discapacidad cognitiva que provienen de las diferentes comunas de Medellín y se agrupan en el centro  integrado para recibir diferentes tipos de acompañamientos y formaciones. Son 162 chicos en este lugar y la idea es desarrollar procesos continuos y que siempre haya un docente acompañando el espacio para que se empodere del conocimiento y pueda replicarlo',2,'2015-05-21',NULL,23,2,'2015-06-16 13:44:06','2015-07-06 18:47:33'),(34,'FOAD Y GEL2015-19','El curso de Alfabetización digital y Gobierno en línea inició en la biblioteca San javier la Loma como respuesta tanto a la demanda de la comunidad como a el diagnóstico del coordinador del lugar quien quiso que fortaleciéramos las competencias digitales básicas de aquellos habitantes del sector que desde hace un par de meses estaban a la espera de la oferta de cursos por parte de la biblioteca.',1,'2015-06-02',NULL,23,1,'2015-06-16 13:49:44','0000-00-00 00:00:00'),(35,'FOGEL2015-20','El taller de Gobierno en línea con líderes comunitarios surge como propuesta de la dinamizadora del telecentro la amistad villa Sofía en tanto es importante que estas cabezas reconocibles de la comunidad tengan herramientas para direccionar a los habitantes  según algunas necesidades específicas en relación a los diferentes trámites y servicios en línea del estado.',2,'2015-06-09',NULL,23,1,'2015-06-16 13:58:39','0000-00-00 00:00:00'),(36,'FOND2015-21','Formación en laboratorios Comunitarios a través del proceso EDULABS, desarrollado en las Instalaciones del Medialab de la Universidad EAFIT, formación en comunicación, programación e impresión 3D',6,'2015-03-20','2015-06-05',38,2,'2015-06-17 08:35:18','2015-06-18 13:38:45'),(37,'FOND2015-22','Formación en laboratorios Comunitarios a través del proceso EDULABS, desarrollado en las Instalaciones del Medialab de la Universidad EAFIT, formación en comunicación, programación e impresión 3D.',6,'2015-03-20','2015-06-05',38,2,'2015-06-17 09:12:54','2015-06-18 13:39:47'),(38,'FOND2015-23','Taller de Narrativas Digitales dirigido a los chicos usuarios del Telecentro Altavista y del Punto de Navegación de la Casa de Gobierno Altavista.',2,'2015-06-11',NULL,43,1,'2015-06-17 10:25:35','0000-00-00 00:00:00'),(39,'FOND2015-24','Taller De Narrativas Digitales aplicando la técnica de Stop Motion para acompañar las vacaciones creativas del Parque Biblioteca.',2,'2015-06-10','2015-06-11',38,2,'2015-06-17 10:35:51','0000-00-00 00:00:00'),(40,'FOAD Y GEL2015-25','Proceso piloto usandoi la nueva metodología, que articula contenidos de alfabetización digital, GEL, narrativas digitales y herramientas Web 2.0, con un grupo de mujeres.\r\nObjetivo o \"pretexto\": El territorio que habitamos\r\nPúblico: Adultos (mujeres principalmente)\r\nProducto: Galería web de foto reportajes ',1,'2015-04-24',NULL,17,1,'2015-06-17 11:07:35','0000-00-00 00:00:00'),(41,'FOND2015-26','Creación del Laboratorio Audiovisual de la institución con jóvenes estudiantes de 8° grado.',6,'2015-04-29',NULL,17,1,'2015-06-17 15:06:30','0000-00-00 00:00:00'),(42,'FOND2015-27','Taller de narrativas digitales (fotografía) con niños en situación de vulnerabilidad atendidos de la Fundación Munay.',2,'2015-04-14',NULL,17,1,'2015-06-18 10:34:09','0000-00-00 00:00:00'),(43,'FOND2015-28','Taller de narrativas digitales (fotografía) con jóvenes en situación de vulnerabilidad atendidos de la Fundación Munay.',2,'2015-04-14',NULL,17,1,'2015-06-18 10:35:50','0000-00-00 00:00:00'),(44,'FOND2015-29','Taller de narrativas digitales con adultos y adultos mayores.',2,'2015-05-13','2015-06-10',15,2,'2015-06-19 11:02:52','0000-00-00 00:00:00'),(45,'FOAD Y GEL2015-30','Curso de alfabetización digital y gobierno en línea con emprendedores.',1,'2015-03-25','2015-06-03',15,2,'2015-06-19 20:23:17','0000-00-00 00:00:00'),(46,'FOAD Y GEL2015-31','Curso de alfabetización digital y gobierno en línea con emprendedores y emprendedoras de la comuna 16.',1,'2015-04-24','2015-07-10',15,1,'2015-06-22 14:26:00','0000-00-00 00:00:00'),(47,'FOGEL2015-32','Taller de Gobierno en línea Comunidad y Jóvenes, para los empleados de la biblioteca.',2,'2015-06-12',NULL,40,1,'2015-06-22 16:19:51','0000-00-00 00:00:00'),(48,'FOAD Y GEL2015-33','Curso de Alfabetización Digital y Gobierno en Línea, para la comunidad que asiste al programa Por Mis Derechos, este curso se realiza en el aula de informática del Palacio de la Cultura Rafael Uribe Uribe.',1,'2015-06-17',NULL,40,1,'2015-06-22 17:04:15','0000-00-00 00:00:00'),(49,'FOND2015-34','Proyecto EDULABS que se realiza en articulación con la Universidad EAFIT, con el fin de capacitar a estudiantes de 8 colegios de Medellín en las áreas de Comunicación, Programación e Impresión 3D.',6,'2015-03-20','2015-06-05',40,2,'2015-06-23 13:42:18','0000-00-00 00:00:00'),(50,'FOND2015-35','Se convocó un grupo de niños y niñas en el Punto Vive Digital de San Cristóbal con el propósito de realizar un taller donde se vinculara la creación manual, en este caso la tarjeta del día del padre en origami, a la realización de un Stop Motión a al vez que los niños y niñas debían buscar el tutorial en you tube para elaborar los pasos de la tarteja.',2,'2015-06-13','2015-06-13',23,2,'2015-06-23 14:04:21','0000-00-00 00:00:00'),(51,'FOGEL2015-36','Se realiza asesoría en Gobierno en Línea a usuaria en el Punto de Navegación',4,'2015-06-16','2015-06-16',40,2,'2015-06-23 14:58:13','0000-00-00 00:00:00'),(52,'FOND2015-37','Taller de narrativas digitales-fotografía con personas en situación de discapacidad.',2,'2015-05-27','2015-06-24',15,2,'2015-06-24 11:26:30','0000-00-00 00:00:00'),(53,'FOGEL2015-38','Se inicia formación en Gobierno en línea con la secretaría de Gobierno a través del programa jóvenes por la vida en el sector La loma. Serán un grupo de aproximadamente 60 jóvenes para formar. En este caso, iniciamos el taller con los primeros 14 en la Biblioteca PP la loma, posteriormente se realizará con otros subgrupos tanto en  la loma como en el sector de San Cristóbal en asocio con el PVD.',2,'2015-06-18','2015-06-18',23,1,'2015-06-24 11:57:19','0000-00-00 00:00:00'),(54,'FOND2015-39','Se realizó taller de narrativas digitales Fotografía en el Telecentro Moscú con adultos. ',2,'2015-04-23','2015-06-28',41,2,'2015-06-24 15:42:11','0000-00-00 00:00:00'),(55,'FOND2015-40','Narrativas digitales componente sonoro, se aborda el concepto básico del sonido, sus cualidades, utilización de la grabadora de sonido, ejercicios de grabación de contenidos, utilización de programas para generación de combinación de sonidos.',2,'2015-06-16','2015-06-26',20,2,'2015-06-24 16:18:37','2015-07-01 04:20:09'),(56,'FOHW2.02015-41','Curso web 2.0 ',1,'2015-04-29','2015-06-10',41,2,'2015-06-24 16:33:10','0000-00-00 00:00:00'),(57,'FOAD2015-42','Curso de alfabetización digital para personas en situación de discapacidad; es una formación realizada conjuntamente por funcionarios de la biblioteca y la gestora de cultura digital del programa MCI. ',1,'2015-06-18',NULL,20,1,'2015-06-24 16:43:02','2015-06-26 16:45:58'),(58,'FOHW2.02015-43','Se realizó curso de herramientas web 2.0 para adultos mayores de la biblioteca Campo Valdés con la facilitación de una gestora tic perteneciente a la comuna 4 del programa presupuesto participativo y estudiante del Pascual Bravo. ',1,'2015-05-05','2015-06-26',41,2,'2015-06-25 16:15:53','0000-00-00 00:00:00'),(59,'FOND2015-44','En este sitio actualmente se está implementando un taller de narrativas sonoras con el objetivo de fortalecer las habilidades de los niños y niñas de la fundación en el manejo de herramientas digitales que les permitan acercarse a la producción de contenidos en este caso radiales.',2,'2015-03-24',NULL,41,1,'2015-06-25 17:10:11','0000-00-00 00:00:00'),(60,'FODM2015-45','Se acompañó el grupo de Alfabetización Digital, en este caso 6 personas mediante la asesoría personalizada del manejo de algunas funciones de sus propios dispositivos móviles. Ellos solicitaron encuentros periódicos siquiera una vez al mes para continuar con la exploración y aprendizaje del uso de dichos dispositivos. Trabajamos tanto con celulares flecha como con smart phone. ',4,'2015-06-24','2015-06-24',23,2,'2015-06-26 08:04:11','0000-00-00 00:00:00'),(61,'FOND2015-46','Se realizó un taller de Stop motion con los niños y niñas de la Biblioteca San sebastian de palmitas a través de la construcción de una granja con plastilina en donde cada uno de ellos y ellas asumía diferentes roles: Todos realizaron figuras, algunos hicieron el stop motion, otros aportaron la voz para el video, otros crearon el escenario para la granja y entre todos lograron el producto final',2,'2015-06-25','2015-06-25',23,2,'2015-06-26 08:53:46','0000-00-00 00:00:00'),(62,'FOHW2.02015-47','Taller de Herramientas Web 2.0 dictado a adultos mayores en el Aula Abierta de la institución Educativa',5,'2015-03-05','2015-06-04',24,2,'2015-06-26 09:35:24','0000-00-00 00:00:00'),(63,'FOND2015-48','Taller de Narrativas Digitales, se realizaron investigaciones de los sitios más reconocidos en el sector, cada estudiante eligió un sitio al cual le realizaron una investigación utilizando la salida de campo y recolección de datos. ',2,'2015-02-24','2015-06-10',24,2,'2015-06-26 11:47:43','0000-00-00 00:00:00'),(64,'FOAD2015-49','Taller de Excel básico para emprendedores',2,'2015-06-25',NULL,42,1,'2015-06-26 15:01:34','0000-00-00 00:00:00'),(65,'FOND2015-50','Se realizó un taller de stop motion con niños y niñas entre los 9 y 12 años, fue una jornada en la que los chicos pudieron sacar su creatividad inventando historias y luego generando una corta animación.',2,'2015-06-20','2015-06-20',15,2,'2015-06-30 16:09:43','0000-00-00 00:00:00'),(66,'FOND2015-51','Taller de experimentación sonora a través de la electrónica. ',2,'2015-06-22','2015-06-26',43,2,'2015-06-30 16:38:12','0000-00-00 00:00:00'),(67,'FOND2015-52','Se desarrolló un proceso de formación con estudiantes de la I.E  que se llevó a cabo en la Universidad Eafit en relación a los componentes de Comunicación, programación e impresión 3D y tuvo una duración de 10 sesiones.',6,'2015-03-20','2015-06-05',23,2,'2015-06-30 16:51:58','0000-00-00 00:00:00'),(68,'FOND2015-53','Formación a estudiantes de ocho instituciones educativas de la ciudad, está fue dictada por estudiantes del último semestre de la carrera de Comunicación Social de Eafit. ',6,'2015-03-20','2015-06-05',24,2,'2015-06-30 17:00:48','0000-00-00 00:00:00'),(69,'FOND2015-54','Taller de animación infantil Stop Motion a cargo de la Corporación Línea de Tiempo.',2,'2015-06-27','2015-06-27',17,2,'2015-06-30 17:14:03','0000-00-00 00:00:00'),(70,'FOND2015-55','Formación a estudiantes de ocho instituciones educativas de la ciudad, está fue dictada por estudiantes del último semestre de la carrera de Comunicación Social de Eafit. ',6,'2015-03-20','2015-06-05',24,2,'2015-06-30 17:33:34','0000-00-00 00:00:00'),(71,'FOND2015-56','Formación a estudiantes de ocho instituciones educativas de la ciudad, está fue dictada por estudiantes del último semestre de la carrera de Comunicación Social de Eafit. ',6,'2015-03-20','2015-06-05',24,2,'2015-06-30 20:32:15','0000-00-00 00:00:00'),(72,'FOND2015-57','Formación a estudiantes de ocho instituciones educativas de la ciudad, está fue dictada por estudiantes del último semestre de la carrera de Comunicación Social de Eafit.',6,'2015-06-20','2015-06-05',24,2,'2015-06-30 20:58:52','0000-00-00 00:00:00'),(73,'FOAD Y GEL2015-58','Curso de Alfabetización Digital y Gobierno en línea, a está aula abierta llegan diversos tipos de población entre los que encontramos a adultos mayores y personas en situación de discapacidad, las cuales utilizan el Kit de Inclusión Digital.',5,'2015-05-05','2015-06-09',24,2,'2015-06-30 21:25:50','0000-00-00 00:00:00'),(74,'FOND2015-59','Se realizó el taller de narrativas digitales con adultos mayores, orientado por una voluntaria, estudiante de comunicación gráfica y publicitaria.',2,'2015-05-01','2015-07-19',46,2,'2015-07-01 08:00:50','0000-00-00 00:00:00'),(75,'FOAD Y GEL2015-60','Curso de Alfabetizaciòn Digital y Gobierno en Línea dirigido a emprendedores.',1,'2015-03-19','2015-06-26',10,2,'2015-07-01 08:12:36','2015-07-01 14:19:31'),(76,'FOAD Y GEL2015-61','Curso de Alfabetización Digital y Gobierno en línea, dirigido a Adultos.\r\n',1,'2015-02-10','2015-06-12',10,2,'2015-07-01 09:19:04','2015-07-01 14:24:09'),(77,'FOAD Y GEL2015-62','Curso de Alfabetización Digital y Gobierno en línea dirigido a adultos.\r\n',1,'2015-04-13','2015-06-11',10,2,'2015-07-01 09:23:22','0000-00-00 00:00:00'),(78,'FOND2015-63','El Taller de Stop Motion tuvo la participación de veintiséis niños y niñas de la comuna 6 de la ciudad, fue dictado por la corporación Línea de Tiempo en el Parque Biblioteca Doce de Octubre.   ',2,'2015-07-04','2015-07-04',24,2,'2015-07-06 14:25:47','0000-00-00 00:00:00'),(79,'FOMD2015-64','Este taller tiene como objetivo que los emprendedores comprendan los conceptos asociados con la web y el mercadeo digital, llevándolos a la práctica con el fin de potencializar su negocio.',2,'2015-05-22',NULL,43,1,'2015-07-08 08:48:45','0000-00-00 00:00:00'),(80,'FOGEL2015-65','Activación o toma del sitio, con asesorías individuales de Gobierno y trámites en línea en el punto de navegación, inscripción de personas para procesos de formación y divulgación de la red Wifi existente en el sitio.',4,'2015-07-08','2015-07-08',38,2,'2015-07-08 15:03:06','0000-00-00 00:00:00'),(81,'FOAD Y GEL2015-66','Curso de alfabetización Digital y gobierno en línea con adultos mayores, es dictado por un Gestor TIC de la comuna.',1,'2015-05-23','2015-07-25',15,1,'2015-07-08 16:45:38','0000-00-00 00:00:00'),(82,'FOND2015-67','Taller de animacion stop motion con la corporacion linea de tiempo, para niños entre los 9 y los 15 años',2,'2015-07-11','2015-07-11',38,2,'2015-07-11 10:29:43','0000-00-00 00:00:00');
/*!40000 ALTER TABLE `training` ENABLE KEYS */;
UNLOCK TABLES;

--
-- Table structure for table `training_per_trainers`
--

DROP TABLE IF EXISTS `training_per_trainers`;
/*!40101 SET @saved_cs_client     = @@character_set_client */;
/*!40101 SET character_set_client = utf8 */;
CREATE TABLE `training_per_trainers` (
  `per_trainer_id` int(11) NOT NULL,
  `training_id` int(11) NOT NULL,
  KEY `per_trainer_id` (`per_trainer_id`),
  KEY `training_id` (`training_id`),
  CONSTRAINT `training_per_trainers_ibfk_1` FOREIGN KEY (`per_trainer_id`) REFERENCES `per_trainers` (`id`) ON UPDATE CASCADE,
  CONSTRAINT `training_per_trainers_ibfk_2` FOREIGN KEY (`training_id`) REFERENCES `training` (`id`) ON UPDATE CASCADE
) ENGINE=InnoDB DEFAULT CHARSET=latin1;
/*!40101 SET character_set_client = @saved_cs_client */;

--
-- Dumping data for table `training_per_trainers`
--

LOCK TABLES `training_per_trainers` WRITE;
/*!40000 ALTER TABLE `training_per_trainers` DISABLE KEYS */;
INSERT INTO `training_per_trainers` VALUES (9,5),(7,6),(11,7),(5,8),(13,9),(14,9),(5,10),(1,11),(6,12),(7,13),(6,14),(2,15),(6,16),(10,16),(3,29),(4,30),(16,31),(14,32),(4,33),(4,34),(4,35),(7,36),(7,37),(3,38),(7,39),(3,39),(6,40),(6,41),(6,42),(6,43),(1,44),(18,45),(17,45),(13,46),(19,46),(2,47),(2,48),(2,49),(4,50),(2,51),(1,52),(4,53),(21,54),(10,55),(21,56),(10,57),(22,58),(21,59),(20,59),(4,60),(4,61),(25,62),(29,57),(30,57),(28,63),(5,64),(32,65),(3,66),(4,67),(9,68),(32,69),(9,70),(9,71),(9,72),(9,73),(34,28),(35,74),(37,75),(8,76),(37,77),(32,78),(3,79),(7,80),(1,80),(3,80),(1,81),(42,81),(7,82);
/*!40000 ALTER TABLE `training_per_trainers` ENABLE KEYS */;
UNLOCK TABLES;

--
-- Table structure for table `upload`
--

DROP TABLE IF EXISTS `upload`;
/*!40101 SET @saved_cs_client     = @@character_set_client */;
/*!40101 SET character_set_client = utf8 */;
CREATE TABLE `upload` (
  `id` int(11) NOT NULL AUTO_INCREMENT,
  `name` varchar(500) NOT NULL,
  `size` int(11) NOT NULL,
  `ext` varchar(10) NOT NULL,
  `tags` varchar(2000) DEFAULT NULL,
  `meta` text,
  `url` varchar(500) NOT NULL,
  `session_id` int(11) DEFAULT NULL,
  `user_id` int(11) NOT NULL,
  `creation_date` datetime DEFAULT NULL,
  `modification_date` timestamp NOT NULL DEFAULT CURRENT_TIMESTAMP,
  PRIMARY KEY (`id`),
  UNIQUE KEY `nombre` (`name`),
  KEY `session_id` (`session_id`),
  CONSTRAINT `upload_ibfk_1` FOREIGN KEY (`session_id`) REFERENCES `tra_session` (`id`) ON UPDATE CASCADE
) ENGINE=InnoDB DEFAULT CHARSET=latin1;
/*!40101 SET character_set_client = @saved_cs_client */;

--
-- Dumping data for table `upload`
--

LOCK TABLES `upload` WRITE;
/*!40000 ALTER TABLE `upload` DISABLE KEYS */;
/*!40000 ALTER TABLE `upload` ENABLE KEYS */;
UNLOCK TABLES;

--
-- Table structure for table `users`
--

DROP TABLE IF EXISTS `users`;
/*!40101 SET @saved_cs_client     = @@character_set_client */;
/*!40101 SET character_set_client = utf8 */;
CREATE TABLE `users` (
  `id_user` int(11) NOT NULL AUTO_INCREMENT,
  `username` varchar(45) NOT NULL,
  `password` varchar(45) NOT NULL,
  `permission_level` int(11) NOT NULL,
  `agent_id` int(11) NOT NULL,
  `user_estado` varchar(45) NOT NULL,
  `creation_date` datetime NOT NULL,
  `modification_date` timestamp NOT NULL DEFAULT '0000-00-00 00:00:00' ON UPDATE CURRENT_TIMESTAMP,
  `user_id` int(11) NOT NULL,
  PRIMARY KEY (`id_user`),
  UNIQUE KEY `agent_id_UNIQUE` (`agent_id`),
  CONSTRAINT `users_ibfk_2` FOREIGN KEY (`agent_id`) REFERENCES `agents` (`id_agent`) ON DELETE NO ACTION ON UPDATE NO ACTION
) ENGINE=InnoDB AUTO_INCREMENT=49 DEFAULT CHARSET=latin1;
/*!40101 SET character_set_client = @saved_cs_client */;

--
-- Dumping data for table `users`
--

LOCK TABLES `users` WRITE;
/*!40000 ALTER TABLE `users` DISABLE KEYS */;
INSERT INTO `users` VALUES (0,'No Asignado','5f1fd5e8cd67a034fcd575b28fcbfa8409a92503',1,0,'Activo','2015-04-06 12:08:34','2015-04-16 14:36:03',12),(10,'camilo.parra','21f7446d2fb591912baf762122d3b3b830443f46',2,7,'Inactivo','0000-00-00 00:00:00','0000-00-00 00:00:00',0),(12,'johana','5f1fd5e8cd67a034fcd575b28fcbfa8409a92503',1,30,'Activo','0000-00-00 00:00:00','0000-00-00 00:00:00',0),(13,'juana.fuentes','a5be7ab2389a80eb9e1d9714b85a13fd05902f50',1,27,'Activo','0000-00-00 00:00:00','0000-00-00 00:00:00',0),(14,'carolina.agudelo','22e624cca4ff11276683acac64efaf628571d4e9',1,8,'Activo','0000-00-00 00:00:00','0000-00-00 00:00:00',0),(15,'cindy.jaramillo','e224021c99cad97bec771308e1c6e9e652207ae0',2,17,'Activo','0000-00-00 00:00:00','0000-00-00 00:00:00',0),(16,'juan.perez','c46131bb37a9b6279605929cca4c083a63c177ff',2,16,'Activo','0000-00-00 00:00:00','0000-00-00 00:00:00',0),(17,'alejandro.marin ','3f93720fea243e2f6a51c2a461083e13871fe0ba',2,9,'Activo','0000-00-00 00:00:00','0000-00-00 00:00:00',0),(18,'amelia.caro','e9bf401f2843e4e806ff8d92d0fabf6892382a0d',2,10,'Activo','0000-00-00 00:00:00','0000-00-00 00:00:00',0),(19,'catalina.durango','4ea5b8acaae27b889bd8656a984eadef67c5f7a1',2,15,'Inactivo','0000-00-00 00:00:00','0000-00-00 00:00:00',0),(20,'clara.arias','f99c44f212261eed523e8c8b8362fbbd78b392d4',2,18,'Activo','0000-00-00 00:00:00','0000-00-00 00:00:00',0),(21,'johana.higuita','1a03fac7c8a79add13577b728ddf596a67a4e0e9',2,11,'Activo','0000-00-00 00:00:00','0000-00-00 00:00:00',0),(22,'rosa.perez','ed791b9bffcda930da33b93baebca2913f580186',2,5,'Activo','0000-00-00 00:00:00','0000-00-00 00:00:00',0),(23,'maria.diaz','28914257c0fce7019b555c21e69c9009d443a6b1',2,13,'Activo','0000-00-00 00:00:00','0000-00-00 00:00:00',0),(24,'monica.castaneda','81538eb39372e3b2efd481bba73c05796b310b64',2,14,'Activo','0000-00-00 00:00:00','0000-00-00 00:00:00',0),(26,'bibiana','6303a1e436d3eb7336a6afad4bf481d3ccd977d1',3,20,'Inactivo','0000-00-00 00:00:00','0000-00-00 00:00:00',0),(35,'gabriel.atehortua','956ab4c2e49bdb275278c54ac5eeb8e6c30dbe0f',1,28,'Activo','0000-00-00 00:00:00','2015-03-16 15:08:08',0),(36,'jorge.ocampo','57a258348bb3eb069e6d65ecfa309d9791eee103',3,29,'Activo','0000-00-00 00:00:00','0000-00-00 00:00:00',0),(37,'agustin.patino','6abd8104c4d9c0d969c66f66abff1a1dda9f4b41',2,25,'Activo','0000-00-00 00:00:00','0000-00-00 00:00:00',0),(38,'christian.vasquez','5f1fd5e8cd67a034fcd575b28fcbfa8409a92503',2,26,'Activo','0000-00-00 00:00:00','0000-00-00 00:00:00',0),(39,'juan.urrea','e0213acd10381a11172b2c0308538f5045a0b2f3',2,31,'Activo','0000-00-00 00:00:00','0000-00-00 00:00:00',0),(40,'juliana.mazo','05f32785c301b96114df80ca4f88794db08dc79c',2,32,'Activo','2015-03-04 16:13:23','0000-00-00 00:00:00',13),(41,'liseth.henao','684f0e7eafe80e8bffc9eca5c6c15585093b992a',2,34,'Activo','2015-03-04 16:14:04','0000-00-00 00:00:00',13),(42,'maria.mesa','cfbbab34389583a26153bd7e6665360bcedf695e',2,33,'Activo','2015-03-04 16:15:22','0000-00-00 00:00:00',13),(43,'maria.yepes','99cd402473a56f08f44d20ca979fadfd0e9ccebf',2,35,'Activo','2015-03-09 08:20:14','0000-00-00 00:00:00',12),(44,'cristina.guisao','b73ae5dc11cd73812e4e52db4ebae5e6152c8977',2,36,'Activo','2015-04-06 12:08:34','0000-00-00 00:00:00',35),(46,'oriana.zapata','60fb1a0437e27e2acf74c9081c4362ea1c67aa43',2,37,'Activo','2015-06-10 10:51:11','0000-00-00 00:00:00',35),(47,'paula.ramirez','2a3cc60f8c4fed42813fad0d2bbfdad530defd91',3,38,'Activo','2015-06-12 14:59:00','0000-00-00 00:00:00',35),(48,'miguel.pastas','236e737547d35576d564dc09c0f46d2248ae1bfb',3,39,'Activo','2015-06-16 14:34:56','0000-00-00 00:00:00',35);
/*!40000 ALTER TABLE `users` ENABLE KEYS */;
UNLOCK TABLES;

--
-- Table structure for table `zones`
--

DROP TABLE IF EXISTS `zones`;
/*!40101 SET @saved_cs_client     = @@character_set_client */;
/*!40101 SET character_set_client = utf8 */;
CREATE TABLE `zones` (
  `id_zone` int(11) NOT NULL AUTO_INCREMENT,
  `zone_name` varchar(45) NOT NULL,
  `creation_date` datetime NOT NULL,
  `modification_date` timestamp NOT NULL DEFAULT '0000-00-00 00:00:00' ON UPDATE CURRENT_TIMESTAMP,
  `user_id` int(11) NOT NULL,
  PRIMARY KEY (`id_zone`),
  UNIQUE KEY `zone_name_UNIQUE` (`zone_name`),
  KEY `user_id` (`user_id`),
  CONSTRAINT `zones_ibfk_2` FOREIGN KEY (`user_id`) REFERENCES `users` (`id_user`) ON UPDATE CASCADE
) ENGINE=InnoDB AUTO_INCREMENT=6 DEFAULT CHARSET=latin1;
/*!40101 SET character_set_client = @saved_cs_client */;

--
-- Dumping data for table `zones`
--

LOCK TABLES `zones` WRITE;
/*!40000 ALTER TABLE `zones` DISABLE KEYS */;
INSERT INTO `zones` VALUES (1,'1','0000-00-00 00:00:00','0000-00-00 00:00:00',0),(2,'2','0000-00-00 00:00:00','0000-00-00 00:00:00',0),(3,'3','0000-00-00 00:00:00','0000-00-00 00:00:00',0),(4,'4','0000-00-00 00:00:00','0000-00-00 00:00:00',0),(5,'Todas','0000-00-00 00:00:00','0000-00-00 00:00:00',0);
/*!40000 ALTER TABLE `zones` ENABLE KEYS */;
UNLOCK TABLES;
/*!40103 SET TIME_ZONE=@OLD_TIME_ZONE */;

/*!40101 SET SQL_MODE=@OLD_SQL_MODE */;
/*!40014 SET FOREIGN_KEY_CHECKS=@OLD_FOREIGN_KEY_CHECKS */;
/*!40014 SET UNIQUE_CHECKS=@OLD_UNIQUE_CHECKS */;
/*!40101 SET CHARACTER_SET_CLIENT=@OLD_CHARACTER_SET_CLIENT */;
/*!40101 SET CHARACTER_SET_RESULTS=@OLD_CHARACTER_SET_RESULTS */;
/*!40101 SET COLLATION_CONNECTION=@OLD_COLLATION_CONNECTION */;
/*!40111 SET SQL_NOTES=@OLD_SQL_NOTES */;

-- Dump completed on 2015-07-13  9:12:11
